invoice_id,customer_code,product_code,quantity,unit_price,row_id,revenue,date,weekday,weekday_num,year_month
3,customer1,879200,10.0,950000.0,1,9500000.0,2025-03-30,Sunday,6,2025-03
3,customer1,879193,8.0,1400000.0,2,11200000.0,2025-03-30,Sunday,6,2025-03
3,customer1,879516052,5.0,450000.0,3,2250000.0,2025-03-30,Sunday,6,2025-03
5,customer3,115,4.0,70000.0,1,280000.0,2025-04-01,Tuesday,1,2025-04
5,customer3,855341113,1.0,617000.0,2,617000.0,2025-04-01,Tuesday,1,2025-04
5,customer3,855341805,1.0,2750000.0,3,2750000.0,2025-04-01,Tuesday,1,2025-04
5,customer3,160,2.0,48000000.0,4,96000000.0,2025-04-01,Tuesday,1,2025-04
5,customer3,118,12.0,60000.0,5,720000.0,2025-04-01,Tuesday,1,2025-04
5,customer3,855321201,2.0,32000.0,6,64000.0,2025-04-01,Tuesday,1,2025-04
5,customer3,855121104,2.0,1250000.0,7,2500000.0,2025-04-01,Tuesday,1,2025-04
5,customer3,256,4.0,250000.0,8,1000000.0,2025-04-01,Tuesday,1,2025-04
5,customer3,855321105,5.0,40000.0,9,200000.0,2025-04-01,Tuesday,1,2025-04
5,customer3,855121404,2.0,2500000.0,10,5000000.0,2025-04-01,Tuesday,1,2025-04
5,customer3,641522,2.0,3500000.0,11,7000000.0,2025-04-01,Tuesday,1,2025-04
5,customer3,470,4.0,3300000.0,12,13200000.0,2025-04-01,Tuesday,1,2025-04
5,customer3,611,2.0,500000.0,13,1000000.0,2025-04-01,Tuesday,1,2025-04
5,customer3,646,1.0,2700000.0,14,2700000.0,2025-04-01,Tuesday,1,2025-04
5,customer3,647,4.0,2200000.0,15,8800000.0,2025-04-01,Tuesday,1,2025-04
5,customer3,855121162,4.0,1100000.0,16,4400000.0,2025-04-01,Tuesday,1,2025-04
5,customer3,641642,2.0,3600000.0,17,7200000.0,2025-04-01,Tuesday,1,2025-04
5,customer3,1233,2.0,450000.0,18,900000.0,2025-04-01,Tuesday,1,2025-04
5,customer3,855121235,2.0,1050000.0,19,2100000.0,2025-04-01,Tuesday,1,2025-04
5,customer3,855121402,4.0,1500000.0,20,6000000.0,2025-04-01,Tuesday,1,2025-04
5,customer3,819161025,32.0,411730.0,21,13175360.0,2025-04-01,Tuesday,1,2025-04
5,customer3,879163,3.0,3400000.0,22,10200000.0,2025-04-01,Tuesday,1,2025-04
5,customer3,879164,4.0,2600000.0,23,10400000.0,2025-04-01,Tuesday,1,2025-04
5,customer3,879177,2.0,6000000.0,24,12000000.0,2025-04-01,Tuesday,1,2025-04
5,customer3,879001,2.0,6000000.0,25,12000000.0,2025-04-01,Tuesday,1,2025-04
5,customer3,879516116,1.5,1400000.0,26,2100000.0,2025-04-01,Tuesday,1,2025-04
6,customer4,879516186,1.0,447000000.0,1,447000000.0,2025-04-07,Monday,0,2025-04
6,customer4,149,1.0,45000000.0,2,45000000.0,2025-04-07,Monday,0,2025-04
7,customer5,819141020,16.0,291720.0,1,4667520.0,2025-04-07,Monday,0,2025-04
7,customer5,855321101,10.0,33330.0,2,333300.0,2025-04-07,Monday,0,2025-04
7,customer5,855321301,10.0,43890.0,3,438900.0,2025-04-07,Monday,0,2025-04
7,customer5,341901,1.0,654000.0,4,654000.0,2025-04-07,Monday,0,2025-04
7,customer5,1199,10.0,50000.0,5,500000.0,2025-04-07,Monday,0,2025-04
8,customer5,819141020,20.0,291720.0,1,5834400.0,2025-04-05,Saturday,5,2025-04
9,customer6,855141504,1.0,2587420.0,1,2587420.0,2025-04-07,Monday,0,2025-04
9,customer6,807261401,29.0,22330.0,2,647570.0,2025-04-07,Monday,0,2025-04
9,customer6,641412,1.0,5570400.0,3,5570400.0,2025-04-07,Monday,0,2025-04
9,customer6,747,3.0,950000.0,4,2850000.0,2025-04-07,Monday,0,2025-04
9,customer6,516,1.0,1500000.0,5,1500000.0,2025-04-07,Monday,0,2025-04
9,customer6,855162642,2.0,1860320.0,6,3720640.0,2025-04-07,Monday,0,2025-04
9,customer6,855161302,6.0,1813570.0,7,10881420.0,2025-04-07,Monday,0,2025-04
9,customer6,855161102,2.0,1139050.0,8,2278100.0,2025-04-07,Monday,0,2025-04
9,customer6,371016,212.0,24310.0,9,5153720.0,2025-04-07,Monday,0,2025-04
9,customer6,371020,28.0,30800.0,10,862400.0,2025-04-07,Monday,0,2025-04
9,customer6,855311138,2.0,18185860.0,11,36371720.0,2025-04-07,Monday,0,2025-04
9,customer6,641642,1.0,3277890.0,12,3277890.0,2025-04-07,Monday,0,2025-04
9,customer6,641436,2.0,10216690.0,13,20433380.0,2025-04-07,Monday,0,2025-04
9,customer6,855121142,2.0,960190.0,14,1920380.0,2025-04-07,Monday,0,2025-04
9,customer6,323035,1.0,7851690.0,15,7851690.0,2025-04-07,Monday,0,2025-04
9,customer6,855121235,3.0,886490.0,16,2659470.0,2025-04-07,Monday,0,2025-04
9,customer6,855121432,2.0,2409880.0,17,4819760.0,2025-04-07,Monday,0,2025-04
9,customer6,855311134,2.0,9182360.0,18,18364720.0,2025-04-07,Monday,0,2025-04
9,customer6,855121906,3.0,1159840.0,19,3479520.0,2025-04-07,Monday,0,2025-04
9,customer6,417,3.0,700000.0,20,2100000.0,2025-04-07,Monday,0,2025-04
9,customer6,855141104,1.0,1634930.0,21,1634930.0,2025-04-07,Monday,0,2025-04
9,customer6,855162410,3.0,1789150.0,22,5367450.0,2025-04-07,Monday,0,2025-04
9,customer6,92632,1.8,1404150.0,23,2527470.0,2025-04-07,Monday,0,2025-04
9,customer6,807311119,8.0,259380.0,24,2075040.0,2025-04-07,Monday,0,2025-04
9,customer6,807311125,1.0,320100.0,25,320100.0,2025-04-07,Monday,0,2025-04
9,customer6,855163402,4.0,2631200.0,26,10524800.0,2025-04-07,Monday,0,2025-04
9,customer6,323065,1.0,11018700.0,27,11018700.0,2025-04-07,Monday,0,2025-04
9,customer6,807311110,5.0,56760.0,28,283800.0,2025-04-07,Monday,0,2025-04
9,customer6,813121020,65.5,533830.0,29,34965865.0,2025-04-07,Monday,0,2025-04
9,customer6,855161710,4.0,1154230.0,30,4616920.0,2025-04-07,Monday,0,2025-04
9,customer6,855162402,23.0,1307680.0,31,30076640.0,2025-04-07,Monday,0,2025-04
9,customer6,855141502,3.0,1864830.0,32,5594490.0,2025-04-07,Monday,0,2025-04
9,customer6,855121102,6.0,572550.0,33,3435300.0,2025-04-07,Monday,0,2025-04
9,customer6,807311113,2.0,107030.0,34,214060.0,2025-04-07,Monday,0,2025-04
9,customer6,813121016,309.0,301730.0,35,93234570.0,2025-04-07,Monday,0,2025-04
10,customer7,807261401,300.0,24640.0,1,7392000.0,2025-04-10,Thursday,3,2025-04
10,customer7,819161020,280.0,258280.0,2,72318400.0,2025-04-10,Thursday,3,2025-04
10,customer7,546,100.0,52360.0,3,5236000.0,2025-04-10,Thursday,3,2025-04
10,customer7,371020,100.0,41470.0,4,4147000.0,2025-04-10,Thursday,3,2025-04
10,customer7,861645151,10.0,1600060.0,5,16000600.0,2025-04-10,Thursday,3,2025-04
10,customer7,855341201,20.0,680020.0,6,13600400.0,2025-04-10,Thursday,3,2025-04
10,customer7,855321301,250.0,43890.0,7,10972500.0,2025-04-10,Thursday,3,2025-04
10,customer7,855321101,360.0,33330.0,8,11998800.0,2025-04-10,Thursday,3,2025-04
10,customer7,855341101,20.0,414920.0,9,8298400.0,2025-04-10,Thursday,3,2025-04
10,customer7,861645155,10.0,2375560.0,10,23755600.0,2025-04-10,Thursday,3,2025-04
12,customer8,855311134,10.0,8268480.0,1,82684800.0,2025-04-07,Monday,0,2025-04
12,customer8,371016,2000.0,32780.0,2,65560000.0,2025-04-07,Monday,0,2025-04
12,customer8,371020,1000.0,41470.0,3,41470000.0,2025-04-07,Monday,0,2025-04
13,customer9,855211326,24.0,3179440.0,1,76306560.0,2025-04-08,Tuesday,1,2025-04
13,customer9,855311237,2.0,24768920.0,2,49537840.0,2025-04-08,Tuesday,1,2025-04
13,customer9,855311238,4.0,28935500.0,3,115742000.0,2025-04-08,Tuesday,1,2025-04
13,customer9,855311239,3.0,31838730.0,4,95516190.0,2025-04-08,Tuesday,1,2025-04
13,customer9,962,36.0,547580.0,5,19712880.0,2025-04-08,Tuesday,1,2025-04
13,customer9,323085,2.0,15389400.0,6,30778800.0,2025-04-08,Tuesday,1,2025-04
13,customer9,855121906,40.0,1102200.0,7,44088000.0,2025-04-08,Tuesday,1,2025-04
13,customer9,855121908,15.0,2337060.0,8,35055900.0,2025-04-08,Tuesday,1,2025-04
13,customer9,855121242,12.0,2335320.0,9,28023840.0,2025-04-08,Tuesday,1,2025-04
13,customer9,861641102,96.0,1719190.0,10,165042240.0,2025-04-08,Tuesday,1,2025-04
14,customer9,1273,100.0,360000.0,1,36000000.0,2025-04-08,Tuesday,1,2025-04
14,customer9,1281,12.0,342000.0,2,4104000.0,2025-04-08,Tuesday,1,2025-04
14,customer9,1142,50.0,222000.0,3,11100000.0,2025-04-08,Tuesday,1,2025-04
14,customer9,1140,60.0,595000.0,4,35700000.0,2025-04-08,Tuesday,1,2025-04
14,customer9,1148,25.0,463000.0,5,11575000.0,2025-04-08,Tuesday,1,2025-04
14,customer9,1146,40.0,1290000.0,6,51600000.0,2025-04-08,Tuesday,1,2025-04
14,customer9,1144,48.0,770000.0,7,36960000.0,2025-04-08,Tuesday,1,2025-04
14,customer9,1145,20.0,264000.0,8,5280000.0,2025-04-08,Tuesday,1,2025-04
14,customer9,1155,12.0,1120000.0,9,13440000.0,2025-04-08,Tuesday,1,2025-04
14,customer9,1151,14.0,1275000.0,10,17850000.0,2025-04-08,Tuesday,1,2025-04
14,customer9,1150,20.0,393000.0,11,7860000.0,2025-04-08,Tuesday,1,2025-04
14,customer9,1271,50.0,152000.0,12,7600000.0,2025-04-08,Tuesday,1,2025-04
14,customer9,1158,20.0,920000.0,13,18400000.0,2025-04-08,Tuesday,1,2025-04
15,customer10,879516158,1.0,53500000.0,1,53500000.0,2025-04-10,Thursday,3,2025-04
15,customer10,879516167,1.0,18000000.0,2,18000000.0,2025-04-10,Thursday,3,2025-04
15,customer10,879516159,1.0,31000000.0,3,31000000.0,2025-04-10,Thursday,3,2025-04
15,customer10,879516160,1.0,18636000.0,4,18636000.0,2025-04-10,Thursday,3,2025-04
15,customer10,417,3.0,1000000.0,5,3000000.0,2025-04-10,Thursday,3,2025-04
15,customer10,516,1.0,1500000.0,6,1500000.0,2025-04-10,Thursday,3,2025-04
15,customer10,747,3.0,950000.0,7,2850000.0,2025-04-10,Thursday,3,2025-04
16,customer10,855121442,1.0,2699070.0,1,2699070.0,2025-04-10,Thursday,3,2025-04
16,customer10,807261401,25.0,24640.0,2,616000.0,2025-04-10,Thursday,3,2025-04
16,customer10,641412,2.0,6115230.0,3,12230460.0,2025-04-10,Thursday,3,2025-04
16,customer10,807311113,6.0,113960.0,4,683760.0,2025-04-10,Thursday,3,2025-04
16,customer10,855121102,4.0,587950.0,5,2351800.0,2025-04-10,Thursday,3,2025-04
16,customer10,855121908,2.0,2337060.0,6,4674120.0,2025-04-10,Thursday,3,2025-04
16,customer10,855121906,1.0,1102200.0,7,1102200.0,2025-04-10,Thursday,3,2025-04
16,customer10,855311134,2.0,10080400.0,8,20160800.0,2025-04-10,Thursday,3,2025-04
16,customer10,807311110,5.0,60500.0,9,302500.0,2025-04-10,Thursday,3,2025-04
16,customer10,323065,1.0,12841700.0,10,12841700.0,2025-04-10,Thursday,3,2025-04
16,customer10,807311125,1.0,340890.0,11,340890.0,2025-04-10,Thursday,3,2025-04
16,customer10,855162410,2.0,1782330.0,12,3564660.0,2025-04-10,Thursday,3,2025-04
16,customer10,807311119,8.0,276210.0,13,2209680.0,2025-04-10,Thursday,3,2025-04
16,customer10,855161710,1.0,1369500.0,14,1369500.0,2025-04-10,Thursday,3,2025-04
16,customer10,855162436,2.0,6397710.0,15,12795420.0,2025-04-10,Thursday,3,2025-04
16,customer10,641642,1.0,3598540.0,16,3598540.0,2025-04-10,Thursday,3,2025-04
16,customer10,855121142,2.0,1139270.0,17,2278540.0,2025-04-10,Thursday,3,2025-04
16,customer10,641436,2.0,11215930.0,18,22431860.0,2025-04-10,Thursday,3,2025-04
16,customer10,323035,1.0,9238800.0,19,9238800.0,2025-04-10,Thursday,3,2025-04
16,customer10,855121235,4.0,1051710.0,20,4206840.0,2025-04-10,Thursday,3,2025-04
16,customer10,855162642,2.0,1853280.0,21,3706560.0,2025-04-10,Thursday,3,2025-04
16,customer10,547,20.0,67650.0,22,1353000.0,2025-04-10,Thursday,3,2025-04
16,customer10,371016,300.0,32780.0,23,9834000.0,2025-04-10,Thursday,3,2025-04
16,customer10,371020,30.0,41470.0,24,1244100.0,2025-04-10,Thursday,3,2025-04
16,customer10,855311238,2.0,28935500.0,25,57871000.0,2025-04-10,Thursday,3,2025-04
17,customer11,1140,60.0,595000.0,1,35700000.0,2025-04-10,Thursday,3,2025-04
17,customer11,1142,50.0,222000.0,2,11100000.0,2025-04-10,Thursday,3,2025-04
17,customer11,1141,30.0,452000.0,3,13560000.0,2025-04-10,Thursday,3,2025-04
17,customer11,1135,15.0,5670000.0,4,85050000.0,2025-04-10,Thursday,3,2025-04
17,customer11,1134,20.0,8190000.0,5,163800000.0,2025-04-10,Thursday,3,2025-04
17,customer11,1136,20.0,4320000.0,6,86400000.0,2025-04-10,Thursday,3,2025-04
17,customer11,1155,10.0,1120000.0,7,11200000.0,2025-04-10,Thursday,3,2025-04
17,customer11,1147,20.0,934000.0,8,18680000.0,2025-04-10,Thursday,3,2025-04
17,customer11,1148,25.0,463000.0,9,11575000.0,2025-04-10,Thursday,3,2025-04
17,customer11,1146,20.0,1290000.0,10,25800000.0,2025-04-10,Thursday,3,2025-04
17,customer11,1145,40.0,264000.0,11,10560000.0,2025-04-10,Thursday,3,2025-04
17,customer11,1143,20.0,545000.0,12,10900000.0,2025-04-10,Thursday,3,2025-04
17,customer11,1144,30.0,770000.0,13,23100000.0,2025-04-10,Thursday,3,2025-04
17,customer11,1267,15.0,413000.0,14,6195000.0,2025-04-10,Thursday,3,2025-04
17,customer11,1198,15.0,730000.0,15,10950000.0,2025-04-10,Thursday,3,2025-04
18,customer11,855321761,20.0,82280.0,1,1645600.0,2025-04-10,Thursday,3,2025-04
18,customer11,855341301,120.0,436370.0,2,52364400.0,2025-04-10,Thursday,3,2025-04
18,customer11,855341401,10.0,992970.0,3,9929700.0,2025-04-10,Thursday,3,2025-04
18,customer11,861645155,10.0,2375560.0,4,23755600.0,2025-04-10,Thursday,3,2025-04
18,customer11,855321501,170.0,61710.0,5,10490700.0,2025-04-10,Thursday,3,2025-04
18,customer11,855341101,15.0,414920.0,6,6223800.0,2025-04-10,Thursday,3,2025-04
18,customer11,855321301,250.0,43890.0,7,10972500.0,2025-04-10,Thursday,3,2025-04
18,customer11,855341201,10.0,680020.0,8,6800200.0,2025-04-10,Thursday,3,2025-04
18,customer11,855321201,50.0,31900.0,9,1595000.0,2025-04-10,Thursday,3,2025-04
18,customer11,861645151,10.0,1600060.0,10,16000600.0,2025-04-10,Thursday,3,2025-04
18,customer11,855341701,10.0,481140.0,11,4811400.0,2025-04-10,Thursday,3,2025-04
18,customer11,962,36.0,547580.0,12,19712880.0,2025-04-10,Thursday,3,2025-04
18,customer11,819161020,280.0,258280.0,13,72318400.0,2025-04-10,Thursday,3,2025-04
18,customer11,819161025,100.0,411730.0,14,41173000.0,2025-04-10,Thursday,3,2025-04
19,customer12,641412,3.0,6115230.0,1,18345690.0,2025-04-12,Saturday,5,2025-04
19,customer12,641436,4.0,11215930.0,2,44863720.0,2025-04-12,Saturday,5,2025-04
19,customer12,855141534,2.0,2576310.0,3,5152620.0,2025-04-12,Saturday,5,2025-04
19,customer12,855161702,3.0,1134650.0,4,3403950.0,2025-04-12,Saturday,5,2025-04
19,customer12,813121016,100.0,339240.0,5,33924000.0,2025-04-12,Saturday,5,2025-04
19,customer12,855121906,2.0,1102200.0,6,2204400.0,2025-04-12,Saturday,5,2025-04
21,customer13,879516185,1.0,88550000.0,1,88550000.0,2025-04-12,Saturday,5,2025-04
21,customer13,879516179,1.0,95380000.0,2,95380000.0,2025-04-12,Saturday,5,2025-04
21,customer13,879516170,2.0,19520000.0,3,39040000.0,2025-04-12,Saturday,5,2025-04
21,customer13,879516171,2.0,18770000.0,4,37540000.0,2025-04-12,Saturday,5,2025-04
21,customer13,879516172,2.0,25280000.0,5,50560000.0,2025-04-12,Saturday,5,2025-04
21,customer13,879516173,2.0,18480000.0,6,36960000.0,2025-04-12,Saturday,5,2025-04
21,customer13,879516061,1.0,74830000.0,7,74830000.0,2025-04-12,Saturday,5,2025-04
21,customer13,879516062,1.0,74830000.0,8,74830000.0,2025-04-12,Saturday,5,2025-04
21,customer13,879516063,1.0,70280000.0,9,70280000.0,2025-04-12,Saturday,5,2025-04
21,customer13,879516197,1.0,74450000.0,10,74450000.0,2025-04-12,Saturday,5,2025-04
22,customer13,879516127,10.0,6268350.0,1,62683500.0,2025-04-12,Saturday,5,2025-04
22,customer13,962,36.0,547580.0,2,19712880.0,2025-04-12,Saturday,5,2025-04
23,customer14,879157,10.0,250000.0,1,2500000.0,2025-04-12,Saturday,5,2025-04
23,customer14,1422,3.0,16600000.0,2,49800000.0,2025-04-12,Saturday,5,2025-04
23,customer14,400,60.0,310000.0,3,18600000.0,2025-04-12,Saturday,5,2025-04
23,customer14,323095,2.0,19044700.0,4,38089400.0,2025-04-12,Saturday,5,2025-04
23,customer14,1264,4.0,12770000.0,5,51080000.0,2025-04-12,Saturday,5,2025-04
23,customer14,1266,4.0,6760000.0,6,27040000.0,2025-04-12,Saturday,5,2025-04
24,customer15,546,20.0,52360.0,1,1047200.0,2025-04-12,Saturday,5,2025-04
24,customer15,547,90.0,67650.0,2,6088500.0,2025-04-12,Saturday,5,2025-04
25,customer7,1144,60.0,770000.0,1,46200000.0,2025-04-12,Saturday,5,2025-04
25,customer7,1143,100.0,545000.0,2,54500000.0,2025-04-12,Saturday,5,2025-04
25,customer7,1136,20.0,4320000.0,3,86400000.0,2025-04-12,Saturday,5,2025-04
25,customer7,1134,10.0,8190000.0,4,81900000.0,2025-04-12,Saturday,5,2025-04
25,customer7,1135,10.0,5670000.0,5,56700000.0,2025-04-12,Saturday,5,2025-04
25,customer7,1140,60.0,595000.0,6,35700000.0,2025-04-12,Saturday,5,2025-04
26,customer16,962,144.0,547580.0,1,78851520.0,2025-04-12,Saturday,5,2025-04
27,customer17,676,1.0,3500000.0,1,3500000.0,2025-04-13,Sunday,6,2025-04
27,customer17,879516117,1.0,35000000.0,2,35000000.0,2025-04-13,Sunday,6,2025-04
28,customer9,905,20.0,654170.0,1,13083400.0,2025-04-13,Sunday,6,2025-04
28,customer9,962,36.0,547580.0,2,19712880.0,2025-04-13,Sunday,6,2025-04
28,customer9,1140,120.0,595000.0,3,71400000.0,2025-04-13,Sunday,6,2025-04
28,customer9,1144,60.0,770000.0,4,46200000.0,2025-04-13,Sunday,6,2025-04
28,customer9,1266,13.0,8110000.0,5,105430000.0,2025-04-13,Sunday,6,2025-04
28,customer9,1271,70.0,152000.0,6,10640000.0,2025-04-13,Sunday,6,2025-04
28,customer9,1264,25.0,15100000.0,7,377500000.0,2025-04-13,Sunday,6,2025-04
29,customer18,855121235,3.0,1051710.0,1,3155130.0,2025-04-14,Monday,0,2025-04
29,customer18,641312,1.0,5886980.0,2,5886980.0,2025-04-14,Monday,0,2025-04
29,customer18,855211336,2.0,7241630.0,3,14483260.0,2025-04-14,Monday,0,2025-04
29,customer18,547,10.0,67650.0,4,676500.0,2025-04-14,Monday,0,2025-04
29,customer18,855311238,2.0,28935500.0,5,57871000.0,2025-04-14,Monday,0,2025-04
29,customer18,92632,10.0,1567720.0,6,15677200.0,2025-04-14,Monday,0,2025-04
29,customer18,855121244,2.0,1952170.0,7,3904340.0,2025-04-14,Monday,0,2025-04
30,customer18,879157,6.0,250000.0,1,1500000.0,2025-04-14,Monday,0,2025-04
30,customer18,747,1.0,950000.0,2,950000.0,2025-04-14,Monday,0,2025-04
31,customer19,855321309,4.0,115830.0,1,463320.0,2025-04-13,Sunday,6,2025-04
31,customer19,855311134,2.0,10080400.0,2,20160800.0,2025-04-13,Sunday,6,2025-04
31,customer19,807261409,2.0,72160.0,3,144320.0,2025-04-13,Sunday,6,2025-04
31,customer19,855211336,4.0,7241630.0,4,28966520.0,2025-04-13,Sunday,6,2025-04
31,customer19,819121032,4.0,1078660.0,5,4314640.0,2025-04-13,Sunday,6,2025-04
31,customer19,323035,1.0,9238800.0,6,9238800.0,2025-04-13,Sunday,6,2025-04
32,customer19,516,1.0,1500000.0,1,1500000.0,2025-04-14,Monday,0,2025-04
34,customer18,879516116,1.0,1500000.0,1,1500000.0,2025-04-14,Monday,0,2025-04
34,customer18,879245,1.0,2400000.0,2,2400000.0,2025-04-14,Monday,0,2025-04
34,customer18,879516017,1.0,9000000.0,3,9000000.0,2025-04-14,Monday,0,2025-04
34,customer18,879162,2.0,3200000.0,4,6400000.0,2025-04-14,Monday,0,2025-04
34,customer18,879161,2.0,2500000.0,5,5000000.0,2025-04-14,Monday,0,2025-04
34,customer18,879001,1.0,7000000.0,6,7000000.0,2025-04-14,Monday,0,2025-04
34,customer18,1233,1.0,500000.0,7,500000.0,2025-04-14,Monday,0,2025-04
34,customer18,611,1.0,600000.0,8,600000.0,2025-04-14,Monday,0,2025-04
34,customer18,684,1.0,9500000.0,9,9500000.0,2025-04-14,Monday,0,2025-04
34,customer18,641522,2.0,3521980.0,10,7043960.0,2025-04-14,Monday,0,2025-04
34,customer18,641524,2.0,3967700.0,11,7935400.0,2025-04-14,Monday,0,2025-04
36,customer20,855321701,2.0,28160.0,1,56320.0,2025-04-15,Tuesday,1,2025-04
36,customer20,855321371,15.0,71390.0,2,1070850.0,2025-04-15,Tuesday,1,2025-04
36,customer20,855321705,2.0,40700.0,3,81400.0,2025-04-15,Tuesday,1,2025-04
36,customer20,1158,3.0,920000.0,4,2760000.0,2025-04-15,Tuesday,1,2025-04
36,customer20,1265,2.0,11340000.0,5,22680000.0,2025-04-15,Tuesday,1,2025-04
36,customer20,1266,3.0,8110000.0,6,24330000.0,2025-04-15,Tuesday,1,2025-04
36,customer20,1264,2.5,15100000.0,7,37750000.0,2025-04-15,Tuesday,1,2025-04
36,customer20,1153,1.0,365000.0,8,365000.0,2025-04-15,Tuesday,1,2025-04
36,customer20,1152,7.0,148000.0,9,1036000.0,2025-04-15,Tuesday,1,2025-04
36,customer20,1151,1.0,1275000.0,10,1275000.0,2025-04-15,Tuesday,1,2025-04
36,customer20,1150,6.0,393000.0,11,2358000.0,2025-04-15,Tuesday,1,2025-04
36,customer20,1146,2.0,1290000.0,12,2580000.0,2025-04-15,Tuesday,1,2025-04
36,customer20,1145,7.0,264000.0,13,1848000.0,2025-04-15,Tuesday,1,2025-04
36,customer20,819121020,40.0,338140.0,14,13525600.0,2025-04-15,Tuesday,1,2025-04
36,customer20,819121025,60.0,536470.0,15,32188200.0,2025-04-15,Tuesday,1,2025-04
36,customer20,962,12.0,547580.0,16,6570960.0,2025-04-15,Tuesday,1,2025-04
36,customer20,1140,10.0,595000.0,17,5950000.0,2025-04-15,Tuesday,1,2025-04
36,customer20,1141,10.0,452000.0,18,4520000.0,2025-04-15,Tuesday,1,2025-04
36,customer20,1142,25.0,222000.0,19,5550000.0,2025-04-15,Tuesday,1,2025-04
36,customer20,1138,2.0,355000.0,20,710000.0,2025-04-15,Tuesday,1,2025-04
36,customer20,855321105,10.0,40700.0,21,407000.0,2025-04-15,Tuesday,1,2025-04
36,customer20,855321605,10.0,80190.0,22,801900.0,2025-04-15,Tuesday,1,2025-04
36,customer20,855341309,2.0,520080.0,23,1040160.0,2025-04-15,Tuesday,1,2025-04
36,customer20,855321505,10.0,87340.0,24,873400.0,2025-04-15,Tuesday,1,2025-04
36,customer20,855341101,3.0,414920.0,25,1244760.0,2025-04-15,Tuesday,1,2025-04
36,customer20,855321101,8.0,33330.0,26,266640.0,2025-04-15,Tuesday,1,2025-04
36,customer20,855321501,10.0,61710.0,27,617100.0,2025-04-15,Tuesday,1,2025-04
36,customer20,855321305,15.0,69080.0,28,1036200.0,2025-04-15,Tuesday,1,2025-04
36,customer20,855321301,15.0,43890.0,29,658350.0,2025-04-15,Tuesday,1,2025-04
36,customer20,855645155,1.0,2375560.0,30,2375560.0,2025-04-15,Tuesday,1,2025-04
36,customer20,855341401,10.0,992970.0,31,9929700.0,2025-04-15,Tuesday,1,2025-04
36,customer20,855341301,4.0,436370.0,32,1745480.0,2025-04-15,Tuesday,1,2025-04
36,customer20,1273,8.0,360000.0,33,2880000.0,2025-04-15,Tuesday,1,2025-04
36,customer20,1391,1.0,519000.0,34,519000.0,2025-04-15,Tuesday,1,2025-04
36,customer20,807261401,20.0,24640.0,35,492800.0,2025-04-15,Tuesday,1,2025-04
36,customer20,879284,20.0,152000.0,36,3040000.0,2025-04-15,Tuesday,1,2025-04
36,customer20,879285,7.0,280000.0,37,1960000.0,2025-04-15,Tuesday,1,2025-04
38,customer21,819121020,140.0,338140.0,1,47339600.0,2025-04-13,Sunday,6,2025-04
40,customer22,129,4.0,1900000.0,1,7600000.0,2025-04-13,Sunday,6,2025-04
40,customer22,149,1.0,45000000.0,2,45000000.0,2025-04-13,Sunday,6,2025-04
40,customer22,134,1.0,600000.0,3,600000.0,2025-04-13,Sunday,6,2025-04
40,customer22,855161702,8.0,1134650.0,4,9077200.0,2025-04-13,Sunday,6,2025-04
40,customer22,344,1.0,600000.0,5,600000.0,2025-04-13,Sunday,6,2025-04
40,customer22,417,4.0,600000.0,6,2400000.0,2025-04-13,Sunday,6,2025-04
40,customer22,855121132,8.0,1376540.0,7,11012320.0,2025-04-13,Sunday,6,2025-04
40,customer22,855121235,2.0,1051710.0,8,2103420.0,2025-04-13,Sunday,6,2025-04
40,customer22,855121190,10.0,1226060.0,9,12260600.0,2025-04-13,Sunday,6,2025-04
40,customer22,855121186,7.0,849970.0,10,5949790.0,2025-04-13,Sunday,6,2025-04
40,customer22,855121188,13.0,927410.0,11,12056330.0,2025-04-13,Sunday,6,2025-04
40,customer22,855121182,6.0,631400.0,12,3788400.0,2025-04-13,Sunday,6,2025-04
40,customer22,121180,5.0,476520.0,13,2382600.0,2025-04-13,Sunday,6,2025-04
40,customer22,516,1.0,1200000.0,14,1200000.0,2025-04-13,Sunday,6,2025-04
40,customer22,500,1.0,1000000.0,15,1000000.0,2025-04-13,Sunday,6,2025-04
40,customer22,879148,11.0,500000.0,16,5500000.0,2025-04-13,Sunday,6,2025-04
40,customer22,879516054,15.0,1700000.0,17,25500000.0,2025-04-13,Sunday,6,2025-04
40,customer22,879516122,1.0,600000.0,18,600000.0,2025-04-13,Sunday,6,2025-04
41,customer6,879516174,1.0,12550000.0,1,12550000.0,2025-04-18,Friday,4,2025-04
42,customer6,879516183,2.0,25000000.0,1,50000000.0,2025-04-08,Tuesday,1,2025-04
42,customer6,879516184,2.0,30368000.0,2,60736000.0,2025-04-08,Tuesday,1,2025-04
42,customer6,879516066,2.0,33728000.0,3,67456000.0,2025-04-08,Tuesday,1,2025-04
42,customer6,879516140,2.0,79912000.0,4,159824000.0,2025-04-08,Tuesday,1,2025-04
44,customer2,879232,1.0,36000000.0,1,36000000.0,2025-04-19,Saturday,5,2025-04
45,customer23,641642,1.0,3598540.0,1,3598540.0,2025-04-15,Tuesday,1,2025-04
45,customer23,641602,1.0,3073840.0,2,3073840.0,2025-04-15,Tuesday,1,2025-04
45,customer23,855121132,15.0,1376540.0,3,20648100.0,2025-04-15,Tuesday,1,2025-04
45,customer23,1233,1.0,500000.0,4,500000.0,2025-04-15,Tuesday,1,2025-04
45,customer23,611,1.0,600000.0,5,600000.0,2025-04-15,Tuesday,1,2025-04
45,customer23,855121162,2.0,1092190.0,6,2184380.0,2025-04-15,Tuesday,1,2025-04
45,customer23,855121188,7.0,927410.0,7,6491870.0,2025-04-15,Tuesday,1,2025-04
45,customer23,121180,8.0,476520.0,8,3812160.0,2025-04-15,Tuesday,1,2025-04
45,customer23,500,5.0,1000000.0,9,5000000.0,2025-04-15,Tuesday,1,2025-04
45,customer23,516,1.0,1500000.0,10,1500000.0,2025-04-15,Tuesday,1,2025-04
45,customer23,855163402,1.0,3121910.0,11,3121910.0,2025-04-15,Tuesday,1,2025-04
45,customer23,237,1.0,600000.0,12,600000.0,2025-04-15,Tuesday,1,2025-04
45,customer23,855161710,2.0,1369500.0,13,2739000.0,2025-04-15,Tuesday,1,2025-04
45,customer23,641524,2.0,3967700.0,14,7935400.0,2025-04-15,Tuesday,1,2025-04
45,customer23,641522,3.0,2524940.0,15,7574820.0,2025-04-15,Tuesday,1,2025-04
45,customer23,855121102,2.0,587950.0,16,1175900.0,2025-04-15,Tuesday,1,2025-04
45,customer23,879248,1.0,2885410.0,17,2885410.0,2025-04-15,Tuesday,1,2025-04
45,customer23,879516122,1.0,600000.0,18,600000.0,2025-04-15,Tuesday,1,2025-04
45,customer23,879516116,1.0,1500000.0,19,1500000.0,2025-04-15,Tuesday,1,2025-04
45,customer23,879044,1.0,9000000.0,20,9000000.0,2025-04-15,Tuesday,1,2025-04
45,customer23,879001,1.0,7000000.0,21,7000000.0,2025-04-15,Tuesday,1,2025-04
45,customer23,855121502,1.0,2094180.0,22,2094180.0,2025-04-15,Tuesday,1,2025-04
45,customer23,879161,2.0,2500000.0,23,5000000.0,2025-04-15,Tuesday,1,2025-04
45,customer23,879148,10.0,500000.0,24,5000000.0,2025-04-15,Tuesday,1,2025-04
45,customer23,879162,2.0,3200000.0,25,6400000.0,2025-04-15,Tuesday,1,2025-04
46,customer24,647,2.0,2200000.0,1,4400000.0,2025-04-19,Saturday,5,2025-04
46,customer24,855121102,1.0,587950.0,2,587950.0,2025-04-19,Saturday,5,2025-04
46,customer24,118,1.0,60000.0,3,60000.0,2025-04-19,Saturday,5,2025-04
46,customer24,879001,1.0,7000000.0,4,7000000.0,2025-04-19,Saturday,5,2025-04
47,customer25,641412,4.0,6115230.0,1,24460920.0,2025-04-19,Saturday,5,2025-04
47,customer25,879516152,2.0,1667930.0,2,3335860.0,2025-04-19,Saturday,5,2025-04
47,customer25,371020,32.0,41470.0,3,1327040.0,2025-04-19,Saturday,5,2025-04
47,customer25,371016,50.0,32780.0,4,1639000.0,2025-04-19,Saturday,5,2025-04
47,customer25,516,1.0,1500000.0,5,1500000.0,2025-04-19,Saturday,5,2025-04
47,customer25,855162642,6.0,1853280.0,6,11119680.0,2025-04-19,Saturday,5,2025-04
47,customer25,641202,12.0,2611400.0,7,31336800.0,2025-04-19,Saturday,5,2025-04
47,customer25,855161112,2.0,2676960.0,8,5353920.0,2025-04-19,Saturday,5,2025-04
47,customer25,855121235,4.0,1051710.0,9,4206840.0,2025-04-19,Saturday,5,2025-04
47,customer25,855162402,10.0,1307680.0,10,13076800.0,2025-04-19,Saturday,5,2025-04
47,customer25,855161710,3.0,1369500.0,11,4108500.0,2025-04-19,Saturday,5,2025-04
47,customer25,813121020,36.0,598950.0,12,21562200.0,2025-04-19,Saturday,5,2025-04
47,customer25,807211110,3.0,60500.0,13,181500.0,2025-04-19,Saturday,5,2025-04
47,customer25,855163402,1.0,3121910.0,14,3121910.0,2025-04-19,Saturday,5,2025-04
47,customer25,323045,1.0,10862700.0,15,10862700.0,2025-04-19,Saturday,5,2025-04
47,customer25,855311136,2.0,14983540.0,16,29967080.0,2025-04-19,Saturday,5,2025-04
47,customer25,855341201,2.0,680020.0,17,1360040.0,2025-04-19,Saturday,5,2025-04
47,customer25,813121016,105.5,339240.0,18,35789820.0,2025-04-19,Saturday,5,2025-04
47,customer25,807311113,6.0,113960.0,19,683760.0,2025-04-19,Saturday,5,2025-04
47,customer25,855141534,1.0,2576310.0,20,2576310.0,2025-04-19,Saturday,5,2025-04
47,customer25,855341113,2.0,617000.0,21,1234000.0,2025-04-19,Saturday,5,2025-04
47,customer25,855321501,2.0,55539.0,22,111078.0,2025-04-19,Saturday,5,2025-04
48,customer6,879516174,1.0,12000000.0,1,12000000.0,2025-04-13,Sunday,6,2025-04
48,customer6,807261401,30.0,24640.0,2,739200.0,2025-04-13,Sunday,6,2025-04
48,customer6,855121235,2.0,1051710.0,3,2103420.0,2025-04-13,Sunday,6,2025-04
49,customer26,819161020,8.0,258280.0,1,2066240.0,2025-04-19,Saturday,5,2025-04
49,customer26,879516173,1.0,18480000.0,2,18480000.0,2025-04-19,Saturday,5,2025-04
49,customer26,855211610,1.0,4546740.0,3,4546740.0,2025-04-19,Saturday,5,2025-04
49,customer26,855321617,1.0,122100.0,4,122100.0,2025-04-19,Saturday,5,2025-04
49,customer26,855211112,2.0,1617440.0,5,3234880.0,2025-04-19,Saturday,5,2025-04
49,customer26,861645151,1.0,1600060.0,6,1600060.0,2025-04-19,Saturday,5,2025-04
49,customer26,855321401,2.0,44990.0,7,89980.0,2025-04-19,Saturday,5,2025-04
49,customer26,855341201,1.0,680020.0,8,680020.0,2025-04-19,Saturday,5,2025-04
49,customer26,807211125,10.0,17160.0,9,171600.0,2025-04-19,Saturday,5,2025-04
49,customer26,855321301,13.0,43890.0,10,570570.0,2025-04-19,Saturday,5,2025-04
49,customer26,855341317,2.0,853600.0,11,1707200.0,2025-04-19,Saturday,5,2025-04
49,customer26,641522,1.0,3521980.0,12,3521980.0,2025-04-19,Saturday,5,2025-04
50,customer27,855141104,4.0,1939850.0,1,7759400.0,2025-04-19,Saturday,5,2025-04
50,customer27,855141904,1.0,1533510.0,2,1533510.0,2025-04-19,Saturday,5,2025-04
50,customer27,855141504,1.0,2458830.0,3,2458830.0,2025-04-19,Saturday,5,2025-04
53,customer28,879001,1.0,7500000.0,1,7500000.0,2025-04-20,Sunday,6,2025-04
53,customer28,879161,2.0,2000000.0,2,4000000.0,2025-04-20,Sunday,6,2025-04
53,customer28,879162,2.0,3000000.0,3,6000000.0,2025-04-20,Sunday,6,2025-04
53,customer28,879516116,0.5,1500000.0,4,750000.0,2025-04-20,Sunday,6,2025-04
53,customer28,684,1.0,6500000.0,5,6500000.0,2025-04-20,Sunday,6,2025-04
53,customer28,1259,1.0,25000000.0,6,25000000.0,2025-04-20,Sunday,6,2025-04
54,customer21,855321201,20.0,31900.0,1,638000.0,2025-04-21,Monday,0,2025-04
54,customer21,855321101,20.0,33330.0,2,666600.0,2025-04-21,Monday,0,2025-04
54,customer21,855321305,20.0,69080.0,3,1381600.0,2025-04-21,Monday,0,2025-04
54,customer21,855341401,6.0,992970.0,4,5957820.0,2025-04-21,Monday,0,2025-04
54,customer21,861645155,4.0,2375560.0,5,9502240.0,2025-04-21,Monday,0,2025-04
54,customer21,855341305,6.0,639870.0,6,3839220.0,2025-04-21,Monday,0,2025-04
54,customer21,855321105,20.0,40700.0,7,814000.0,2025-04-21,Monday,0,2025-04
54,customer21,855321371,20.0,64251.0,8,1285020.0,2025-04-21,Monday,0,2025-04
54,customer21,855321701,20.0,28160.0,9,563200.0,2025-04-21,Monday,0,2025-04
54,customer21,962,12.0,492822.0,10,5913864.0,2025-04-21,Monday,0,2025-04
55,customer21,1271,10.0,152000.0,1,1520000.0,2025-04-21,Monday,0,2025-04
55,customer21,1150,7.0,393000.0,2,2751000.0,2025-04-21,Monday,0,2025-04
55,customer21,1148,4.0,463000.0,3,1852000.0,2025-04-21,Monday,0,2025-04
55,customer21,1151,1.0,1275000.0,4,1275000.0,2025-04-21,Monday,0,2025-04
55,customer21,1147,4.0,934000.0,5,3736000.0,2025-04-21,Monday,0,2025-04
55,customer21,1145,6.0,264000.0,6,1584000.0,2025-04-21,Monday,0,2025-04
55,customer21,1142,10.0,222000.0,7,2220000.0,2025-04-21,Monday,0,2025-04
55,customer21,1138,3.0,355000.0,8,1065000.0,2025-04-21,Monday,0,2025-04
55,customer21,1136,2.0,4320000.0,9,8640000.0,2025-04-21,Monday,0,2025-04
55,customer21,1135,2.0,5670000.0,10,11340000.0,2025-04-21,Monday,0,2025-04
56,customer29,1391,10.0,519000.0,1,5190000.0,2025-04-21,Monday,0,2025-04
56,customer29,1158,40.0,920000.0,2,36800000.0,2025-04-21,Monday,0,2025-04
57,customer29,855181558,4.0,5845070.0,1,23380280.0,2025-04-21,Monday,0,2025-04
57,customer29,855213410,20.0,4278670.0,2,85573400.0,2025-04-21,Monday,0,2025-04
57,customer29,855213402,20.0,3091330.0,3,61826600.0,2025-04-21,Monday,0,2025-04
57,customer29,855213534,10.0,4513300.0,4,45133000.0,2025-04-21,Monday,0,2025-04
57,customer29,855181522,10.0,3257870.0,5,32578700.0,2025-04-21,Monday,0,2025-04
58,customer9,807261401,300.0,22176.0,1,6652800.0,2025-04-21,Monday,0,2025-04
58,customer9,855121402,20.0,1210880.0,2,24217600.0,2025-04-21,Monday,0,2025-04
58,customer9,855311233,4.0,9078850.0,3,36315400.0,2025-04-21,Monday,0,2025-04
58,customer9,855121164,10.0,1818190.0,4,18181900.0,2025-04-21,Monday,0,2025-04
58,customer9,855181306,16.0,5032280.0,5,80516480.0,2025-04-21,Monday,0,2025-04
58,customer9,855212424,8.0,5267680.0,6,42141440.0,2025-04-21,Monday,0,2025-04
58,customer9,855311236,4.0,17418280.0,7,69673120.0,2025-04-21,Monday,0,2025-04
58,customer9,855181304,16.0,3017740.0,8,48283840.0,2025-04-21,Monday,0,2025-04
58,customer9,855121160,30.0,648010.0,9,19440300.0,2025-04-21,Monday,0,2025-04
58,customer9,855311133,5.0,6176500.0,10,30882500.0,2025-04-21,Monday,0,2025-04
58,customer9,641326,10.0,5368900.0,11,53689000.0,2025-04-21,Monday,0,2025-04
58,customer9,807311110,50.0,60500.0,12,3025000.0,2025-04-21,Monday,0,2025-04
58,customer9,855121232,16.0,846780.0,13,13548480.0,2025-04-21,Monday,0,2025-04
58,customer9,861641102,96.0,1719190.0,14,165042240.0,2025-04-21,Monday,0,2025-04
58,customer9,813121016,600.0,339240.0,15,203544000.0,2025-04-21,Monday,0,2025-04
59,customer9,1142,100.0,222000.0,1,22200000.0,2025-04-21,Monday,0,2025-04
59,customer9,1148,50.0,463000.0,2,23150000.0,2025-04-21,Monday,0,2025-04
61,customer12,855321905,1.0,281490.0,1,281490.0,2025-04-22,Tuesday,1,2025-04
61,customer12,855341113,1.0,885940.0,2,885940.0,2025-04-22,Tuesday,1,2025-04
61,customer12,855321201,1.0,31900.0,3,31900.0,2025-04-22,Tuesday,1,2025-04
61,customer12,855121104,1.0,1247070.0,4,1247070.0,2025-04-22,Tuesday,1,2025-04
61,customer12,807211129,10.0,18590.0,5,185900.0,2025-04-22,Tuesday,1,2025-04
61,customer12,819141025,12.0,460350.0,6,5524200.0,2025-04-22,Tuesday,1,2025-04
61,customer12,561645155,2.0,2375560.0,7,4751120.0,2025-04-22,Tuesday,1,2025-04
61,customer12,855321501,1.0,61710.0,8,61710.0,2025-04-22,Tuesday,1,2025-04
61,customer12,855321301,2.0,43890.0,9,87780.0,2025-04-22,Tuesday,1,2025-04
61,customer12,855321305,10.0,69080.0,10,690800.0,2025-04-22,Tuesday,1,2025-04
61,customer12,855321605,1.0,80190.0,11,80190.0,2025-04-22,Tuesday,1,2025-04
61,customer12,855321105,3.0,40700.0,12,122100.0,2025-04-22,Tuesday,1,2025-04
62,customer10,879516196,1.0,99890000.0,1,99890000.0,2025-04-22,Tuesday,1,2025-04
62,customer10,879516184,2.0,37960000.0,2,75920000.0,2025-04-22,Tuesday,1,2025-04
62,customer10,879516183,2.0,31250000.0,3,62500000.0,2025-04-22,Tuesday,1,2025-04
62,customer10,879516066,1.0,42160000.0,4,42160000.0,2025-04-22,Tuesday,1,2025-04
66,customer30,879516103,24.0,6395730.0,1,153497520.0,2025-04-23,Wednesday,2,2025-04
66,customer30,813121016,3000.0,339240.0,2,1017720000.0,2025-04-23,Wednesday,2,2025-04
66,customer30,855211424,7.0,3839880.0,3,26879160.0,2025-04-23,Wednesday,2,2025-04
66,customer30,855212402,192.0,1719850.0,4,330211200.0,2025-04-23,Wednesday,2,2025-04
66,customer30,861641102,144.0,1719190.0,5,247563360.0,2025-04-23,Wednesday,2,2025-04
66,customer30,813121025,200.0,1014530.0,6,202906000.0,2025-04-23,Wednesday,2,2025-04
66,customer30,807311119,120.0,276210.0,7,33145200.0,2025-04-23,Wednesday,2,2025-04
66,customer30,92632,120.0,1567720.0,8,188126400.0,2025-04-23,Wednesday,2,2025-04
66,customer30,323065,5.0,12841700.0,9,64208500.0,2025-04-23,Wednesday,2,2025-04
66,customer30,807211141,640.0,104390.0,10,66809600.0,2025-04-23,Wednesday,2,2025-04
66,customer30,855321751,85.0,252670.0,11,21476950.0,2025-04-23,Wednesday,2,2025-04
66,customer30,855311139,5.0,21965680.0,12,109828400.0,2025-04-23,Wednesday,2,2025-04
66,customer30,855211336,14.0,7241630.0,13,101382820.0,2025-04-23,Wednesday,2,2025-04
66,customer30,855311137,6.0,17473500.0,14,104841000.0,2025-04-23,Wednesday,2,2025-04
67,customer31,861645201,20.0,1636030.0,1,32720600.0,2025-04-16,Wednesday,2,2025-04
67,customer31,855341301,120.0,436370.0,2,52364400.0,2025-04-16,Wednesday,2,2025-04
67,customer31,819141025,400.0,460350.0,3,184140000.0,2025-04-16,Wednesday,2,2025-04
67,customer31,819141020,1400.0,291720.0,4,408408000.0,2025-04-16,Wednesday,2,2025-04
67,customer31,861645155,10.0,2375560.0,5,23755600.0,2025-04-16,Wednesday,2,2025-04
67,customer31,855321501,170.0,61710.0,6,10490700.0,2025-04-16,Wednesday,2,2025-04
67,customer31,855321505,100.0,87340.0,7,8734000.0,2025-04-16,Wednesday,2,2025-04
67,customer31,819141032,80.0,868230.0,8,69458400.0,2025-04-16,Wednesday,2,2025-04
67,customer31,855321301,250.0,43890.0,9,10972500.0,2025-04-16,Wednesday,2,2025-04
67,customer31,855321305,150.0,69080.0,10,10362000.0,2025-04-16,Wednesday,2,2025-04
67,customer31,807211125,400.0,17160.0,11,6864000.0,2025-04-16,Wednesday,2,2025-04
67,customer31,861645151,20.0,1600060.0,12,32001200.0,2025-04-16,Wednesday,2,2025-04
67,customer31,819121025,100.0,536470.0,13,53647000.0,2025-04-16,Wednesday,2,2025-04
67,customer31,819121020,140.0,338140.0,14,47339600.0,2025-04-16,Wednesday,2,2025-04
67,customer31,855321617,75.0,122100.0,15,9157500.0,2025-04-16,Wednesday,2,2025-04
68,customer31,811,3.0,314000.0,1,942000.0,2025-04-24,Thursday,3,2025-04
68,customer31,860,30.0,614570.0,2,18437100.0,2025-04-24,Thursday,3,2025-04
68,customer31,861,4.0,707080.0,3,2828320.0,2025-04-24,Thursday,3,2025-04
68,customer31,854,6.0,743710.0,4,4462260.0,2025-04-24,Thursday,3,2025-04
68,customer31,847,6.0,892100.0,5,5352600.0,2025-04-24,Thursday,3,2025-04
68,customer31,833,4.0,1436820.0,6,5747280.0,2025-04-24,Thursday,3,2025-04
69,customer30,879259,250.0,115000.0,1,28750000.0,2025-04-24,Thursday,3,2025-04
69,customer30,1392,45.0,720000.0,2,32400000.0,2025-04-24,Thursday,3,2025-04
69,customer30,879154,30.0,630000.0,3,18900000.0,2025-04-24,Thursday,3,2025-04
69,customer30,516,20.0,1200000.0,4,24000000.0,2025-04-24,Thursday,3,2025-04
72,customer32,855321301,750.0,43890.0,1,32917500.0,2025-04-27,Sunday,6,2025-04
72,customer32,855321101,720.0,33330.0,2,23997600.0,2025-04-27,Sunday,6,2025-04
72,customer32,855211436,8.0,7200050.0,3,57600400.0,2025-04-27,Sunday,6,2025-04
72,customer32,855121106,32.0,1971970.0,4,63103040.0,2025-04-27,Sunday,6,2025-04
72,customer32,855181508,4.0,11791230.0,5,47164920.0,2025-04-27,Sunday,6,2025-04
72,customer32,819161020,280.0,258280.0,6,72318400.0,2025-04-27,Sunday,6,2025-04
73,customer16,855121192,15.0,1659790.0,1,24896850.0,2025-04-26,Saturday,5,2025-04
73,customer16,879148,100.0,400000.0,2,40000000.0,2025-04-26,Saturday,5,2025-04
73,customer16,813121016,600.0,339240.0,3,203544000.0,2025-04-26,Saturday,5,2025-04
73,customer16,855212402,96.0,1719850.0,4,165105600.0,2025-04-26,Saturday,5,2025-04
73,customer16,323065,2.0,12841700.0,5,25683400.0,2025-04-26,Saturday,5,2025-04
73,customer16,807311110,100.0,60500.0,6,6050000.0,2025-04-26,Saturday,5,2025-04
73,customer16,641752,48.0,1915980.0,7,91967040.0,2025-04-26,Saturday,5,2025-04
73,customer16,962,180.0,547580.0,8,98564400.0,2025-04-26,Saturday,5,2025-04
73,customer16,855121186,20.0,849970.0,9,16999400.0,2025-04-26,Saturday,5,2025-04
73,customer16,121180,25.0,476520.0,10,11913000.0,2025-04-26,Saturday,5,2025-04
73,customer16,855121182,30.0,631400.0,11,18942000.0,2025-04-26,Saturday,5,2025-04
73,customer16,323095,2.0,19044700.0,12,38089400.0,2025-04-26,Saturday,5,2025-04
73,customer16,323075,2.0,14951400.0,13,29902800.0,2025-04-26,Saturday,5,2025-04
73,customer16,163642,64.0,2838990.0,14,181695360.0,2025-04-26,Saturday,5,2025-04
73,customer16,371016,1000.0,32780.0,15,32780000.0,2025-04-26,Saturday,5,2025-04
74,customer9,323095,2.0,19044700.0,1,38089400.0,2025-04-27,Sunday,6,2025-04
75,customer9,879104,48.0,730000.0,1,35040000.0,2025-04-27,Sunday,6,2025-04
75,customer9,1273,30.0,315000.0,2,9450000.0,2025-04-27,Sunday,6,2025-04
75,customer9,1142,35.0,194000.0,3,6790000.0,2025-04-27,Sunday,6,2025-04
75,customer9,1140,35.0,520000.0,4,18200000.0,2025-04-27,Sunday,6,2025-04
75,customer9,1146,5.0,1130000.0,5,5650000.0,2025-04-27,Sunday,6,2025-04
75,customer9,1144,12.0,675000.0,6,8100000.0,2025-04-27,Sunday,6,2025-04
75,customer9,1145,20.0,230000.0,7,4600000.0,2025-04-27,Sunday,6,2025-04
75,customer9,1151,2.0,1115000.0,8,2230000.0,2025-04-27,Sunday,6,2025-04
75,customer9,1148,18.0,405000.0,9,7290000.0,2025-04-27,Sunday,6,2025-04
75,customer9,1150,12.0,340000.0,10,4080000.0,2025-04-27,Sunday,6,2025-04
75,customer9,1266,7.0,6970000.0,11,48790000.0,2025-04-27,Sunday,6,2025-04
75,customer9,1271,30.0,134000.0,12,4020000.0,2025-04-27,Sunday,6,2025-04
75,customer9,1264,12.0,13100000.0,13,157200000.0,2025-04-27,Sunday,6,2025-04
75,customer9,1158,8.0,805000.0,14,6440000.0,2025-04-27,Sunday,6,2025-04
76,customer9,962,36.0,547580.0,1,19712880.0,2025-04-27,Sunday,6,2025-04
78,customer31,813121020,750.0,598950.0,1,449212500.0,2025-04-13,Sunday,6,2025-04
78,customer31,813121025,300.0,1014530.0,2,304359000.0,2025-04-13,Sunday,6,2025-04
78,customer31,807311119,30.0,276210.0,3,8286300.0,2025-04-13,Sunday,6,2025-04
78,customer31,92632,60.0,1567720.0,4,94063200.0,2025-04-13,Sunday,6,2025-04
78,customer31,855211424,20.0,3839880.0,5,76797600.0,2025-04-13,Sunday,6,2025-04
78,customer31,855212402,96.0,1719850.0,6,165105600.0,2025-04-13,Sunday,6,2025-04
78,customer31,861641102,96.0,1719190.0,7,165042240.0,2025-04-13,Sunday,6,2025-04
78,customer31,861641110,40.0,1980990.0,8,79239600.0,2025-04-13,Sunday,6,2025-04
78,customer31,855121908,15.0,2337060.0,9,35055900.0,2025-04-13,Sunday,6,2025-04
78,customer31,855121906,20.0,1102200.0,10,22044000.0,2025-04-13,Sunday,6,2025-04
78,customer31,855311134,10.0,10080400.0,11,100804000.0,2025-04-13,Sunday,6,2025-04
78,customer31,813121016,1600.0,339240.0,12,542784000.0,2025-04-13,Sunday,6,2025-04
78,customer31,807311113,50.0,113960.0,13,5698000.0,2025-04-13,Sunday,6,2025-04
78,customer31,855121102,40.0,587950.0,14,23518000.0,2025-04-13,Sunday,6,2025-04
78,customer31,323125,3.0,24231800.0,15,72695400.0,2025-04-13,Sunday,6,2025-04
78,customer31,855213402,10.0,3091330.0,16,30913300.0,2025-04-13,Sunday,6,2025-04
78,customer31,855211124,10.0,3005970.0,17,30059700.0,2025-04-13,Sunday,6,2025-04
78,customer31,855211102,30.0,1186350.0,18,35590500.0,2025-04-13,Sunday,6,2025-04
78,customer31,855211112,20.0,1617440.0,19,32348800.0,2025-04-13,Sunday,6,2025-04
78,customer31,855121222,20.0,724240.0,20,14484800.0,2025-04-13,Sunday,6,2025-04
78,customer31,855211610,10.0,1047340.0,21,10473400.0,2025-04-13,Sunday,6,2025-04
78,customer31,855181102,30.0,2339370.0,22,70181100.0,2025-04-13,Sunday,6,2025-04
78,customer31,855213410,10.0,4278670.0,23,42786700.0,2025-04-13,Sunday,6,2025-04
78,customer31,855211410,20.0,2828100.0,24,56562000.0,2025-04-13,Sunday,6,2025-04
78,customer31,855211210,22.0,1644500.0,25,36179000.0,2025-04-13,Sunday,6,2025-04
78,customer31,163642,32.0,2838990.0,26,90847680.0,2025-04-13,Sunday,6,2025-04
78,customer31,516,20.0,1281940.0,27,25638800.0,2025-04-13,Sunday,6,2025-04
78,customer31,855211324,20.0,3985190.0,28,79703800.0,2025-04-13,Sunday,6,2025-04
78,customer31,5211212,13.0,2711500.0,29,35249500.0,2025-04-13,Sunday,6,2025-04
78,customer31,855121402,20.0,1476200.0,30,29524000.0,2025-04-13,Sunday,6,2025-04
79,customer31,855162402,10.0,1302730.0,1,13027300.0,2025-04-28,Monday,0,2025-04
79,customer31,813121020,300.0,598950.0,2,179685000.0,2025-04-28,Monday,0,2025-04
79,customer31,813121025,300.0,1014530.0,3,304359000.0,2025-04-28,Monday,0,2025-04
79,customer31,855211424,15.0,3839880.0,4,57598200.0,2025-04-28,Monday,0,2025-04
79,customer31,855212402,96.0,1719850.0,5,165105600.0,2025-04-28,Monday,0,2025-04
79,customer31,861641102,96.0,1719190.0,6,165042240.0,2025-04-28,Monday,0,2025-04
79,customer31,855311240,7.0,35382710.0,7,247678970.0,2025-04-28,Monday,0,2025-04
79,customer31,855321309,80.0,115830.0,8,9266400.0,2025-04-28,Monday,0,2025-04
79,customer31,819141025,200.0,460350.0,9,92070000.0,2025-04-28,Monday,0,2025-04
79,customer31,819141020,420.0,291720.0,10,122522400.0,2025-04-28,Monday,0,2025-04
79,customer31,819141032,80.0,868230.0,11,69458400.0,2025-04-28,Monday,0,2025-04
79,customer31,813121016,1600.0,339240.0,12,542784000.0,2025-04-28,Monday,0,2025-04
79,customer31,855121936,10.0,2358730.0,13,23587300.0,2025-04-28,Monday,0,2025-04
79,customer31,323125,2.0,24231800.0,14,48463600.0,2025-04-28,Monday,0,2025-04
79,customer31,855311234,4.0,14485130.0,15,57940520.0,2025-04-28,Monday,0,2025-04
79,customer31,855212410,20.0,3173280.0,16,63465600.0,2025-04-28,Monday,0,2025-04
79,customer31,855211124,10.0,3005970.0,17,30059700.0,2025-04-28,Monday,0,2025-04
79,customer31,855121222,9.0,724240.0,18,6518160.0,2025-04-28,Monday,0,2025-04
79,customer31,855211410,10.0,2828100.0,19,28281000.0,2025-04-28,Monday,0,2025-04
79,customer31,855341345,10.0,939840.0,20,9398400.0,2025-04-28,Monday,0,2025-04
79,customer31,855311235,4.0,18098410.0,21,72393640.0,2025-04-28,Monday,0,2025-04
79,customer31,855311236,6.0,21235280.0,22,127411680.0,2025-04-28,Monday,0,2025-04
79,customer31,323075,1.0,14951400.0,23,14951400.0,2025-04-28,Monday,0,2025-04
79,customer31,855311233,2.0,10863820.0,24,21727640.0,2025-04-28,Monday,0,2025-04
79,customer31,211122,10.0,2998380.0,25,29983800.0,2025-04-28,Monday,0,2025-04
80,customer9,879516143,10.0,1371150.0,1,13711500.0,2025-04-29,Tuesday,1,2025-04
80,customer9,163642,32.0,2838990.0,2,90847680.0,2025-04-29,Tuesday,1,2025-04
80,customer9,855311237,4.0,24768920.0,3,99075680.0,2025-04-29,Tuesday,1,2025-04
80,customer9,855212402,48.0,1719850.0,4,82552800.0,2025-04-29,Tuesday,1,2025-04
80,customer9,855321501,170.0,61710.0,5,10490700.0,2025-04-29,Tuesday,1,2025-04
80,customer9,855321301,250.0,43890.0,6,10972500.0,2025-04-29,Tuesday,1,2025-04
81,customer33,1407,300.0,73920.0,1,22176000.0,2025-04-29,Tuesday,1,2025-04
81,customer33,1406,300.0,61050.0,2,18315000.0,2025-04-29,Tuesday,1,2025-04
81,customer33,1405,300.0,51480.0,3,15444000.0,2025-04-29,Tuesday,1,2025-04
83,customer32,1111,30.0,314900.0,1,9447000.0,2025-04-29,Tuesday,1,2025-04
83,customer32,807221790,30.0,382100.0,2,11463000.0,2025-04-29,Tuesday,1,2025-04
83,customer32,807221711,30.0,417600.0,3,12528000.0,2025-04-29,Tuesday,1,2025-04
83,customer32,855321701,100.0,28160.0,4,2816000.0,2025-04-29,Tuesday,1,2025-04
84,customer32,807311113,12.0,113960.0,1,1367520.0,2025-04-27,Sunday,6,2025-04
84,customer32,813121016,1000.0,339240.0,2,339240000.0,2025-04-27,Sunday,6,2025-04
84,customer32,855121906,6.0,1102200.0,3,6613200.0,2025-04-27,Sunday,6,2025-04
84,customer32,855311135,2.0,12488410.0,4,24976820.0,2025-04-27,Sunday,6,2025-04
84,customer32,855121908,6.0,2337060.0,5,14022360.0,2025-04-27,Sunday,6,2025-04
84,customer32,855121242,6.0,2355320.0,6,14131920.0,2025-04-27,Sunday,6,2025-04
84,customer32,855212402,85.0,1719850.0,7,146187250.0,2025-04-27,Sunday,6,2025-04
84,customer32,861641110,10.0,1980990.0,8,19809900.0,2025-04-27,Sunday,6,2025-04
84,customer32,855121232,10.0,1135200.0,9,11352000.0,2025-04-27,Sunday,6,2025-04
84,customer32,861641102,82.0,1719190.0,10,140973580.0,2025-04-27,Sunday,6,2025-04
84,customer32,323045,2.0,10862700.0,11,21725400.0,2025-04-27,Sunday,6,2025-04
84,customer32,807311119,3.0,276210.0,12,828630.0,2025-04-27,Sunday,6,2025-04
84,customer32,807311110,100.0,60500.0,13,6050000.0,2025-04-27,Sunday,6,2025-04
84,customer32,807311125,3.0,340890.0,14,1022670.0,2025-04-27,Sunday,6,2025-04
84,customer32,813121020,150.0,598950.0,15,89842500.0,2025-04-27,Sunday,6,2025-04
84,customer32,163642,40.0,2838990.0,16,113559600.0,2025-04-27,Sunday,6,2025-04
84,customer32,855211202,6.0,1457280.0,17,8743680.0,2025-04-27,Sunday,6,2025-04
84,customer32,855212410,6.0,3173280.0,18,19039680.0,2025-04-27,Sunday,6,2025-04
84,customer32,855311239,4.0,31838730.0,19,127354920.0,2025-04-27,Sunday,6,2025-04
84,customer32,855211112,6.0,1617440.0,20,9704640.0,2025-04-27,Sunday,6,2025-04
84,customer32,855311238,2.0,28935500.0,21,57871000.0,2025-04-27,Sunday,6,2025-04
84,customer32,371020,200.0,41470.0,22,8294000.0,2025-04-27,Sunday,6,2025-04
84,customer32,855211310,6.0,2833820.0,23,17002920.0,2025-04-27,Sunday,6,2025-04
84,customer32,323095,3.0,19044700.0,24,57134100.0,2025-04-27,Sunday,6,2025-04
84,customer32,855212424,6.0,5267680.0,25,31606080.0,2025-04-27,Sunday,6,2025-04
84,customer32,855211324,6.0,3985190.0,26,23911140.0,2025-04-27,Sunday,6,2025-04
84,customer32,855121402,5.0,1476200.0,27,7381000.0,2025-04-27,Sunday,6,2025-04
85,customer34,807211125,3.0,17160.0,1,51480.0,2025-04-15,Tuesday,1,2025-04
85,customer34,807211129,1.0,18590.0,2,18590.0,2025-04-15,Tuesday,1,2025-04
85,customer34,855311134,2.0,10080400.0,3,20160800.0,2025-04-15,Tuesday,1,2025-04
85,customer34,855121906,3.0,1102200.0,4,3306600.0,2025-04-15,Tuesday,1,2025-04
85,customer34,855212410,2.0,3173280.0,5,6346560.0,2025-04-15,Tuesday,1,2025-04
85,customer34,861641102,14.0,1719190.0,6,24068660.0,2025-04-15,Tuesday,1,2025-04
85,customer34,813121020,10.0,598950.0,7,5989500.0,2025-04-15,Tuesday,1,2025-04
85,customer34,641312,1.0,5886980.0,8,5886980.0,2025-04-15,Tuesday,1,2025-04
85,customer34,855121235,3.0,1051710.0,9,3155130.0,2025-04-15,Tuesday,1,2025-04
85,customer34,855211312,2.0,3214420.0,10,6428840.0,2025-04-15,Tuesday,1,2025-04
85,customer34,855211102,2.0,1186350.0,11,2372700.0,2025-04-15,Tuesday,1,2025-04
85,customer34,855311133,2.0,7529940.0,12,15059880.0,2025-04-15,Tuesday,1,2025-04
86,customer34,879102,0.166,2240000.0,1,371840.0,2025-04-29,Tuesday,1,2025-04
86,customer34,154,1.0,400000.0,2,400000.0,2025-04-29,Tuesday,1,2025-04
86,customer34,136,1.0,200000.0,3,200000.0,2025-04-29,Tuesday,1,2025-04
86,customer34,855321317,3.0,147000.0,4,441000.0,2025-04-29,Tuesday,1,2025-04
87,customer35,149,1.0,50000000.0,1,50000000.0,2025-04-24,Thursday,3,2025-04
87,customer35,879516107,2.0,28750000.0,2,57500000.0,2025-04-24,Thursday,3,2025-04
87,customer35,879516110,4.0,46000000.0,3,184000000.0,2025-04-24,Thursday,3,2025-04
87,customer35,879516127,7.0,6268350.0,4,43878450.0,2025-04-24,Thursday,3,2025-04
87,customer35,879516130,1.0,295000000.0,5,295000000.0,2025-04-24,Thursday,3,2025-04
87,customer35,879516144,1.0,115050000.0,6,115050000.0,2025-04-24,Thursday,3,2025-04
87,customer35,879516019,1.0,9000000.0,7,9000000.0,2025-04-24,Thursday,3,2025-04
89,customer36,807261401,18.0,24640.0,1,443520.0,2025-04-26,Saturday,5,2025-04
89,customer36,819161020,64.0,258280.0,2,16529920.0,2025-04-26,Saturday,5,2025-04
89,customer36,855321401,8.0,44990.0,3,359920.0,2025-04-26,Saturday,5,2025-04
89,customer36,118,5.0,60000.0,4,300000.0,2025-04-26,Saturday,5,2025-04
89,customer36,855341801,2.0,1966910.0,5,3933820.0,2025-04-26,Saturday,5,2025-04
89,customer36,855341301,6.0,436370.0,6,2618220.0,2025-04-26,Saturday,5,2025-04
89,customer36,855341401,8.0,992970.0,7,7943760.0,2025-04-26,Saturday,5,2025-04
89,customer36,855321101,13.0,33330.0,8,433290.0,2025-04-26,Saturday,5,2025-04
89,customer36,855321501,18.0,61710.0,9,1110780.0,2025-04-26,Saturday,5,2025-04
89,customer36,855321301,25.0,43890.0,10,1097250.0,2025-04-26,Saturday,5,2025-04
90,customer36,855321201,4.0,31900.0,1,127600.0,2025-04-26,Saturday,5,2025-04
90,customer36,35,1.0,26934000.0,2,26934000.0,2025-04-26,Saturday,5,2025-04
90,customer36,36,6.0,21956000.0,3,131736000.0,2025-04-26,Saturday,5,2025-04
90,customer36,861645155,2.0,2375560.0,4,4751120.0,2025-04-26,Saturday,5,2025-04
90,customer36,762,6.0,1000000.0,5,6000000.0,2025-04-26,Saturday,5,2025-04
90,customer36,1150,10.0,340000.0,6,3400000.0,2025-04-26,Saturday,5,2025-04
90,customer36,641754,2.0,1960200.0,7,3920400.0,2025-04-26,Saturday,5,2025-04
90,customer36,641752,12.0,1915980.0,8,22991760.0,2025-04-26,Saturday,5,2025-04
90,customer36,962,5.0,492822.0,9,2464110.0,2025-04-26,Saturday,5,2025-04
90,customer36,1142,17.0,194000.0,10,3298000.0,2025-04-26,Saturday,5,2025-04
90,customer36,1141,5.0,400000.0,11,2000000.0,2025-04-26,Saturday,5,2025-04
90,customer36,1135,2.0,5040000.0,12,10080000.0,2025-04-26,Saturday,5,2025-04
90,customer36,1138,2.0,310000.0,13,620000.0,2025-04-26,Saturday,5,2025-04
90,customer36,1136,4.0,3840000.0,14,15360000.0,2025-04-26,Saturday,5,2025-04
91,customer36,1149,10.0,630000.0,1,6300000.0,2025-04-30,Wednesday,2,2025-04
91,customer36,1142,7.0,194000.0,2,1358000.0,2025-04-30,Wednesday,2,2025-04
92,customer13,879516199,1.0,82200000.0,1,82200000.0,2025-04-30,Wednesday,2,2025-04
93,customer37,879516057,1.0,24500000.0,1,24500000.0,2025-04-30,Wednesday,2,2025-04
94,customer38,879516127,5.0,6300000.0,1,31500000.0,2025-03-30,Sunday,6,2025-03
94,customer38,879516109,2.0,40250000.0,2,80500000.0,2025-03-30,Sunday,6,2025-03
94,customer38,879516110,3.0,46000000.0,3,138000000.0,2025-03-30,Sunday,6,2025-03
94,customer38,807261401,22.0,24640.0,4,542080.0,2025-03-30,Sunday,6,2025-03
94,customer38,807311113,7.0,113960.0,5,797720.0,2025-03-30,Sunday,6,2025-03
94,customer38,813121016,300.0,339240.0,6,101772000.0,2025-03-30,Sunday,6,2025-03
94,customer38,855121906,3.0,1102200.0,7,3306600.0,2025-03-30,Sunday,6,2025-03
94,customer38,855311134,2.0,10080400.0,8,20160800.0,2025-03-30,Sunday,6,2025-03
94,customer38,855212402,22.0,1719750.0,9,37834500.0,2025-03-30,Sunday,6,2025-03
94,customer38,323045,1.0,10862700.0,10,10862700.0,2025-03-30,Sunday,6,2025-03
94,customer38,861641102,22.0,1719190.0,11,37822180.0,2025-03-30,Sunday,6,2025-03
94,customer38,807311110,1.0,60500.0,12,60500.0,2025-03-30,Sunday,6,2025-03
94,customer38,323065,1.0,12841700.0,13,12841700.0,2025-03-30,Sunday,6,2025-03
94,customer38,807311125,1.0,340890.0,14,340890.0,2025-03-30,Sunday,6,2025-03
94,customer38,807311119,7.0,276210.0,15,1933470.0,2025-03-30,Sunday,6,2025-03
94,customer38,813121020,50.0,598950.0,16,29947500.0,2025-03-30,Sunday,6,2025-03
94,customer38,813121025,10.0,1014530.0,17,10145300.0,2025-03-30,Sunday,6,2025-03
94,customer38,855121235,2.0,1051710.0,18,2103420.0,2025-03-30,Sunday,6,2025-03
94,customer38,641312,3.0,5886980.0,19,17660940.0,2025-03-30,Sunday,6,2025-03
94,customer38,163642,8.0,2838990.0,20,22711920.0,2025-03-30,Sunday,6,2025-03
94,customer38,371016,300.0,32780.0,21,9834000.0,2025-03-30,Sunday,6,2025-03
94,customer38,641326,2.0,6896890.0,22,13793780.0,2025-03-30,Sunday,6,2025-03
94,customer38,855212410,2.0,3173280.0,23,6346560.0,2025-03-30,Sunday,6,2025-03
94,customer38,855311137,2.0,17473500.0,24,34947000.0,2025-03-30,Sunday,6,2025-03
94,customer38,855212424,2.0,5267680.0,25,10535360.0,2025-03-30,Sunday,6,2025-03
95,customer39,1425,2250.0,189970.0,1,427432500.0,2025-04-27,Sunday,6,2025-04
95,customer39,1406,3000.0,61050.0,2,183150000.0,2025-04-27,Sunday,6,2025-04
95,customer39,879272,3000.0,103180.0,3,309540000.0,2025-04-27,Sunday,6,2025-04
95,customer39,879273,2000.0,132110.0,4,264220000.0,2025-04-27,Sunday,6,2025-04
97,customer5,1405,1000.0,51480.0,1,51480000.0,2025-04-30,Wednesday,2,2025-04
99,customer10,879516007,10.0,440000.0,1,4400000.0,2025-04-29,Tuesday,1,2025-04
99,customer10,879516008,5.0,704000.0,2,3520000.0,2025-04-29,Tuesday,1,2025-04
99,customer10,879516009,10.0,801000.0,3,8010000.0,2025-04-29,Tuesday,1,2025-04
99,customer10,807261401,4.0,24640.0,4,98560.0,2025-04-29,Tuesday,1,2025-04
99,customer10,118,2.0,60000.0,5,120000.0,2025-04-29,Tuesday,1,2025-04
99,customer10,855162402,27.0,1302730.0,6,35173710.0,2025-04-29,Tuesday,1,2025-04
99,customer10,813121020,40.0,598950.0,7,23958000.0,2025-04-29,Tuesday,1,2025-04
99,customer10,855211552,4.0,3957250.0,8,15829000.0,2025-04-29,Tuesday,1,2025-04
99,customer10,641202,23.0,2611400.0,9,60062200.0,2025-04-29,Tuesday,1,2025-04
99,customer10,855162642,5.0,1853280.0,10,9266400.0,2025-04-29,Tuesday,1,2025-04
99,customer10,855161302,8.0,2151820.0,11,17214560.0,2025-04-29,Tuesday,1,2025-04
99,customer10,855161102,1.0,1115180.0,12,1115180.0,2025-04-29,Tuesday,1,2025-04
99,customer10,547,8.0,67650.0,13,541200.0,2025-04-29,Tuesday,1,2025-04
99,customer10,371020,20.0,41470.0,14,829400.0,2025-04-29,Tuesday,1,2025-04
99,customer10,855141904,3.0,1533510.0,15,4600530.0,2025-04-29,Tuesday,1,2025-04
100,customer40,641604,16.0,4493280.0,1,71892480.0,2025-05-03,Saturday,5,2025-05
100,customer40,1405,10000.0,51480.0,2,514800000.0,2025-05-03,Saturday,5,2025-05
100,customer40,641602,2.0,3073840.0,3,6147680.0,2025-05-03,Saturday,5,2025-05
101,customer41,879516108,1.0,34500000.0,1,34500000.0,2025-05-03,Saturday,5,2025-05
102,customer13,879516109,15.0,40240000.0,1,603600000.0,2025-05-03,Saturday,5,2025-05
102,customer13,879516110,20.0,45988600.0,2,919772000.0,2025-05-03,Saturday,5,2025-05
102,customer13,879516106,15.0,22993200.0,3,344898000.0,2025-05-03,Saturday,5,2025-05
103,customer13,879516177,30.0,980000.0,1,29400000.0,2025-04-29,Tuesday,1,2025-04
103,customer13,879261,20.0,190000.0,2,3800000.0,2025-04-29,Tuesday,1,2025-04
103,customer13,879259,20.0,115000.0,3,2300000.0,2025-04-29,Tuesday,1,2025-04
103,customer13,879260,20.0,275000.0,4,5500000.0,2025-04-29,Tuesday,1,2025-04
103,customer13,1464,10.0,1090000.0,5,10900000.0,2025-04-29,Tuesday,1,2025-04
103,customer13,1422,4.0,14740000.0,6,58960000.0,2025-04-29,Tuesday,1,2025-04
103,customer13,1273,30.0,315000.0,7,9450000.0,2025-04-29,Tuesday,1,2025-04
103,customer13,1272,30.0,245000.0,8,7350000.0,2025-04-29,Tuesday,1,2025-04
103,customer13,1140,30.0,520000.0,9,15600000.0,2025-04-29,Tuesday,1,2025-04
103,customer13,1142,30.0,194000.0,10,5820000.0,2025-04-29,Tuesday,1,2025-04
103,customer13,1141,30.0,400000.0,11,12000000.0,2025-04-29,Tuesday,1,2025-04
103,customer13,1249,30.0,435000.0,12,13050000.0,2025-04-29,Tuesday,1,2025-04
103,customer13,1198,30.0,640000.0,13,19200000.0,2025-04-29,Tuesday,1,2025-04
103,customer13,1158,40.0,805000.0,14,32200000.0,2025-04-29,Tuesday,1,2025-04
103,customer13,1159,30.0,1070000.0,15,32100000.0,2025-04-29,Tuesday,1,2025-04
103,customer13,1264,17.0,13100000.0,16,222700000.0,2025-04-29,Tuesday,1,2025-04
103,customer13,1271,30.0,134000.0,17,4020000.0,2025-04-29,Tuesday,1,2025-04
103,customer13,1267,30.0,360000.0,18,10800000.0,2025-04-29,Tuesday,1,2025-04
103,customer13,1266,20.0,6970000.0,19,139400000.0,2025-04-29,Tuesday,1,2025-04
103,customer13,1265,20.0,9850000.0,20,197000000.0,2025-04-29,Tuesday,1,2025-04
103,customer13,1150,10.0,340000.0,21,3400000.0,2025-04-29,Tuesday,1,2025-04
103,customer13,1149,30.0,630000.0,22,18900000.0,2025-04-29,Tuesday,1,2025-04
103,customer13,1148,30.0,405000.0,23,12150000.0,2025-04-29,Tuesday,1,2025-04
103,customer13,1151,10.0,1115000.0,24,11150000.0,2025-04-29,Tuesday,1,2025-04
103,customer13,1156,10.0,700000.0,25,7000000.0,2025-04-29,Tuesday,1,2025-04
103,customer13,1144,30.0,675000.0,26,20250000.0,2025-04-29,Tuesday,1,2025-04
103,customer13,1145,30.0,230000.0,27,6900000.0,2025-04-29,Tuesday,1,2025-04
103,customer13,1143,30.0,475000.0,28,14250000.0,2025-04-29,Tuesday,1,2025-04
103,customer13,1146,30.0,1130000.0,29,33900000.0,2025-04-29,Tuesday,1,2025-04
103,customer13,1147,30.0,815000.0,30,24450000.0,2025-04-29,Tuesday,1,2025-04
104,customer13,905,20.0,654170.0,1,13083400.0,2025-04-30,Wednesday,2,2025-04
104,customer13,904,30.0,556820.0,2,16704600.0,2025-04-30,Wednesday,2,2025-04
104,customer13,903,50.0,471460.0,3,23573000.0,2025-04-30,Wednesday,2,2025-04
104,customer13,547,700.0,67650.0,4,47355000.0,2025-04-30,Wednesday,2,2025-04
104,customer13,371020,2000.0,41470.0,5,82940000.0,2025-04-30,Wednesday,2,2025-04
104,customer13,371016,3000.0,32780.0,6,98340000.0,2025-04-30,Wednesday,2,2025-04
104,customer13,546,1400.0,52360.0,7,73304000.0,2025-04-30,Wednesday,2,2025-04
104,customer13,813121016,400.0,339240.0,8,135696000.0,2025-04-30,Wednesday,2,2025-04
105,customer42,879260,30.0,275000.0,1,8250000.0,2025-04-27,Sunday,6,2025-04
105,customer42,879261,30.0,190000.0,2,5700000.0,2025-04-27,Sunday,6,2025-04
105,customer42,879259,30.0,115000.0,3,3450000.0,2025-04-27,Sunday,6,2025-04
105,customer42,1146,20.0,1130000.0,4,22600000.0,2025-04-27,Sunday,6,2025-04
105,customer42,1143,80.0,475000.0,5,38000000.0,2025-04-27,Sunday,6,2025-04
105,customer42,1155,30.0,980000.0,6,29400000.0,2025-04-27,Sunday,6,2025-04
105,customer42,1151,30.0,1115000.0,7,33450000.0,2025-04-27,Sunday,6,2025-04
105,customer42,1134,35.0,7280000.0,8,254800000.0,2025-04-27,Sunday,6,2025-04
105,customer42,1135,35.0,5040000.0,9,176400000.0,2025-04-27,Sunday,6,2025-04
105,customer42,1136,45.0,3840000.0,10,172800000.0,2025-04-27,Sunday,6,2025-04
105,customer42,1140,120.0,520000.0,11,62400000.0,2025-04-27,Sunday,6,2025-04
106,customer41,1143,3.0,545000.0,1,1635000.0,2025-04-13,Sunday,6,2025-04
106,customer41,1049,2.0,200000.0,2,400000.0,2025-04-13,Sunday,6,2025-04
106,customer41,163,4.0,200000.0,3,800000.0,2025-04-13,Sunday,6,2025-04
106,customer41,129,2.0,368571.0,4,737142.0,2025-04-13,Sunday,6,2025-04
106,customer41,879516055,4.0,456932.0,5,1827728.0,2025-04-13,Sunday,6,2025-04
106,customer41,879516054,3.0,1300000.0,6,3900000.0,2025-04-13,Sunday,6,2025-04
106,customer41,807261401,30.0,24640.0,7,739200.0,2025-04-13,Sunday,6,2025-04
106,customer41,879048,1.0,260000.0,8,260000.0,2025-04-13,Sunday,6,2025-04
107,customer30,462113,1.0,1774080.0,1,1774080.0,2025-05-05,Monday,0,2025-05
108,customer43,819121020,280.0,338140.0,1,94679200.0,2025-05-05,Monday,0,2025-05
108,customer43,855321751,80.0,252670.0,2,20213600.0,2025-05-05,Monday,0,2025-05
108,customer43,855321309,80.0,115830.0,3,9266400.0,2025-05-05,Monday,0,2025-05
108,customer43,861645201,10.0,1636030.0,4,16360300.0,2025-05-05,Monday,0,2025-05
108,customer43,861645151,10.0,1600060.0,5,16000600.0,2025-05-05,Monday,0,2025-05
108,customer43,855321742,50.0,398310.0,6,19915500.0,2025-05-05,Monday,0,2025-05
108,customer43,855321505,100.0,87340.0,7,8734000.0,2025-05-05,Monday,0,2025-05
108,customer43,855321501,170.0,61710.0,8,10490700.0,2025-05-05,Monday,0,2025-05
108,customer43,861645155,10.0,2375560.0,9,23755600.0,2025-05-05,Monday,0,2025-05
108,customer43,819141025,200.0,460350.0,10,92070000.0,2025-05-05,Monday,0,2025-05
109,customer44,417,3.0,1000000.0,1,3000000.0,2025-05-05,Monday,0,2025-05
109,customer44,118,4.0,60000.0,2,240000.0,2025-05-05,Monday,0,2025-05
109,customer44,516,1.0,1500000.0,3,1500000.0,2025-05-05,Monday,0,2025-05
109,customer44,747,3.0,950000.0,4,2850000.0,2025-05-05,Monday,0,2025-05
110,customer44,855162402,29.0,1302730.0,1,37779170.0,2025-05-05,Monday,0,2025-05
110,customer44,813121020,12.0,598950.0,2,7187400.0,2025-05-05,Monday,0,2025-05
110,customer44,855162436,2.0,6397710.0,3,12795420.0,2025-05-05,Monday,0,2025-05
110,customer44,807311119,10.0,276210.0,4,2762100.0,2025-05-05,Monday,0,2025-05
110,customer44,855162410,2.0,1782330.0,5,3564660.0,2025-05-05,Monday,0,2025-05
110,customer44,92632,12.0,1567720.0,6,18812640.0,2025-05-05,Monday,0,2025-05
110,customer44,807311110,6.0,60500.0,7,363000.0,2025-05-05,Monday,0,2025-05
110,customer44,855121244,2.0,1952170.0,8,3904340.0,2025-05-05,Monday,0,2025-05
110,customer44,807311125,1.0,340890.0,9,340890.0,2025-05-05,Monday,0,2025-05
110,customer44,323045,1.0,10862700.0,10,10862700.0,2025-05-05,Monday,0,2025-05
110,customer44,855311240,2.0,35382710.0,11,70765420.0,2025-05-05,Monday,0,2025-05
110,customer44,855121906,1.0,1102200.0,12,1102200.0,2025-05-05,Monday,0,2025-05
110,customer44,855121908,2.0,2337060.0,13,4674120.0,2025-05-05,Monday,0,2025-05
110,customer44,855311135,1.0,12488410.0,14,12488410.0,2025-05-05,Monday,0,2025-05
110,customer44,855311134,1.0,10080400.0,15,10080400.0,2025-05-05,Monday,0,2025-05
110,customer44,813121016,400.0,339240.0,16,135696000.0,2025-05-05,Monday,0,2025-05
110,customer44,855121102,4.0,587950.0,17,2351800.0,2025-05-05,Monday,0,2025-05
110,customer44,807311113,12.0,113960.0,18,1367520.0,2025-05-05,Monday,0,2025-05
110,customer44,855121142,2.0,1139270.0,19,2278540.0,2025-05-05,Monday,0,2025-05
110,customer44,641436,2.0,11215930.0,20,22431860.0,2025-05-05,Monday,0,2025-05
110,customer44,641202,29.0,2611400.0,21,75730600.0,2025-05-05,Monday,0,2025-05
110,customer44,641426,1.0,10681990.0,22,10681990.0,2025-05-05,Monday,0,2025-05
110,customer44,855121235,4.0,1051710.0,23,4206840.0,2025-05-05,Monday,0,2025-05
110,customer44,371016,170.0,32780.0,24,5572600.0,2025-05-05,Monday,0,2025-05
110,customer44,371020,10.0,41470.0,25,414700.0,2025-05-05,Monday,0,2025-05
110,customer44,855162642,19.0,1853280.0,26,35212320.0,2025-05-05,Monday,0,2025-05
110,customer44,547,10.0,67650.0,27,676500.0,2025-05-05,Monday,0,2025-05
110,customer44,323075,1.0,14951400.0,28,14951400.0,2025-05-05,Monday,0,2025-05
110,customer44,855121188,2.0,927410.0,29,1854820.0,2025-05-05,Monday,0,2025-05
110,customer44,813141025,10.0,953480.0,30,9534800.0,2025-05-05,Monday,0,2025-05
110,customer44,641412,2.0,6115230.0,31,12230460.0,2025-05-05,Monday,0,2025-05
110,customer44,807261401,50.0,24640.0,32,1232000.0,2025-05-05,Monday,0,2025-05
111,customer1,819161020,140.0,258280.0,1,36159200.0,2025-05-03,Saturday,5,2025-05
113,customer45,1159,1.0,1070000.0,1,1070000.0,2025-05-06,Tuesday,1,2025-05
113,customer45,1145,4.0,230000.0,2,920000.0,2025-05-06,Tuesday,1,2025-05
113,customer45,1144,2.0,675000.0,3,1350000.0,2025-05-06,Tuesday,1,2025-05
113,customer45,1146,2.0,1130000.0,4,2260000.0,2025-05-06,Tuesday,1,2025-05
113,customer45,1148,5.0,405000.0,5,2025000.0,2025-05-06,Tuesday,1,2025-05
113,customer45,1150,6.0,340000.0,6,2040000.0,2025-05-06,Tuesday,1,2025-05
113,customer45,1149,2.0,630000.0,7,1260000.0,2025-05-06,Tuesday,1,2025-05
113,customer45,1151,1.0,1115000.0,8,1115000.0,2025-05-06,Tuesday,1,2025-05
113,customer45,1138,2.0,310000.0,9,620000.0,2025-05-06,Tuesday,1,2025-05
113,customer45,1137,0.0833,8560000.0,10,713048.0,2025-05-06,Tuesday,1,2025-05
113,customer45,1136,2.0,3840000.0,11,7680000.0,2025-05-06,Tuesday,1,2025-05
113,customer45,1134,1.0,7280000.0,12,7280000.0,2025-05-06,Tuesday,1,2025-05
113,customer45,1135,2.0,5040000.0,13,10080000.0,2025-05-06,Tuesday,1,2025-05
113,customer45,1142,16.0,194000.0,14,3104000.0,2025-05-06,Tuesday,1,2025-05
113,customer45,1141,10.0,400000.0,15,4000000.0,2025-05-06,Tuesday,1,2025-05
113,customer45,1140,10.0,520000.0,16,5200000.0,2025-05-06,Tuesday,1,2025-05
114,customer45,855321209,2.0,45540.0,1,91080.0,2025-05-06,Tuesday,1,2025-05
114,customer45,855321617,2.0,122100.0,2,244200.0,2025-05-06,Tuesday,1,2025-05
114,customer45,855321109,4.0,70840.0,3,283360.0,2025-05-06,Tuesday,1,2025-05
114,customer45,855341341,2.0,669020.0,4,1338040.0,2025-05-06,Tuesday,1,2025-05
114,customer45,855341409,6.0,1342440.0,5,8054640.0,2025-05-06,Tuesday,1,2025-05
114,customer45,962,5.0,547580.0,6,2737900.0,2025-05-06,Tuesday,1,2025-05
114,customer45,855321709,2.0,55440.0,7,110880.0,2025-05-06,Tuesday,1,2025-05
114,customer45,819121020,92.0,338140.0,8,31108880.0,2025-05-06,Tuesday,1,2025-05
114,customer45,819121032,24.0,1078660.0,9,25887840.0,2025-05-06,Tuesday,1,2025-05
114,customer45,855321309,6.0,115830.0,10,694980.0,2025-05-06,Tuesday,1,2025-05
114,customer45,855321605,10.0,80190.0,11,801900.0,2025-05-06,Tuesday,1,2025-05
114,customer45,855321105,10.0,40700.0,12,407000.0,2025-05-06,Tuesday,1,2025-05
114,customer45,855321301,40.0,43890.0,13,1755600.0,2025-05-06,Tuesday,1,2025-05
114,customer45,855321305,20.0,69080.0,14,1381600.0,2025-05-06,Tuesday,1,2025-05
114,customer45,855321101,14.0,33330.0,15,466620.0,2025-05-06,Tuesday,1,2025-05
114,customer45,855321505,8.0,87340.0,16,698720.0,2025-05-06,Tuesday,1,2025-05
114,customer45,855341301,12.0,436370.0,17,5236440.0,2025-05-06,Tuesday,1,2025-05
114,customer45,819141025,52.0,460350.0,18,23938200.0,2025-05-06,Tuesday,1,2025-05
114,customer45,855341401,3.0,992970.0,19,2978910.0,2025-05-06,Tuesday,1,2025-05
114,customer45,861645155,2.0,2375560.0,20,4751120.0,2025-05-06,Tuesday,1,2025-05
114,customer45,855321201,8.0,31900.0,21,255200.0,2025-05-06,Tuesday,1,2025-05
114,customer45,807261401,28.0,24640.0,22,689920.0,2025-05-06,Tuesday,1,2025-05
114,customer45,855321621,2.0,144870.0,23,289740.0,2025-05-06,Tuesday,1,2025-05
115,customer46,879516108,3.0,36600000.0,1,109800000.0,2025-05-06,Tuesday,1,2025-05
115,customer46,879516110,4.0,48800000.0,2,195200000.0,2025-05-06,Tuesday,1,2025-05
115,customer46,645,1.0,511000000.0,3,511000000.0,2025-05-06,Tuesday,1,2025-05
116,customer46,879177,1.0,9500000.0,1,9500000.0,2025-05-06,Tuesday,1,2025-05
116,customer46,879162,2.0,3200000.0,2,6400000.0,2025-05-06,Tuesday,1,2025-05
116,customer46,879161,2.0,2400000.0,3,4800000.0,2025-05-06,Tuesday,1,2025-05
116,customer46,879148,14.0,450000.0,4,6300000.0,2025-05-06,Tuesday,1,2025-05
116,customer46,879001,1.0,9000000.0,5,9000000.0,2025-05-06,Tuesday,1,2025-05
116,customer46,879245,1.0,2900000.0,6,2900000.0,2025-05-06,Tuesday,1,2025-05
116,customer46,879516116,0.5,1500000.0,7,750000.0,2025-05-06,Tuesday,1,2025-05
116,customer46,879516127,7.0,6268350.0,8,43878450.0,2025-05-06,Tuesday,1,2025-05
116,customer46,118,12.0,60000.0,9,720000.0,2025-05-06,Tuesday,1,2025-05
116,customer46,115,2.0,40000.0,10,80000.0,2025-05-06,Tuesday,1,2025-05
116,customer46,641524,2.0,4180000.0,11,8360000.0,2025-05-06,Tuesday,1,2025-05
116,customer46,641522,1.0,3521980.0,12,3521980.0,2025-05-06,Tuesday,1,2025-05
116,customer46,641642,1.0,3598540.0,13,3598540.0,2025-05-06,Tuesday,1,2025-05
116,customer46,1233,1.0,500000.0,14,500000.0,2025-05-06,Tuesday,1,2025-05
116,customer46,121180,6.0,476520.0,15,2859120.0,2025-05-06,Tuesday,1,2025-05
116,customer46,611,1.0,600000.0,16,600000.0,2025-05-06,Tuesday,1,2025-05
118,customer43,855341221,10.0,1492590.0,1,14925900.0,2025-05-08,Thursday,3,2025-05
118,customer43,341901,20.0,659840.0,2,13196800.0,2025-05-08,Thursday,3,2025-05
118,customer43,855341345,10.0,939840.0,3,9398400.0,2025-05-08,Thursday,3,2025-05
118,customer43,855321617,30.0,122100.0,4,3663000.0,2025-05-08,Thursday,3,2025-05
118,customer43,855321109,10.0,70840.0,5,708400.0,2025-05-08,Thursday,3,2025-05
118,customer43,855341121,10.0,902770.0,6,9027700.0,2025-05-08,Thursday,3,2025-05
118,customer43,855341801,10.0,1966910.0,7,19669100.0,2025-05-08,Thursday,3,2025-05
118,customer43,855321301,250.0,43890.0,8,10972500.0,2025-05-08,Thursday,3,2025-05
118,customer43,855341401,30.0,992970.0,9,29789100.0,2025-05-08,Thursday,3,2025-05
119,customer43,879273,200.0,155430.0,1,31086000.0,2025-05-12,Monday,0,2025-05
119,customer43,819121020,420.0,338140.0,2,142018800.0,2025-05-12,Monday,0,2025-05
120,customer31,855212402,48.0,1719850.0,1,82552800.0,2025-05-10,Saturday,5,2025-05
120,customer31,855311240,2.0,35382710.0,2,70765420.0,2025-05-10,Saturday,5,2025-05
120,customer31,855321605,120.0,80190.0,3,9622800.0,2025-05-10,Saturday,5,2025-05
120,customer31,855341301,240.0,436370.0,4,104728800.0,2025-05-10,Saturday,5,2025-05
120,customer31,819141025,400.0,460350.0,5,184140000.0,2025-05-10,Saturday,5,2025-05
120,customer31,819141020,700.0,291720.0,6,204204000.0,2025-05-10,Saturday,5,2025-05
120,customer31,855341401,60.0,992970.0,7,59578200.0,2025-05-10,Saturday,5,2025-05
120,customer31,855321505,100.0,87340.0,8,8734000.0,2025-05-10,Saturday,5,2025-05
120,customer31,819141032,80.0,868230.0,9,69458400.0,2025-05-10,Saturday,5,2025-05
120,customer31,855321101,360.0,33330.0,10,11998800.0,2025-05-10,Saturday,5,2025-05
120,customer31,855321301,750.0,43890.0,11,32917500.0,2025-05-10,Saturday,5,2025-05
120,customer31,855321305,150.0,69080.0,12,10362000.0,2025-05-10,Saturday,5,2025-05
120,customer31,855321501,340.0,61710.0,13,20981400.0,2025-05-10,Saturday,5,2025-05
120,customer31,855341201,160.0,680020.0,14,108803200.0,2025-05-10,Saturday,5,2025-05
120,customer31,861645151,55.0,1600060.0,15,88003300.0,2025-05-10,Saturday,5,2025-05
120,customer31,855121142,30.0,1139270.0,16,34178100.0,2025-05-10,Saturday,5,2025-05
120,customer31,819121020,140.0,338140.0,17,47339600.0,2025-05-10,Saturday,5,2025-05
120,customer31,819121032,80.0,1078660.0,18,86292800.0,2025-05-10,Saturday,5,2025-05
120,customer31,855213402,20.0,3091330.0,19,61826600.0,2025-05-10,Saturday,5,2025-05
120,customer31,855321371,190.0,71390.0,20,13564100.0,2025-05-10,Saturday,5,2025-05
120,customer31,855212410,20.0,3173280.0,21,63465600.0,2025-05-10,Saturday,5,2025-05
120,customer31,855211302,6.0,2593910.0,22,15563460.0,2025-05-10,Saturday,5,2025-05
120,customer31,855211310,4.0,2833820.0,23,11335280.0,2025-05-10,Saturday,5,2025-05
120,customer31,855121402,15.0,1476200.0,24,22143000.0,2025-05-10,Saturday,5,2025-05
123,customer1,962,3.0,656150.0,1,1968450.0,2025-05-16,Friday,4,2025-05
123,customer1,1405,100.0,56430.0,2,5643000.0,2025-05-16,Friday,4,2025-05
123,customer1,879273,200.0,155430.0,3,31086000.0,2025-05-16,Friday,4,2025-05
123,customer1,879272,200.0,121440.0,4,24288000.0,2025-05-16,Friday,4,2025-05
124,customer1,1138,8.0,310000.0,1,2480000.0,2025-05-16,Friday,4,2025-05
124,customer1,1249,2.0,435000.0,2,870000.0,2025-05-16,Friday,4,2025-05
124,customer1,1272,4.0,245000.0,3,980000.0,2025-05-16,Friday,4,2025-05
125,customer17,287,1.0,2500000.0,1,2500000.0,2025-05-17,Saturday,5,2025-05
127,customer47,92632,16.0,1567720.0,1,25083520.0,2025-05-17,Saturday,5,2025-05
128,customer43,807261401,150.0,24640.0,1,3696000.0,2025-05-18,Sunday,6,2025-05
128,customer43,819121020,48.0,338140.0,2,16230720.0,2025-05-18,Sunday,6,2025-05
128,customer43,855341309,95.0,520080.0,3,49407600.0,2025-05-18,Sunday,6,2025-05
128,customer43,855321301,250.0,43890.0,4,10972500.0,2025-05-18,Sunday,6,2025-05
128,customer43,855341301,120.0,436370.0,5,52364400.0,2025-05-18,Sunday,6,2025-05
128,customer43,819141020,280.0,291720.0,6,81681600.0,2025-05-18,Sunday,6,2025-05
130,customer41,855161102,1.0,1115180.0,1,1115180.0,2025-05-18,Sunday,6,2025-05
130,customer41,855161302,10.0,2151820.0,2,21518200.0,2025-05-18,Sunday,6,2025-05
130,customer41,855121142,2.0,1139270.0,3,2278540.0,2025-05-18,Sunday,6,2025-05
130,customer41,807311110,5.0,60500.0,4,302500.0,2025-05-18,Sunday,6,2025-05
130,customer41,855161710,1.0,1369500.0,5,1369500.0,2025-05-18,Sunday,6,2025-05
130,customer41,813121020,28.0,598950.0,6,16770600.0,2025-05-18,Sunday,6,2025-05
130,customer41,417,1.0,1000000.0,7,1000000.0,2025-05-18,Sunday,6,2025-05
130,customer41,855121102,6.0,587950.0,8,3527700.0,2025-05-18,Sunday,6,2025-05
130,customer41,813121016,8.0,339240.0,9,2713920.0,2025-05-18,Sunday,6,2025-05
130,customer41,118,3.0,60000.0,10,180000.0,2025-05-18,Sunday,6,2025-05
131,customer48,1136,50.0,3840000.0,1,192000000.0,2025-05-08,Thursday,3,2025-05
131,customer48,1135,25.0,5040000.0,2,126000000.0,2025-05-08,Thursday,3,2025-05
131,customer48,1134,25.0,7280000.0,3,182000000.0,2025-05-08,Thursday,3,2025-05
133,customer49,855121190,2.0,1226060.0,1,2452120.0,2025-05-19,Monday,0,2025-05
133,customer49,371020,14.0,41470.0,2,580580.0,2025-05-19,Monday,0,2025-05
133,customer49,855141502,1.0,1864830.0,3,1864830.0,2025-05-19,Monday,0,2025-05
133,customer49,855162402,2.0,1302730.0,4,2605460.0,2025-05-19,Monday,0,2025-05
133,customer49,813121020,22.0,598850.0,5,13174700.0,2025-05-19,Monday,0,2025-05
133,customer49,855121906,1.0,1102200.0,6,1102200.0,2025-05-19,Monday,0,2025-05
134,customer50,855141102,14.0,1196910.0,1,16756740.0,2025-05-19,Monday,0,2025-05
135,customer44,855141102,2.0,1196910.0,1,2393820.0,2025-05-19,Monday,0,2025-05
136,customer6,879516203,15.0,400000.0,1,6000000.0,2025-05-19,Monday,0,2025-05
136,customer6,879091,5.6,630000.0,2,3528000.0,2025-05-19,Monday,0,2025-05
136,customer6,807261401,12.0,24640.0,3,295680.0,2025-05-19,Monday,0,2025-05
136,customer6,879157,7.0,250000.0,4,1750000.0,2025-05-19,Monday,0,2025-05
136,customer6,641412,2.0,6115230.0,5,12230460.0,2025-05-19,Monday,0,2025-05
136,customer6,1438,84.0,320540.0,6,26925360.0,2025-05-19,Monday,0,2025-05
136,customer6,855161302,7.0,2151820.0,7,15062740.0,2025-05-19,Monday,0,2025-05
136,customer6,855162642,5.0,1853280.0,8,9266400.0,2025-05-19,Monday,0,2025-05
136,customer6,855616102,1.0,1115180.0,9,1115180.0,2025-05-19,Monday,0,2025-05
136,customer6,855321705,2.0,36630.0,10,73260.0,2025-05-19,Monday,0,2025-05
136,customer6,371020,78.0,41470.0,11,3234660.0,2025-05-19,Monday,0,2025-05
136,customer6,641436,2.0,11215930.0,12,22431860.0,2025-05-19,Monday,0,2025-05
136,customer6,641202,20.0,2611400.0,13,52228000.0,2025-05-19,Monday,0,2025-05
136,customer6,323035,1.0,9889000.0,14,9889000.0,2025-05-19,Monday,0,2025-05
136,customer6,855121235,4.0,1051710.0,15,4206840.0,2025-05-19,Monday,0,2025-05
136,customer6,855311134,2.0,10080400.0,16,20160800.0,2025-05-19,Monday,0,2025-05
136,customer6,855121432,2.0,2409880.0,17,4819760.0,2025-05-19,Monday,0,2025-05
136,customer6,400,82.0,350000.0,18,28700000.0,2025-05-19,Monday,0,2025-05
136,customer6,855311136,2.0,14983540.0,19,29967080.0,2025-05-19,Monday,0,2025-05
136,customer6,855121906,2.0,1102200.0,20,2204400.0,2025-05-19,Monday,0,2025-05
136,customer6,417,1.0,1000000.0,21,1000000.0,2025-05-19,Monday,0,2025-05
136,customer6,855162410,2.0,1782330.0,22,3564660.0,2025-05-19,Monday,0,2025-05
136,customer6,92632,1.8,1567720.0,23,2821896.0,2025-05-19,Monday,0,2025-05
136,customer6,807311125,1.0,340890.0,24,340890.0,2025-05-19,Monday,0,2025-05
136,customer6,323065,1.0,13808520.0,25,13808520.0,2025-05-19,Monday,0,2025-05
136,customer6,807311110,2.0,60500.0,26,121000.0,2025-05-19,Monday,0,2025-05
136,customer6,641940,1.0,10931140.0,27,10931140.0,2025-05-19,Monday,0,2025-05
136,customer6,855162436,2.0,6397710.0,28,12795420.0,2025-05-19,Monday,0,2025-05
136,customer6,813121020,55.0,598950.0,29,32942250.0,2025-05-19,Monday,0,2025-05
136,customer6,855161710,2.0,1369500.0,30,2739000.0,2025-05-19,Monday,0,2025-05
136,customer6,855162402,8.0,1302730.0,31,10421840.0,2025-05-19,Monday,0,2025-05
136,customer6,118,2.0,60000.0,32,120000.0,2025-05-19,Monday,0,2025-05
136,customer6,855121102,2.0,587950.0,33,1175900.0,2025-05-19,Monday,0,2025-05
136,customer6,807311113,5.0,113960.0,34,569800.0,2025-05-19,Monday,0,2025-05
136,customer6,813121016,590.0,339240.0,35,200151600.0,2025-05-19,Monday,0,2025-05
137,customer51,819161020,4.0,258280.0,1,1033120.0,2025-05-19,Monday,0,2025-05
137,customer51,855141302,1.0,3167670.0,2,3167670.0,2025-05-19,Monday,0,2025-05
137,customer51,855341705,3.0,397980.0,3,1193940.0,2025-05-19,Monday,0,2025-05
137,customer51,855321605,2.0,80190.0,4,160380.0,2025-05-19,Monday,0,2025-05
137,customer51,813121016,7.0,339240.0,5,2374680.0,2025-05-19,Monday,0,2025-05
137,customer51,813121102,2.0,578950.0,6,1157900.0,2025-05-19,Monday,0,2025-05
137,customer51,118,1.0,60000.0,7,60000.0,2025-05-19,Monday,0,2025-05
137,customer51,855321301,12.0,43890.0,8,526680.0,2025-05-19,Monday,0,2025-05
137,customer51,855341301,2.0,436370.0,9,872740.0,2025-05-19,Monday,0,2025-05
138,customer51,1142,4.0,194000.0,1,776000.0,2025-04-29,Tuesday,1,2025-04
138,customer51,1136,0.166,3840000.0,2,637440.0,2025-04-29,Tuesday,1,2025-04
138,customer51,1271,1.0,134000.0,3,134000.0,2025-04-29,Tuesday,1,2025-04
138,customer51,1145,1.0,230000.0,4,230000.0,2025-04-29,Tuesday,1,2025-04
139,customer52,855341301,4.0,436370.0,1,1745480.0,2025-05-21,Wednesday,2,2025-05
139,customer52,855321101,5.0,33330.0,2,166650.0,2025-05-21,Wednesday,2,2025-05
139,customer52,855321301,4.0,43890.0,3,175560.0,2025-05-21,Wednesday,2,2025-05
139,customer52,855321501,3.0,61710.0,4,185130.0,2025-05-21,Wednesday,2,2025-05
139,customer52,855321701,2.0,28160.0,5,56320.0,2025-05-21,Wednesday,2,2025-05
139,customer52,807261201,1.0,26620.0,6,26620.0,2025-05-21,Wednesday,2,2025-05
140,customer41,879516204,2.0,1100000.0,1,2200000.0,2025-05-21,Wednesday,2,2025-05
142,customer1,819141025,100.0,460350.0,1,46035000.0,2025-05-23,Friday,4,2025-05
142,customer1,855341801,10.0,1966910.0,2,19669100.0,2025-05-23,Friday,4,2025-05
142,customer1,855341805,10.0,2745820.0,3,27458200.0,2025-05-23,Friday,4,2025-05
142,customer1,855341809,2.0,3573900.0,4,7147800.0,2025-05-23,Friday,4,2025-05
142,customer1,879273,158.0,155430.0,5,24557940.0,2025-05-23,Friday,4,2025-05
143,customer53,807261401,69.0,24640.0,1,1700160.0,2025-04-15,Tuesday,1,2025-04
144,customer26,819161020,12.0,258280.0,1,3099360.0,2025-04-19,Saturday,5,2025-04
144,customer26,879164,2.0,2600000.0,2,5200000.0,2025-04-19,Saturday,5,2025-04
144,customer26,879516044,2.0,3200000.0,3,6400000.0,2025-04-19,Saturday,5,2025-04
144,customer26,879516173,2.0,18480000.0,4,36960000.0,2025-04-19,Saturday,5,2025-04
144,customer26,855341909,1.0,851070.0,5,851070.0,2025-04-19,Saturday,5,2025-04
144,customer26,855321741,4.0,215820.0,6,863280.0,2025-04-19,Saturday,5,2025-04
144,customer26,855341309,1.0,520080.0,7,520080.0,2025-04-19,Saturday,5,2025-04
144,customer26,118,2.0,60000.0,8,120000.0,2025-04-19,Saturday,5,2025-04
144,customer26,855321201,2.0,31900.0,9,63800.0,2025-04-19,Saturday,5,2025-04
144,customer26,807211125,10.0,17160.0,10,171600.0,2025-04-19,Saturday,5,2025-04
144,customer26,855321501,3.0,61710.0,11,185130.0,2025-04-19,Saturday,5,2025-04
144,customer26,855321301,5.0,43890.0,12,219450.0,2025-04-19,Saturday,5,2025-04
144,customer26,855321505,2.0,87340.0,13,174680.0,2025-04-19,Saturday,5,2025-04
144,customer26,861645155,1.0,2375560.0,14,2375560.0,2025-04-19,Saturday,5,2025-04
144,customer26,819141025,4.0,460350.0,15,1841400.0,2025-04-19,Saturday,5,2025-04
144,customer26,855341301,2.0,436370.0,16,872740.0,2025-04-19,Saturday,5,2025-04
144,customer26,855341317,8.0,853600.0,17,6828800.0,2025-04-19,Saturday,5,2025-04
144,customer26,855321605,3.0,80190.0,18,240570.0,2025-04-19,Saturday,5,2025-04
144,customer26,807211109,10.0,12100.0,19,121000.0,2025-04-19,Saturday,5,2025-04
144,customer26,641522,1.0,3521980.0,20,3521980.0,2025-04-19,Saturday,5,2025-04
144,customer26,855321105,1.0,40700.0,21,40700.0,2025-04-19,Saturday,5,2025-04
144,customer26,807211105,10.0,11000.0,22,110000.0,2025-04-19,Saturday,5,2025-04
145,customer6,855162682,1.0,5943630.0,1,5943630.0,2025-04-23,Wednesday,2,2025-04
145,customer6,516,1.0,1281940.0,2,1281940.0,2025-04-23,Wednesday,2,2025-04
145,customer6,855141522,2.0,3615700.0,3,7231400.0,2025-04-23,Wednesday,2,2025-04
146,customer54,855321705,2.0,36630.0,1,73260.0,2025-04-22,Tuesday,1,2025-04
146,customer54,819141025,60.0,460350.0,2,27621000.0,2025-04-22,Tuesday,1,2025-04
146,customer54,819141020,8.0,291720.0,3,2333760.0,2025-04-22,Tuesday,1,2025-04
146,customer54,855321301,8.0,43890.0,4,351120.0,2025-04-22,Tuesday,1,2025-04
146,customer54,855321305,4.0,69080.0,5,276320.0,2025-04-22,Tuesday,1,2025-04
146,customer54,855321201,4.0,31900.0,6,127600.0,2025-04-22,Tuesday,1,2025-04
146,customer54,855321605,3.0,80190.0,7,240570.0,2025-04-22,Tuesday,1,2025-04
146,customer54,855321105,16.0,40700.0,8,651200.0,2025-04-22,Tuesday,1,2025-04
147,customer22,879516204,2.0,1100000.0,1,2200000.0,2025-05-17,Saturday,5,2025-05
147,customer22,879516158,1.0,53500000.0,2,53500000.0,2025-05-17,Saturday,5,2025-05
147,customer22,879516167,1.0,18000000.0,3,18000000.0,2025-05-17,Saturday,5,2025-05
147,customer22,879516159,1.0,31000000.0,4,31000000.0,2025-05-17,Saturday,5,2025-05
147,customer22,879516160,1.0,18636000.0,5,18636000.0,2025-05-17,Saturday,5,2025-05
148,customer21,819121025,36.0,536470.0,1,19312920.0,2025-05-23,Friday,4,2025-05
148,customer21,879516198,1.0,3047660.0,2,3047660.0,2025-05-23,Friday,4,2025-05
149,customer21,819121020,40.0,338140.0,1,13525600.0,2025-04-23,Wednesday,2,2025-04
149,customer21,819121025,8.0,536470.0,2,4291760.0,2025-04-23,Wednesday,2,2025-04
150,customer7,819161025,100.0,411730.0,1,41173000.0,2025-05-06,Tuesday,1,2025-05
150,customer7,341901,20.0,659840.0,2,13196800.0,2025-05-06,Tuesday,1,2025-05
150,customer7,861645151,15.0,1600060.0,3,24000900.0,2025-05-06,Tuesday,1,2025-05
150,customer7,855321501,170.0,61710.0,4,10490700.0,2025-05-06,Tuesday,1,2025-05
150,customer7,855341301,120.0,436370.0,5,52364400.0,2025-05-06,Tuesday,1,2025-05
150,customer7,807211109,80.0,11000.0,6,880000.0,2025-05-06,Tuesday,1,2025-05
151,customer55,855121186,3.0,849970.0,1,2549910.0,2025-05-06,Tuesday,1,2025-05
151,customer55,121180,3.0,476520.0,2,1429560.0,2025-05-06,Tuesday,1,2025-05
151,customer55,855121182,3.0,631400.0,3,1894200.0,2025-05-06,Tuesday,1,2025-05
151,customer55,516,1.0,1281940.0,4,1281940.0,2025-05-06,Tuesday,1,2025-05
151,customer55,855341121,3.0,902770.0,1,2708310.0,2025-05-06,Tuesday,1,2025-05
151,customer55,855321301,2.0,43890.0,2,87780.0,2025-05-06,Tuesday,1,2025-05
151,customer55,855321501,1.0,61710.0,3,61710.0,2025-05-06,Tuesday,1,2025-05
151,customer55,861645201,1.0,1636030.0,4,1636030.0,2025-05-06,Tuesday,1,2025-05
151,customer55,855121244,1.0,1952170.0,5,1952170.0,2025-05-06,Tuesday,1,2025-05
151,customer55,855321309,2.0,115830.0,6,231660.0,2025-05-06,Tuesday,1,2025-05
151,customer55,861645159,1.0,3526820.0,7,3526820.0,2025-05-06,Tuesday,1,2025-05
153,customer11,962,72.0,656150.0,1,47242800.0,2025-05-07,Wednesday,2,2025-05
154,customer26,855141534,2.0,2576310.0,1,5152620.0,2025-05-10,Saturday,5,2025-05
154,customer26,855141530,1.0,2799720.0,2,2799720.0,2025-05-10,Saturday,5,2025-05
154,customer26,807341212,1.0,1079500.0,3,1079500.0,2025-05-10,Saturday,5,2025-05
154,customer26,855161110,1.0,1983630.0,4,1983630.0,2025-05-10,Saturday,5,2025-05
155,customer41,962,2.0,547580.0,1,1095160.0,2025-05-10,Saturday,5,2025-05
156,customer1,855321301,250.0,43890.0,1,10972500.0,2025-05-10,Saturday,5,2025-05
156,customer1,855321305,150.0,69080.0,2,10362000.0,2025-05-10,Saturday,5,2025-05
157,customer44,855162402,14.0,1302730.0,1,18238220.0,2025-05-13,Tuesday,1,2025-05
157,customer44,855161710,1.0,1369500.0,2,1369500.0,2025-05-13,Tuesday,1,2025-05
157,customer44,813121020,25.0,598950.0,3,14973750.0,2025-05-13,Tuesday,1,2025-05
157,customer44,855162436,2.0,6397710.0,4,12795420.0,2025-05-13,Tuesday,1,2025-05
157,customer44,807311119,5.0,276210.0,5,1381050.0,2025-05-13,Tuesday,1,2025-05
157,customer44,92632,20.0,1567720.0,6,31354400.0,2025-05-13,Tuesday,1,2025-05
157,customer44,855141104,1.0,1939850.0,7,1939850.0,2025-05-13,Tuesday,1,2025-05
157,customer44,807311110,2.0,60500.0,8,121000.0,2025-05-13,Tuesday,1,2025-05
157,customer44,323065,1.0,13808520.0,9,13808520.0,2025-05-13,Tuesday,1,2025-05
157,customer44,807241513,2.0,46200.0,10,92400.0,2025-05-13,Tuesday,1,2025-05
157,customer44,855121906,2.0,1102200.0,11,2204400.0,2025-05-13,Tuesday,1,2025-05
157,customer44,855311135,2.0,12488410.0,12,24976820.0,2025-05-13,Tuesday,1,2025-05
157,customer44,855121432,1.0,2409880.0,13,2409880.0,2025-05-13,Tuesday,1,2025-05
157,customer44,807311113,2.0,113960.0,14,227920.0,2025-05-13,Tuesday,1,2025-05
157,customer44,855141508,2.0,8626860.0,15,17253720.0,2025-05-13,Tuesday,1,2025-05
157,customer44,641436,2.0,10042450.0,16,20084900.0,2025-05-13,Tuesday,1,2025-05
157,customer44,641202,14.0,2611400.0,17,36559600.0,2025-05-13,Tuesday,1,2025-05
157,customer44,855121235,2.0,1051710.0,18,2103420.0,2025-05-13,Tuesday,1,2025-05
157,customer44,855162642,4.0,1853280.0,19,7413120.0,2025-05-13,Tuesday,1,2025-05
157,customer44,547,12.0,67650.0,20,811800.0,2025-05-13,Tuesday,1,2025-05
157,customer44,807311150,2.0,723340.0,21,1446680.0,2025-05-13,Tuesday,1,2025-05
157,customer44,807261409,2.0,72160.0,22,144320.0,2025-05-13,Tuesday,1,2025-05
157,customer44,747,2.0,950000.0,23,1900000.0,2025-05-13,Tuesday,1,2025-05
157,customer44,855311132,2.0,5156690.0,24,10313380.0,2025-05-13,Tuesday,1,2025-05
157,customer44,807261401,18.0,24640.0,25,443520.0,2025-05-13,Tuesday,1,2025-05
157,customer44,855141504,2.0,2458830.0,26,4917660.0,2025-05-13,Tuesday,1,2025-05
157,customer44,641412,2.0,6115230.0,27,12230460.0,2025-05-13,Tuesday,1,2025-05
158,customer40,1405,10000.0,56430.0,1,564300000.0,2025-05-24,Saturday,5,2025-05
158,customer40,681802,64.0,3329810.0,2,213107840.0,2025-05-24,Saturday,5,2025-05
158,customer40,641602,48.0,3073840.0,3,147544320.0,2025-05-24,Saturday,5,2025-05
161,customer32,819141025,200.0,460350.0,1,92070000.0,2025-05-24,Saturday,5,2025-05
161,customer32,855321305,300.0,69080.0,2,20724000.0,2025-05-24,Saturday,5,2025-05
161,customer32,819141032,80.0,868230.0,3,69458400.0,2025-05-24,Saturday,5,2025-05
161,customer32,855341805,20.0,2745820.0,4,54916400.0,2025-05-24,Saturday,5,2025-05
161,customer32,861645205,25.0,2232450.0,5,55811250.0,2025-05-24,Saturday,5,2025-05
161,customer32,92632,120.0,1567720.0,6,188126400.0,2025-05-24,Saturday,5,2025-05
161,customer32,855321105,250.0,40700.0,7,10175000.0,2025-05-24,Saturday,5,2025-05
161,customer32,807221790,44.0,401800.0,8,17679200.0,2025-05-24,Saturday,5,2025-05
161,customer32,807221711,50.0,440100.0,9,22005000.0,2025-05-24,Saturday,5,2025-05
161,customer32,855161736,20.0,3573900.0,10,71478000.0,2025-05-24,Saturday,5,2025-05
161,customer32,861645209,10.0,3915230.0,11,39152300.0,2025-05-24,Saturday,5,2025-05
161,customer32,879516141,4.0,8421490.0,12,33685960.0,2025-05-24,Saturday,5,2025-05
161,customer32,855121192,30.0,1659790.0,13,49793700.0,2025-05-24,Saturday,5,2025-05
162,customer13,855212424,32.0,5267680.0,1,168565760.0,2025-05-24,Saturday,5,2025-05
162,customer13,855162682,12.0,5943630.0,2,71323560.0,2025-05-24,Saturday,5,2025-05
162,customer13,855212682,16.0,6642570.0,3,106281120.0,2025-05-24,Saturday,5,2025-05
162,customer13,855311133,5.0,7529940.0,4,37649700.0,2025-05-24,Saturday,5,2025-05
162,customer13,813121025,100.0,1014530.0,5,101453000.0,2025-05-24,Saturday,5,2025-05
162,customer13,813121020,300.0,598950.0,6,179685000.0,2025-05-24,Saturday,5,2025-05
162,customer13,813121016,1000.0,339240.0,7,339240000.0,2025-05-24,Saturday,5,2025-05
162,customer13,855341317,80.0,853600.0,8,68288000.0,2025-05-24,Saturday,5,2025-05
162,customer13,855341101,190.0,414920.0,9,78834800.0,2025-05-24,Saturday,5,2025-05
163,customer56,855121235,15.0,1051710.0,1,15775650.0,2025-05-22,Thursday,3,2025-05
163,customer56,855211324,2.0,3985190.0,2,7970380.0,2025-05-22,Thursday,3,2025-05
163,customer56,855212424,8.0,5267680.0,3,42141440.0,2025-05-22,Thursday,3,2025-05
163,customer56,855181502,8.0,3651120.0,4,29208960.0,2025-05-22,Thursday,3,2025-05
163,customer56,371016,200.0,32780.0,5,6556000.0,2025-05-22,Thursday,3,2025-05
163,customer56,855311237,4.0,24768920.0,6,99075680.0,2025-05-22,Thursday,3,2025-05
163,customer56,163642,40.0,2838990.0,7,113559600.0,2025-05-22,Thursday,3,2025-05
163,customer56,855211326,4.0,3179440.0,8,12717760.0,2025-05-22,Thursday,3,2025-05
163,customer56,807311119,15.0,276210.0,9,4143150.0,2025-05-22,Thursday,3,2025-05
163,customer56,807311125,2.0,340890.0,10,681780.0,2025-05-22,Thursday,3,2025-05
163,customer56,813121025,100.0,1014530.0,11,101453000.0,2025-05-22,Thursday,3,2025-05
163,customer56,855121906,4.0,1102200.0,12,4408800.0,2025-05-22,Thursday,3,2025-05
163,customer56,855121908,4.0,2337060.0,13,9348240.0,2025-05-22,Thursday,3,2025-05
163,customer56,855311134,4.0,10080400.0,14,40321600.0,2025-05-22,Thursday,3,2025-05
163,customer56,855121404,2.0,2419670.0,15,4839340.0,2025-05-22,Thursday,3,2025-05
163,customer56,861641102,48.0,1719190.0,16,82521120.0,2025-05-22,Thursday,3,2025-05
163,customer56,855121242,4.0,2355320.0,17,9421280.0,2025-05-22,Thursday,3,2025-05
163,customer56,855212402,48.0,1719850.0,18,82552800.0,2025-05-22,Thursday,3,2025-05
163,customer56,813121016,600.0,339240.0,19,203544000.0,2025-05-22,Thursday,3,2025-05
163,customer56,807311113,4.0,113960.0,20,455840.0,2025-05-22,Thursday,3,2025-05
163,customer56,807261401,100.0,24640.0,21,2464000.0,2025-05-22,Thursday,3,2025-05
164,customer13,855121502,8.0,2094180.0,1,16753440.0,2025-05-25,Sunday,6,2025-05
164,customer13,341213,110.0,885940.0,2,97453400.0,2025-05-25,Sunday,6,2025-05
164,customer13,855121404,10.0,2419670.0,3,24196700.0,2025-05-25,Sunday,6,2025-05
164,customer13,855341305,80.0,639870.0,4,51189600.0,2025-05-25,Sunday,6,2025-05
165,customer1,819161020,40.0,258280.0,1,10331200.0,2025-05-25,Sunday,6,2025-05
167,customer8,855321301,250.0,43890.0,1,10972500.0,2025-05-07,Wednesday,2,2025-05
167,customer8,855121104,40.0,1247070.0,2,49882800.0,2025-05-07,Wednesday,2,2025-05
167,customer8,855121102,50.0,587950.0,3,29397500.0,2025-05-07,Wednesday,2,2025-05
167,customer8,855212402,192.0,1719850.0,4,330211200.0,2025-05-07,Wednesday,2,2025-05
167,customer8,861641110,40.0,1980990.0,5,79239600.0,2025-05-07,Wednesday,2,2025-05
167,customer8,861641102,144.0,1719190.0,6,247563360.0,2025-05-07,Wednesday,2,2025-05
167,customer8,323045,5.0,11620290.0,7,58101450.0,2025-05-07,Wednesday,2,2025-05
167,customer8,855311134,5.0,10080400.0,8,50402000.0,2025-05-07,Wednesday,2,2025-05
167,customer8,855121908,60.0,2337060.0,9,140223600.0,2025-05-07,Wednesday,2,2025-05
167,customer8,855311135,5.0,12488410.0,10,62442050.0,2025-05-07,Wednesday,2,2025-05
167,customer8,807311119,105.0,276210.0,11,29002050.0,2025-05-07,Wednesday,2,2025-05
167,customer8,323065,3.0,13808520.0,12,41425560.0,2025-05-07,Wednesday,2,2025-05
167,customer8,813121020,750.0,598950.0,13,449212500.0,2025-05-07,Wednesday,2,2025-05
167,customer8,813121025,400.0,1014530.0,14,405812000.0,2025-05-07,Wednesday,2,2025-05
167,customer8,813121016,2000.0,339240.0,15,678480000.0,2025-05-07,Wednesday,2,2025-05
167,customer8,323125,5.0,29100500.0,16,145502500.0,2025-05-07,Wednesday,2,2025-05
167,customer8,807211141,200.0,104390.0,17,20878000.0,2025-05-07,Wednesday,2,2025-05
167,customer8,855121234,15.0,2097370.0,18,31460550.0,2025-05-07,Wednesday,2,2025-05
167,customer8,855121142,30.0,1139270.0,19,34178100.0,2025-05-07,Wednesday,2,2025-05
167,customer8,641312,32.0,5886980.0,20,188383360.0,2025-05-07,Wednesday,2,2025-05
167,customer8,855121190,60.0,1226060.0,21,73563600.0,2025-05-07,Wednesday,2,2025-05
167,customer8,855121162,20.0,1092190.0,22,21843800.0,2025-05-07,Wednesday,2,2025-05
167,customer8,855211126,10.0,5020510.0,23,50205100.0,2025-05-07,Wednesday,2,2025-05
167,customer8,323075,3.0,15999720.0,24,47999160.0,2025-05-07,Wednesday,2,2025-05
167,customer8,855212424,24.0,5267680.0,25,126424320.0,2025-05-07,Wednesday,2,2025-05
167,customer8,641324,24.0,6221490.0,26,149315760.0,2025-05-07,Wednesday,2,2025-05
167,customer8,855311132,5.0,5156690.0,27,25783450.0,2025-05-07,Wednesday,2,2025-05
167,customer8,855311238,8.0,28935500.0,28,231484000.0,2025-05-07,Wednesday,2,2025-05
167,customer8,855311133,5.0,7529940.0,29,37649700.0,2025-05-07,Wednesday,2,2025-05
167,customer8,855212410,40.0,3173280.0,30,126931200.0,2025-05-07,Wednesday,2,2025-05
167,customer8,855211302,72.0,2593910.0,31,186761520.0,2025-05-07,Wednesday,2,2025-05
167,customer8,855211136,8.0,5125120.0,32,41000960.0,2025-05-07,Wednesday,2,2025-05
167,customer8,855211326,32.0,3985190.0,33,127526080.0,2025-05-07,Wednesday,2,2025-05
167,customer8,855211122,20.0,2998380.0,34,59967600.0,2025-05-07,Wednesday,2,2025-05
167,customer8,855121402,15.0,1476200.0,35,22143000.0,2025-05-07,Wednesday,2,2025-05
167,customer8,855121192,45.0,1659790.0,36,74690550.0,2025-05-07,Wednesday,2,2025-05
168,customer58,819141025,500.0,460350.0,1,230175000.0,2025-05-25,Sunday,6,2025-05
168,customer58,855181102,15.0,2339370.0,2,35090550.0,2025-05-25,Sunday,6,2025-05
168,customer58,855212424,24.0,5267680.0,3,126424320.0,2025-05-25,Sunday,6,2025-05
168,customer58,855181108,12.0,7458390.0,4,89500680.0,2025-05-25,Sunday,6,2025-05
168,customer58,855181106,8.0,4901930.0,5,39215440.0,2025-05-25,Sunday,6,2025-05
168,customer58,819161020,1120.0,258280.0,6,289273600.0,2025-05-25,Sunday,6,2025-05
168,customer58,807261401,600.0,24640.0,7,14784000.0,2025-05-25,Sunday,6,2025-05
169,customer59,77,2.0,1900000.0,1,3800000.0,2025-05-15,Thursday,3,2025-05
169,customer59,1002,1.0,66590000.0,2,66590000.0,2025-05-15,Thursday,3,2025-05
169,customer59,1003,1.0,84398000.0,3,84398000.0,2025-05-15,Thursday,3,2025-05
169,customer59,855321701,2.0,28160.0,4,56320.0,2025-05-15,Thursday,3,2025-05
169,customer59,855321705,2.0,40700.0,5,81400.0,2025-05-15,Thursday,3,2025-05
170,customer60,686,1.0,1500000.0,1,1500000.0,2025-05-15,Thursday,3,2025-05
170,customer60,170,1.0,1500000.0,2,1500000.0,2025-05-15,Thursday,3,2025-05
171,customer44,855162402,1.0,1302730.0,1,1302730.0,2025-05-15,Thursday,3,2025-05
171,customer44,813121025,20.0,1014530.0,2,20290600.0,2025-05-15,Thursday,3,2025-05
171,customer44,855121232,1.0,1135200.0,3,1135200.0,2025-05-15,Thursday,3,2025-05
171,customer44,855121906,1.0,1102200.0,4,1102200.0,2025-05-15,Thursday,3,2025-05
171,customer44,813121016,26.0,339240.0,5,8820240.0,2025-05-15,Thursday,3,2025-05
171,customer44,371016,60.0,32780.0,6,1966800.0,2025-05-15,Thursday,3,2025-05
171,customer44,855141554,1.0,3474130.0,7,3474130.0,2025-05-15,Thursday,3,2025-05
172,customer3,855341101,3.0,444920.0,1,1334760.0,2025-04-13,Sunday,6,2025-04
172,customer3,133,1.0,400000.0,2,400000.0,2025-04-13,Sunday,6,2025-04
172,customer3,855121202,1.0,1633170.0,3,1633170.0,2025-04-13,Sunday,6,2025-04
173,customer61,879475531,1.0,2425000.0,1,2425000.0,2025-05-26,Monday,0,2025-05
175,customer62,855341701,1.0,481140.0,1,481140.0,2025-05-27,Tuesday,1,2025-05
175,customer62,855321201,2.0,31900.0,2,63800.0,2025-05-27,Tuesday,1,2025-05
175,customer62,681802,2.0,3329810.0,3,6659620.0,2025-05-27,Tuesday,1,2025-05
175,customer62,855321505,2.0,87340.0,4,174680.0,2025-05-27,Tuesday,1,2025-05
175,customer62,819141025,15.0,460350.0,5,6905250.0,2025-05-27,Tuesday,1,2025-05
175,customer62,807211109,2.0,12100.0,6,24200.0,2025-05-27,Tuesday,1,2025-05
175,customer62,861645201,1.0,1636030.0,7,1636030.0,2025-05-27,Tuesday,1,2025-05
175,customer62,855321105,5.0,40700.0,8,203500.0,2025-05-27,Tuesday,1,2025-05
176,customer42,819161020,420.0,258280.0,1,108477600.0,2025-05-28,Wednesday,2,2025-05
177,customer42,1144,96.0,675000.0,1,64800000.0,2025-05-28,Wednesday,2,2025-05
178,customer31,855341101,190.0,414920.0,1,78834800.0,2025-05-28,Wednesday,2,2025-05
178,customer31,855321741,80.0,215380.0,2,17230400.0,2025-05-28,Wednesday,2,2025-05
178,customer31,855461131,10.0,944130.0,3,9441300.0,2025-05-28,Wednesday,2,2025-05
179,customer7,1137,2.0,8650000.0,1,17300000.0,2025-05-28,Wednesday,2,2025-05
179,customer7,1136,20.0,3840000.0,2,76800000.0,2025-05-28,Wednesday,2,2025-05
179,customer7,1135,20.0,5040000.0,3,100800000.0,2025-05-28,Wednesday,2,2025-05
180,customer7,819161020,280.0,258280.0,1,72318400.0,2025-05-28,Wednesday,2,2025-05
180,customer7,855461131,20.0,944130.0,2,18882600.0,2025-05-28,Wednesday,2,2025-05
183,customer63,1142,10.0,222000.0,1,2220000.0,2025-05-29,Thursday,3,2025-05
183,customer63,1149,1.0,463000.0,2,463000.0,2025-05-29,Thursday,3,2025-05
185,customer31,861645201,20.0,1636030.0,1,32720600.0,2025-05-28,Wednesday,2,2025-05
185,customer31,813121020,300.0,598950.0,2,179685000.0,2025-05-28,Wednesday,2,2025-05
185,customer31,813121025,200.0,1014530.0,3,202906000.0,2025-05-28,Wednesday,2,2025-05
185,customer31,807311119,60.0,276210.0,4,16572600.0,2025-05-28,Wednesday,2,2025-05
185,customer31,323065,3.0,13808520.0,5,41425560.0,2025-05-28,Wednesday,2,2025-05
185,customer31,855121242,10.0,2355320.0,6,23553200.0,2025-05-28,Wednesday,2,2025-05
185,customer31,855212402,96.0,1719850.0,7,165105600.0,2025-05-28,Wednesday,2,2025-05
185,customer31,861641102,96.0,1719190.0,8,165042240.0,2025-05-28,Wednesday,2,2025-05
185,customer31,855121908,20.0,2337060.0,9,46741200.0,2025-05-28,Wednesday,2,2025-05
185,customer31,855121906,20.0,1102200.0,10,22044000.0,2025-05-28,Wednesday,2,2025-05
185,customer31,855341301,240.0,436370.0,11,104728800.0,2025-05-28,Wednesday,2,2025-05
185,customer31,819141025,300.0,460350.0,12,138105000.0,2025-05-28,Wednesday,2,2025-05
185,customer31,819141020,980.0,291720.0,13,285885600.0,2025-05-28,Wednesday,2,2025-05
185,customer31,861645155,20.0,2375560.0,14,47511200.0,2025-05-28,Wednesday,2,2025-05
185,customer31,855321505,100.0,87340.0,15,8734000.0,2025-05-28,Wednesday,2,2025-05
185,customer31,819141032,80.0,868230.0,16,69458400.0,2025-05-28,Wednesday,2,2025-05
185,customer31,855321101,360.0,33330.0,17,11998800.0,2025-05-28,Wednesday,2,2025-05
185,customer31,855321301,500.0,43890.0,18,21945000.0,2025-05-28,Wednesday,2,2025-05
185,customer31,855321501,170.0,61710.0,19,10490700.0,2025-05-28,Wednesday,2,2025-05
185,customer31,855341201,190.0,680020.0,20,129203800.0,2025-05-28,Wednesday,2,2025-05
185,customer31,807211129,600.0,18590.0,21,11154000.0,2025-05-28,Wednesday,2,2025-05
185,customer31,813121016,1400.0,339240.0,22,474936000.0,2025-05-28,Wednesday,2,2025-05
185,customer31,855121102,50.0,587950.0,23,29397500.0,2025-05-28,Wednesday,2,2025-05
185,customer31,855321405,180.0,66990.0,24,12058200.0,2025-05-28,Wednesday,2,2025-05
185,customer31,807311113,60.0,113960.0,25,6837600.0,2025-05-28,Wednesday,2,2025-05
185,customer31,855341805,10.0,2745820.0,26,27458200.0,2025-05-28,Wednesday,2,2025-05
185,customer31,855341801,40.0,1966910.0,27,78676400.0,2025-05-28,Wednesday,2,2025-05
185,customer31,855121936,10.0,2358730.0,28,23587300.0,2025-05-28,Wednesday,2,2025-05
185,customer31,819121025,200.0,536470.0,29,107294000.0,2025-05-28,Wednesday,2,2025-05
185,customer31,819121020,280.0,338140.0,30,94679200.0,2025-05-28,Wednesday,2,2025-05
185,customer31,819121032,80.0,1078660.0,31,86292800.0,2025-05-28,Wednesday,2,2025-05
185,customer31,855211112,20.0,1617440.0,32,32348800.0,2025-05-28,Wednesday,2,2025-05
185,customer31,855311239,2.0,31838730.0,33,63677460.0,2025-05-28,Wednesday,2,2025-05
185,customer31,855181102,14.0,2339370.0,34,32751180.0,2025-05-28,Wednesday,2,2025-05
185,customer31,855211302,10.0,2593910.0,35,25939100.0,2025-05-28,Wednesday,2,2025-05
185,customer31,855211410,16.0,2828100.0,36,45249600.0,2025-05-28,Wednesday,2,2025-05
185,customer31,855181104,15.0,3299010.0,37,49485150.0,2025-05-28,Wednesday,2,2025-05
185,customer31,855311237,2.0,24768920.0,38,49537840.0,2025-05-28,Wednesday,2,2025-05
185,customer31,855211122,10.0,2998380.0,39,29983800.0,2025-05-28,Wednesday,2,2025-05
185,customer31,163642,64.0,2838990.0,40,181695360.0,2025-05-28,Wednesday,2,2025-05
185,customer31,855181504,10.0,5213230.0,41,52132300.0,2025-05-28,Wednesday,2,2025-05
185,customer31,323095,2.0,20378160.0,42,40756320.0,2025-05-28,Wednesday,2,2025-05
185,customer31,323075,2.0,15999720.0,43,31999440.0,2025-05-28,Wednesday,2,2025-05
185,customer31,855181106,7.0,4901930.0,44,34313510.0,2025-05-28,Wednesday,2,2025-05
185,customer31,855641135,10.0,1615790.0,45,16157900.0,2025-05-28,Wednesday,2,2025-05
185,customer31,855311233,4.0,10863820.0,46,43455280.0,2025-05-28,Wednesday,2,2025-05
185,customer31,855341809,10.0,3573900.0,47,35739000.0,2025-05-28,Wednesday,2,2025-05
185,customer31,807261401,300.0,24640.0,48,7392000.0,2025-05-28,Wednesday,2,2025-05
186,customer64,879021,1.0,60000000.0,1,60000000.0,2025-05-17,Saturday,5,2025-05
187,customer53,813121020,6.0,598950.0,1,3593700.0,2025-05-15,Thursday,3,2025-05
187,customer53,92632,6.0,1567720.0,2,9406320.0,2025-05-15,Thursday,3,2025-05
187,customer53,807261409,2.0,72160.0,3,144320.0,2025-05-15,Thursday,3,2025-05
188,customer57,807311110,48.0,60500.0,1,2904000.0,2025-05-31,Saturday,5,2025-05
188,customer57,163642,96.0,2838990.0,2,272543040.0,2025-05-31,Saturday,5,2025-05
189,customer65,819121020,140.0,338140.0,1,47339600.0,2025-05-31,Saturday,5,2025-05
189,customer65,819121025,100.0,536470.0,2,53647000.0,2025-05-31,Saturday,5,2025-05
190,customer48,1151,60.0,1115000.0,1,66900000.0,2025-06-02,Monday,0,2025-06
190,customer48,1156,50.0,700000.0,2,35000000.0,2025-06-02,Monday,0,2025-06
190,customer48,1144,288.0,675000.0,3,194400000.0,2025-06-02,Monday,0,2025-06
190,customer48,1146,80.0,1130000.0,4,90400000.0,2025-06-02,Monday,0,2025-06
190,customer48,1148,90.0,405000.0,5,36450000.0,2025-06-02,Monday,0,2025-06
190,customer48,1140,300.0,520000.0,6,156000000.0,2025-06-02,Monday,0,2025-06
190,customer48,1141,400.0,400000.0,7,160000000.0,2025-06-02,Monday,0,2025-06
190,customer48,1137,12.0,8650000.0,8,103800000.0,2025-06-02,Monday,0,2025-06
190,customer48,1136,80.0,3840000.0,9,307200000.0,2025-06-02,Monday,0,2025-06
190,customer48,1135,30.0,5040000.0,10,151200000.0,2025-06-02,Monday,0,2025-06
190,customer48,1134,100.0,7280000.0,11,728000000.0,2025-06-02,Monday,0,2025-06
191,customer7,879114,20.0,530000.0,1,10600000.0,2025-06-02,Monday,0,2025-06
191,customer7,879101,5.0,1465000.0,2,7325000.0,2025-06-02,Monday,0,2025-06
191,customer7,1159,10.0,1070000.0,3,10700000.0,2025-06-02,Monday,0,2025-06
191,customer7,1264,5.0,13100000.0,4,65500000.0,2025-06-02,Monday,0,2025-06
191,customer7,1266,2.0,6970000.0,5,13940000.0,2025-06-02,Monday,0,2025-06
191,customer7,1134,15.0,7280000.0,6,109200000.0,2025-06-02,Monday,0,2025-06
192,customer7,819161020,140.0,258280.0,1,36159200.0,2025-06-02,Monday,0,2025-06
192,customer7,855341309,10.0,520080.0,2,5200800.0,2025-06-02,Monday,0,2025-06
192,customer7,807311101,30.0,38170.0,3,1145100.0,2025-06-02,Monday,0,2025-06
192,customer7,855321305,150.0,69080.0,4,10362000.0,2025-06-02,Monday,0,2025-06
192,customer7,855341401,30.0,992970.0,5,29789100.0,2025-06-02,Monday,0,2025-06
193,customer29,807261401,150.0,24640.0,1,3696000.0,2025-06-02,Monday,0,2025-06
193,customer29,855341201,160.0,680020.0,2,108803200.0,2025-06-02,Monday,0,2025-06
193,customer29,807211129,300.0,18590.0,3,5577000.0,2025-06-02,Monday,0,2025-06
193,customer29,855321301,250.0,43890.0,4,10972500.0,2025-06-02,Monday,0,2025-06
193,customer29,855321501,170.0,61710.0,5,10490700.0,2025-06-02,Monday,0,2025-06
193,customer29,855321742,50.0,334290.0,6,16714500.0,2025-06-02,Monday,0,2025-06
193,customer29,855341301,120.0,436370.0,7,52364400.0,2025-06-02,Monday,0,2025-06
194,customer29,1140,60.0,520000.0,1,31200000.0,2025-06-02,Monday,0,2025-06
195,customer66,1425,300.0,223520.0,1,67056000.0,2025-06-02,Monday,0,2025-06
195,customer66,1406,800.0,66990.0,2,53592000.0,2025-06-02,Monday,0,2025-06
196,customer67,819141020,420.0,291720.0,1,122522400.0,2025-06-02,Monday,0,2025-06
196,customer67,819141032,80.0,868230.0,2,69458400.0,2025-06-02,Monday,0,2025-06
196,customer67,1405,1000.0,56430.0,3,56430000.0,2025-06-02,Monday,0,2025-06
197,customer68,819141020,280.0,291720.0,1,81681600.0,2025-06-02,Monday,0,2025-06
197,customer68,1406,3800.0,66990.0,2,254562000.0,2025-06-02,Monday,0,2025-06
197,customer68,1407,2600.0,81070.0,3,210782000.0,2025-06-02,Monday,0,2025-06
197,customer68,1425,150.0,223520.0,4,33528000.0,2025-06-02,Monday,0,2025-06
197,customer68,879273,200.0,155430.0,5,31086000.0,2025-06-02,Monday,0,2025-06
197,customer68,879272,200.0,121440.0,6,24288000.0,2025-06-02,Monday,0,2025-06
198,customer56,323125,1.0,24231800.0,1,24231800.0,2025-05-14,Wednesday,2,2025-05
199,customer69,819141020,140.0,291720.0,1,40840800.0,2025-06-03,Tuesday,1,2025-06
199,customer69,819141025,100.0,460350.0,2,46035000.0,2025-06-03,Tuesday,1,2025-06
199,customer69,855341301,120.0,436370.0,3,52364400.0,2025-06-03,Tuesday,1,2025-06
199,customer69,855341409,17.0,1342440.0,4,22821480.0,2025-06-03,Tuesday,1,2025-06
199,customer69,341901,20.0,653840.0,5,13076800.0,2025-06-03,Tuesday,1,2025-06
200,customer31,855162402,38.0,1302730.0,1,49503740.0,2025-06-03,Tuesday,1,2025-06
200,customer31,855162436,2.0,6397710.0,2,12795420.0,2025-06-03,Tuesday,1,2025-06
200,customer31,855162410,2.0,1782330.0,3,3564660.0,2025-06-03,Tuesday,1,2025-06
200,customer31,323045,1.0,11620290.0,4,11620290.0,2025-06-03,Tuesday,1,2025-06
200,customer31,855141534,6.0,2576310.0,5,15457860.0,2025-06-03,Tuesday,1,2025-06
200,customer31,855161702,1.0,1134650.0,6,1134650.0,2025-06-03,Tuesday,1,2025-06
200,customer31,323055,1.0,12606880.0,7,12606880.0,2025-06-03,Tuesday,1,2025-06
200,customer31,641436,2.0,11215930.0,8,22431860.0,2025-06-03,Tuesday,1,2025-06
200,customer31,641202,21.0,2611400.0,9,54839400.0,2025-06-03,Tuesday,1,2025-06
200,customer31,371016,100.0,32780.0,10,3278000.0,2025-06-03,Tuesday,1,2025-06
200,customer31,371020,100.0,41470.0,11,4147000.0,2025-06-03,Tuesday,1,2025-06
200,customer31,855162642,4.0,2838990.0,12,11355960.0,2025-06-03,Tuesday,1,2025-06
200,customer31,855162650,2.0,4267780.0,13,8535560.0,2025-06-03,Tuesday,1,2025-06
200,customer31,855141554,6.0,3474130.0,14,20844780.0,2025-06-03,Tuesday,1,2025-06
200,customer31,855141122,2.0,1902010.0,15,3804020.0,2025-06-03,Tuesday,1,2025-06
200,customer31,855141124,2.0,2696320.0,16,5392640.0,2025-06-03,Tuesday,1,2025-06
200,customer31,641412,3.0,6115230.0,17,18345690.0,2025-06-03,Tuesday,1,2025-06
201,customer1,855341301,120.0,436370.0,1,52364400.0,2025-06-03,Tuesday,1,2025-06
201,customer1,819141020,160.0,291720.0,2,46675200.0,2025-06-03,Tuesday,1,2025-06
201,customer1,855321301,250.0,43890.0,3,10972500.0,2025-06-03,Tuesday,1,2025-06
202,customer1,879516174,2.0,12550000.0,1,25100000.0,2025-06-03,Tuesday,1,2025-06
203,customer1,819141020,32.0,291720.0,1,9335040.0,2025-06-03,Tuesday,1,2025-06
204,customer1,1249,10.0,435000.0,1,4350000.0,2025-06-03,Tuesday,1,2025-06
205,customer1,879091,2.0,628540.0,1,1257080.0,2025-06-03,Tuesday,1,2025-06
206,customer9,855121160,60.0,790020.0,1,47401200.0,2025-06-04,Wednesday,2,2025-06
206,customer9,855211326,12.0,3179440.0,2,38153280.0,2025-06-04,Wednesday,2,2025-06
206,customer9,323055,2.0,12606880.0,3,25213760.0,2025-06-04,Wednesday,2,2025-06
206,customer9,813121016,800.0,339240.0,4,271392000.0,2025-06-04,Wednesday,2,2025-06
206,customer9,855311134,3.0,10080400.0,5,30241200.0,2025-06-04,Wednesday,2,2025-06
206,customer9,855121906,36.0,1102200.0,6,39679200.0,2025-06-04,Wednesday,2,2025-06
206,customer9,855311135,2.0,12488410.0,7,24976820.0,2025-06-04,Wednesday,2,2025-06
206,customer9,855211424,8.0,3839880.0,8,30719040.0,2025-06-04,Wednesday,2,2025-06
207,customer70,516,2.0,1500000.0,1,3000000.0,2025-05-16,Friday,4,2025-05
207,customer70,747,6.0,950000.0,2,5700000.0,2025-05-16,Friday,4,2025-05
207,customer70,118,3.0,60000.0,3,180000.0,2025-05-16,Friday,4,2025-05
207,customer70,417,6.0,1000000.0,4,6000000.0,2025-05-16,Friday,4,2025-05
207,customer70,641426,2.0,10681990.0,1,21363980.0,2025-05-16,Friday,4,2025-05
207,customer70,641436,4.0,11215930.0,2,44863720.0,2025-05-16,Friday,4,2025-05
207,customer70,641202,48.0,2611400.0,3,125347200.0,2025-05-16,Friday,4,2025-05
207,customer70,855121142,4.0,1139270.0,4,4557080.0,2025-05-16,Friday,4,2025-05
207,customer70,855311238,4.0,28935500.0,5,115742000.0,2025-05-16,Friday,4,2025-05
207,customer70,855311133,1.0,7529940.0,6,7529940.0,2025-05-16,Friday,4,2025-05
207,customer70,371016,300.0,32780.0,7,9834000.0,2025-05-16,Friday,4,2025-05
207,customer70,371020,100.0,41470.0,8,4147000.0,2025-05-16,Friday,4,2025-05
207,customer70,855162642,20.0,1853280.0,9,37065600.0,2025-05-16,Friday,4,2025-05
207,customer70,547,32.0,67650.0,10,2164800.0,2025-05-16,Friday,4,2025-05
207,customer70,855121188,4.0,927410.0,11,3709640.0,2025-05-16,Friday,4,2025-05
207,customer70,807311113,8.0,113960.0,12,911680.0,2025-05-16,Friday,4,2025-05
207,customer70,813121016,400.0,339240.0,13,135696000.0,2025-05-16,Friday,4,2025-05
207,customer70,855121102,8.0,587950.0,14,4703600.0,2025-05-16,Friday,4,2025-05
207,customer70,85511134,2.0,10080400.0,15,20160800.0,2025-05-16,Friday,4,2025-05
207,customer70,855121906,2.0,1102200.0,16,2204400.0,2025-05-16,Friday,4,2025-05
207,customer70,855121908,4.0,2337060.0,17,9348240.0,2025-05-16,Friday,4,2025-05
207,customer70,323045,2.0,11620290.0,18,23240580.0,2025-05-16,Friday,4,2025-05
207,customer70,855162410,4.0,1782330.0,19,7129320.0,2025-05-16,Friday,4,2025-05
207,customer70,807311119,16.0,276210.0,20,4419360.0,2025-05-16,Friday,4,2025-05
207,customer70,807311125,2.0,340890.0,21,681780.0,2025-05-16,Friday,4,2025-05
207,customer70,855121244,4.0,1952170.0,22,7808680.0,2025-05-16,Friday,4,2025-05
207,customer70,323065,2.0,13808520.0,23,27617040.0,2025-05-16,Friday,4,2025-05
207,customer70,807311110,10.0,60500.0,24,605000.0,2025-05-16,Friday,4,2025-05
207,customer70,855162436,4.0,6397710.0,25,25590840.0,2025-05-16,Friday,4,2025-05
207,customer70,855162402,48.0,1302730.0,26,62531040.0,2025-05-16,Friday,4,2025-05
207,customer70,807261401,56.0,24640.0,27,1379840.0,2025-05-16,Friday,4,2025-05
207,customer70,121234,8.0,2018390.0,28,16147120.0,2025-05-16,Friday,4,2025-05
207,customer70,641412,4.0,6115230.0,29,24460920.0,2025-05-16,Friday,4,2025-05
209,customer7,641604,4.0,4493280.0,1,17973120.0,2025-06-02,Monday,0,2025-06
209,customer7,641602,6.0,3073840.0,2,18443040.0,2025-06-02,Monday,0,2025-06
211,customer71,807261101,10.0,17160.0,1,171600.0,2025-06-07,Saturday,5,2025-06
211,customer71,341901,5.0,653840.0,2,3269200.0,2025-06-07,Saturday,5,2025-06
211,customer71,855321701,10.0,28160.0,3,281600.0,2025-06-07,Saturday,5,2025-06
211,customer71,855321401,10.0,44990.0,4,449900.0,2025-06-07,Saturday,5,2025-06
211,customer71,855321901,5.0,205000.0,5,1025000.0,2025-06-07,Saturday,5,2025-06
211,customer71,855341801,5.0,1966910.0,6,9834550.0,2025-06-07,Saturday,5,2025-06
211,customer71,855341201,5.0,680020.0,7,3400100.0,2025-06-07,Saturday,5,2025-06
211,customer71,855321201,10.0,31900.0,8,319000.0,2025-06-07,Saturday,5,2025-06
211,customer71,855321301,20.0,43890.0,9,877800.0,2025-06-07,Saturday,5,2025-06
211,customer71,855321501,10.0,61710.0,10,617100.0,2025-06-07,Saturday,5,2025-06
211,customer71,855321101,20.0,33330.0,11,666600.0,2025-06-07,Saturday,5,2025-06
211,customer71,855341101,5.0,414920.0,12,2074600.0,2025-06-07,Saturday,5,2025-06
211,customer71,855341301,10.0,436370.0,13,4363700.0,2025-06-07,Saturday,5,2025-06
212,customer71,879245,3.0,2100000.0,1,6300000.0,2025-06-07,Saturday,5,2025-06
214,customer5,855321101,10.0,33330.0,1,333300.0,2025-06-07,Saturday,5,2025-06
214,customer5,855321301,20.0,43890.0,2,877800.0,2025-06-07,Saturday,5,2025-06
215,customer31,861645201,15.0,1636030.0,1,24540450.0,2025-06-07,Saturday,5,2025-06
215,customer31,855321605,120.0,80190.0,2,9622800.0,2025-06-07,Saturday,5,2025-06
215,customer31,819141025,300.0,460350.0,3,138105000.0,2025-06-07,Saturday,5,2025-06
215,customer31,855341301,240.0,436370.0,4,104728800.0,2025-06-07,Saturday,5,2025-06
215,customer31,819141020,280.0,291720.0,5,81681600.0,2025-06-07,Saturday,5,2025-06
215,customer31,855341401,30.0,992970.0,6,29789100.0,2025-06-07,Saturday,5,2025-06
215,customer31,855321505,100.0,87340.0,7,8734000.0,2025-06-07,Saturday,5,2025-06
215,customer31,855321101,360.0,33330.0,8,11998800.0,2025-06-07,Saturday,5,2025-06
215,customer31,855321301,500.0,43890.0,9,21945000.0,2025-06-07,Saturday,5,2025-06
215,customer31,855321305,300.0,69080.0,10,20724000.0,2025-06-07,Saturday,5,2025-06
215,customer31,855321501,340.0,61710.0,11,20981400.0,2025-06-07,Saturday,5,2025-06
215,customer31,807211125,800.0,17160.0,12,13728000.0,2025-06-07,Saturday,5,2025-06
215,customer31,855321201,400.0,31900.0,13,12760000.0,2025-06-07,Saturday,5,2025-06
215,customer31,855321405,180.0,66990.0,14,12058200.0,2025-06-07,Saturday,5,2025-06
215,customer31,861645151,20.0,1600060.0,15,32001200.0,2025-06-07,Saturday,5,2025-06
215,customer31,855341801,20.0,1966910.0,16,39338200.0,2025-06-07,Saturday,5,2025-06
215,customer31,819141063,24.0,3780807.0,17,90739368.0,2025-06-07,Saturday,5,2025-06
215,customer31,819121025,200.0,536470.0,18,107294000.0,2025-06-07,Saturday,5,2025-06
215,customer31,819121020,280.0,338140.0,19,94679200.0,2025-06-07,Saturday,5,2025-06
215,customer31,855341225,10.0,3860670.0,20,38606700.0,2025-06-07,Saturday,5,2025-06
215,customer31,855341345,10.0,939840.0,21,9398400.0,2025-06-07,Saturday,5,2025-06
215,customer31,855321321,16.0,660330.0,22,10565280.0,2025-06-07,Saturday,5,2025-06
215,customer31,855341813,5.0,6898760.0,23,34493800.0,2025-06-07,Saturday,5,2025-06
215,customer31,819141040,48.0,1457894.0,24,69978912.0,2025-06-07,Saturday,5,2025-06
215,customer31,807261401,150.0,24640.0,25,3696000.0,2025-06-07,Saturday,5,2025-06
216,customer31,813121020,300.0,635690.0,1,190707000.0,2025-06-07,Saturday,5,2025-06
216,customer31,855121244,10.0,1601270.0,2,16012700.0,2025-06-07,Saturday,5,2025-06
216,customer31,855121242,10.0,1931930.0,3,19319300.0,2025-06-07,Saturday,5,2025-06
216,customer31,855212402,48.0,1719850.0,4,82552800.0,2025-06-07,Saturday,5,2025-06
216,customer31,855211112,20.0,1223970.0,5,24479400.0,2025-06-07,Saturday,5,2025-06
216,customer31,855213402,10.0,2491940.0,6,24919400.0,2025-06-07,Saturday,5,2025-06
216,customer31,855121222,20.0,724240.0,7,14484800.0,2025-06-07,Saturday,5,2025-06
216,customer31,855213410,10.0,3449050.0,8,34490500.0,2025-06-07,Saturday,5,2025-06
216,customer31,855211302,20.0,1934680.0,9,38693600.0,2025-06-07,Saturday,5,2025-06
216,customer31,855311237,4.0,24768920.0,10,99075680.0,2025-06-07,Saturday,5,2025-06
216,customer31,855181504,20.0,3888390.0,11,77767800.0,2025-06-07,Saturday,5,2025-06
217,customer32,855212410,20.0,3173280.0,1,63465600.0,2025-06-07,Saturday,5,2025-06
217,customer32,855181306,23.0,6135140.0,2,141108220.0,2025-06-07,Saturday,5,2025-06
217,customer32,855181506,4.0,7036260.0,3,28145040.0,2025-06-07,Saturday,5,2025-06
217,customer32,855212424,2.0,5267680.0,4,10535360.0,2025-06-07,Saturday,5,2025-06
217,customer32,855181304,6.0,3580500.0,5,21483000.0,2025-06-07,Saturday,5,2025-06
217,customer32,855181558,8.0,5845070.0,6,46760560.0,2025-06-07,Saturday,5,2025-06
218,customer48,807261401,600.0,24640.0,1,14784000.0,2025-06-08,Sunday,6,2025-06
218,customer48,819161020,560.0,258280.0,2,144636800.0,2025-06-08,Sunday,6,2025-06
218,customer48,861645151,55.0,1600060.0,3,88003300.0,2025-06-08,Sunday,6,2025-06
219,customer66,1405,1000.0,56430.0,1,56430000.0,2025-06-08,Sunday,6,2025-06
219,customer66,819141020,140.0,291720.0,2,40840800.0,2025-06-08,Sunday,6,2025-06
220,customer31,371020,400.0,41470.0,1,16588000.0,2025-06-08,Sunday,6,2025-06
220,customer31,371016,400.0,32780.0,2,13112000.0,2025-06-08,Sunday,6,2025-06
221,customer72,341901,2.0,653840.0,1,1307680.0,2025-06-08,Sunday,6,2025-06
221,customer72,855121222,1.0,724240.0,2,724240.0,2025-06-08,Sunday,6,2025-06
221,customer72,855121142,1.0,1139270.0,3,1139270.0,2025-06-08,Sunday,6,2025-06
221,customer72,861645151,1.0,1600060.0,4,1600060.0,2025-06-08,Sunday,6,2025-06
221,customer72,118,12.0,60000.0,5,720000.0,2025-06-08,Sunday,6,2025-06
221,customer72,855341201,1.0,680020.0,6,680020.0,2025-06-08,Sunday,6,2025-06
221,customer72,855321305,15.0,69080.0,7,1036200.0,2025-06-08,Sunday,6,2025-06
221,customer72,855321301,10.0,43890.0,8,438900.0,2025-06-08,Sunday,6,2025-06
221,customer72,855341101,1.0,414920.0,9,414920.0,2025-06-08,Sunday,6,2025-06
221,customer72,855341301,1.0,436370.0,10,436370.0,2025-06-08,Sunday,6,2025-06
221,customer72,343313,1.0,760100.0,11,760100.0,2025-06-08,Sunday,6,2025-06
221,customer72,861645201,2.0,1636030.0,12,3272060.0,2025-06-08,Sunday,6,2025-06
222,customer73,819161020,32.0,258280.0,1,8264960.0,2025-06-08,Sunday,6,2025-06
222,customer73,855341401,10.0,992970.0,2,9929700.0,2025-06-08,Sunday,6,2025-06
222,customer73,855321301,30.0,43890.0,3,1316700.0,2025-06-08,Sunday,6,2025-06
222,customer73,855321209,4.0,45540.0,4,182160.0,2025-06-08,Sunday,6,2025-06
223,customer19,813141025,15.0,1011000.0,1,15165000.0,2025-06-09,Monday,0,2025-06
224,customer43,879272,400.0,121440.0,1,48576000.0,2025-06-10,Tuesday,1,2025-06
224,customer43,48080,150.0,223520.0,2,33528000.0,2025-06-10,Tuesday,1,2025-06
224,customer43,1407,1000.0,81070.0,3,81070000.0,2025-06-10,Tuesday,1,2025-06
224,customer43,861645151,20.0,1600060.0,4,32001200.0,2025-06-10,Tuesday,1,2025-06
224,customer43,855321101,360.0,33330.0,5,11998800.0,2025-06-10,Tuesday,1,2025-06
224,customer43,855321501,170.0,61710.0,6,10490700.0,2025-06-10,Tuesday,1,2025-06
224,customer43,855321305,150.0,69080.0,7,10362000.0,2025-06-10,Tuesday,1,2025-06
224,customer43,855321301,250.0,43890.0,8,10972500.0,2025-06-10,Tuesday,1,2025-06
225,customer40,807261401,35.0,24640.0,1,862400.0,2025-06-09,Monday,0,2025-06
225,customer40,879516143,1.0,1886040.0,2,1886040.0,2025-06-09,Monday,0,2025-06
225,customer40,312204,2.0,15890930.0,3,31781860.0,2025-06-09,Monday,0,2025-06
225,customer40,312207,2.0,27807560.0,4,55615120.0,2025-06-09,Monday,0,2025-06
225,customer40,855121102,4.0,587950.0,5,2351800.0,2025-06-09,Monday,0,2025-06
225,customer40,813121016,400.0,360690.0,6,144276000.0,2025-06-09,Monday,0,2025-06
225,customer40,807311113,5.0,113960.0,7,569800.0,2025-06-09,Monday,0,2025-06
225,customer40,420,3.0,1000000.0,8,3000000.0,2025-06-09,Monday,0,2025-06
225,customer40,855121432,2.0,2699070.0,9,5398140.0,2025-06-09,Monday,0,2025-06
225,customer40,855121906,3.0,1102200.0,10,3306600.0,2025-06-09,Monday,0,2025-06
225,customer40,855162402,22.0,1302730.0,11,28660060.0,2025-06-09,Monday,0,2025-06
225,customer40,813121020,25.0,630690.0,12,15767250.0,2025-06-09,Monday,0,2025-06
225,customer40,813121025,2.0,1075690.0,13,2151380.0,2025-06-09,Monday,0,2025-06
225,customer40,855162424,2.0,4407810.0,14,8815620.0,2025-06-09,Monday,0,2025-06
225,customer40,807311119,7.0,276210.0,15,1933470.0,2025-06-09,Monday,0,2025-06
225,customer40,855162410,2.0,1782330.0,16,3564660.0,2025-06-09,Monday,0,2025-06
225,customer40,855211326,2.0,3179440.0,17,6358880.0,2025-06-09,Monday,0,2025-06
225,customer40,807311116,4.0,170940.0,18,683760.0,2025-06-09,Monday,0,2025-06
225,customer40,855162642,15.0,1853280.0,19,27799200.0,2025-06-09,Monday,0,2025-06
225,customer40,855211112,2.0,1644500.0,20,3289000.0,2025-06-09,Monday,0,2025-06
225,customer40,323095,1.0,20378160.0,21,20378160.0,2025-06-09,Monday,0,2025-06
225,customer40,855121235,1.0,1051710.0,22,1051710.0,2025-06-09,Monday,0,2025-06
225,customer40,641312,1.0,5886980.0,23,5886980.0,2025-06-09,Monday,0,2025-06
225,customer40,855121142,2.0,1139270.0,24,2278540.0,2025-06-09,Monday,0,2025-06
226,customer56,855211324,2.0,3985190.0,1,7970380.0,2025-06-10,Tuesday,1,2025-06
226,customer56,855211310,5.0,2833320.0,2,14166600.0,2025-06-10,Tuesday,1,2025-06
226,customer56,902,20.0,461780.0,3,9235600.0,2025-06-10,Tuesday,1,2025-06
226,customer56,903,60.0,495000.0,4,29700000.0,2025-06-10,Tuesday,1,2025-06
226,customer56,905,34.0,686840.0,5,23352560.0,2025-06-10,Tuesday,1,2025-06
226,customer56,371016,600.0,32780.0,6,19668000.0,2025-06-10,Tuesday,1,2025-06
226,customer56,855212670,1.0,4666310.0,7,4666310.0,2025-06-10,Tuesday,1,2025-06
226,customer56,163642,8.0,2838990.0,8,22711920.0,2025-06-10,Tuesday,1,2025-06
226,customer56,807311119,5.0,276210.0,9,1381050.0,2025-06-10,Tuesday,1,2025-06
226,customer56,855121906,2.0,1102200.0,10,2204400.0,2025-06-10,Tuesday,1,2025-06
226,customer56,855311135,2.0,12488410.0,11,24976820.0,2025-06-10,Tuesday,1,2025-06
226,customer56,861641102,10.0,1719190.0,12,17191900.0,2025-06-10,Tuesday,1,2025-06
226,customer56,855211424,2.0,38398802.0,13,76797604.0,2025-06-10,Tuesday,1,2025-06
226,customer56,855212402,15.0,1719850.0,14,25797750.0,2025-06-10,Tuesday,1,2025-06
226,customer56,813121016,200.0,339240.0,15,67848000.0,2025-06-10,Tuesday,1,2025-06
226,customer56,807311113,4.0,113960.0,16,455840.0,2025-06-10,Tuesday,1,2025-06
227,customer32,855121104,10.0,1247070.0,1,12470700.0,2025-06-10,Tuesday,1,2025-06
227,customer32,813121016,600.0,360690.0,2,216414000.0,2025-06-10,Tuesday,1,2025-06
227,customer32,855121908,2.0,2337060.0,3,4674120.0,2025-06-10,Tuesday,1,2025-06
227,customer32,855121242,2.0,2355320.0,4,4710640.0,2025-06-10,Tuesday,1,2025-06
227,customer32,855212410,10.0,3173280.0,5,31732800.0,2025-06-10,Tuesday,1,2025-06
227,customer32,855212402,36.0,3091330.0,6,111287880.0,2025-06-10,Tuesday,1,2025-06
227,customer32,861641102,12.0,1719190.0,7,20630280.0,2025-06-10,Tuesday,1,2025-06
227,customer32,323065,2.0,13808520.0,8,27617040.0,2025-06-10,Tuesday,1,2025-06
227,customer32,807311110,50.0,60500.0,9,3025000.0,2025-06-10,Tuesday,1,2025-06
227,customer32,807311125,10.0,340890.0,10,3408900.0,2025-06-10,Tuesday,1,2025-06
227,customer32,807241513,60.0,46200.0,11,2772000.0,2025-06-10,Tuesday,1,2025-06
227,customer32,813121025,100.0,1075690.0,12,107569000.0,2025-06-10,Tuesday,1,2025-06
227,customer32,813121020,300.0,635690.0,13,190707000.0,2025-06-10,Tuesday,1,2025-06
227,customer32,855213410,10.0,4278670.0,14,42786700.0,2025-06-10,Tuesday,1,2025-06
227,customer32,163642,10.0,2838990.0,15,28389900.0,2025-06-10,Tuesday,1,2025-06
227,customer32,807311150,15.0,723340.0,16,10850100.0,2025-06-10,Tuesday,1,2025-06
227,customer32,323075,3.0,15999720.0,17,47999160.0,2025-06-10,Tuesday,1,2025-06
227,customer32,855212424,8.0,5267680.0,18,42141440.0,2025-06-10,Tuesday,1,2025-06
227,customer32,855311236,2.0,21235280.0,19,42470560.0,2025-06-10,Tuesday,1,2025-06
228,customer13,855311132,2.0,5156690.0,1,10313380.0,2025-06-11,Wednesday,2,2025-06
228,customer13,855212424,8.0,5267680.0,2,42141440.0,2025-06-11,Wednesday,2,2025-06
228,customer13,323075,2.0,15999720.0,3,31999440.0,2025-06-11,Wednesday,2,2025-06
228,customer13,855162682,10.0,5943630.0,4,59436300.0,2025-06-11,Wednesday,2,2025-06
228,customer13,855211312,12.0,3214420.0,5,38573040.0,2025-06-11,Wednesday,2,2025-06
228,customer13,855311238,2.0,28935500.0,6,57871000.0,2025-06-11,Wednesday,2,2025-06
228,customer13,855211136,8.0,4805350.0,7,38442800.0,2025-06-11,Wednesday,2,2025-06
228,customer13,855211122,20.0,2998380.0,8,59967600.0,2025-06-11,Wednesday,2,2025-06
228,customer13,323125,2.0,29100500.0,9,58201000.0,2025-06-11,Wednesday,2,2025-06
228,customer13,323055,2.0,12606880.0,10,25213760.0,2025-06-11,Wednesday,2,2025-06
228,customer13,323065,2.0,13808520.0,11,27617040.0,2025-06-11,Wednesday,2,2025-06
228,customer13,807311110,50.0,60500.0,12,3025000.0,2025-06-11,Wednesday,2,2025-06
228,customer13,855121908,15.0,2337060.0,13,35055900.0,2025-06-11,Wednesday,2,2025-06
228,customer13,861641102,48.0,1719190.0,14,82521120.0,2025-06-11,Wednesday,2,2025-06
228,customer13,323045,2.0,11620290.0,15,23240580.0,2025-06-11,Wednesday,2,2025-06
228,customer13,641522,12.0,3521980.0,16,42263760.0,2025-06-11,Wednesday,2,2025-06
228,customer13,641524,4.0,3967700.0,17,15870800.0,2025-06-11,Wednesday,2,2025-06
228,customer13,855211424,8.0,3839880.0,18,30719040.0,2025-06-11,Wednesday,2,2025-06
230,customer11,1134,20.0,6618000.0,1,132360000.0,2025-06-10,Tuesday,1,2025-06
230,customer11,1136,10.0,3491000.0,2,34910000.0,2025-06-10,Tuesday,1,2025-06
231,customer11,819141020,280.0,291720.0,1,81681600.0,2025-06-10,Tuesday,1,2025-06
231,customer11,855321101,360.0,33330.0,2,11998800.0,2025-06-10,Tuesday,1,2025-06
231,customer11,855321201,40.0,31900.0,3,1276000.0,2025-06-10,Tuesday,1,2025-06
231,customer11,861645151,12.0,1600060.0,4,19200720.0,2025-06-10,Tuesday,1,2025-06
231,customer11,855341801,8.0,1966910.0,5,15735280.0,2025-06-10,Tuesday,1,2025-06
232,customer7,341213,10.0,885940.0,1,8859400.0,2025-06-12,Thursday,3,2025-06
232,customer7,819161025,100.0,411730.0,2,41173000.0,2025-06-12,Thursday,3,2025-06
232,customer7,855341113,10.0,617870.0,3,6178700.0,2025-06-12,Thursday,3,2025-06
232,customer7,855321305,150.0,69080.0,4,10362000.0,2025-06-12,Thursday,3,2025-06
232,customer7,855321505,100.0,87340.0,5,8734000.0,2025-06-12,Thursday,3,2025-06
232,customer7,861645155,35.0,2375560.0,6,83144600.0,2025-06-12,Thursday,3,2025-06
233,customer22,128,2.0,600000.0,1,1200000.0,2025-06-12,Thursday,3,2025-06
233,customer22,855121102,2.0,587950.0,2,1175900.0,2025-06-12,Thursday,3,2025-06
233,customer22,367,2.0,840000.0,3,1680000.0,2025-06-12,Thursday,3,2025-06
233,customer22,365,3.0,900000.0,4,2700000.0,2025-06-12,Thursday,3,2025-06
233,customer22,417,2.0,1000000.0,5,2000000.0,2025-06-12,Thursday,3,2025-06
233,customer22,855121502,2.0,2094000.0,6,4188000.0,2025-06-12,Thursday,3,2025-06
233,customer22,879516055,2.0,1800000.0,7,3600000.0,2025-06-12,Thursday,3,2025-06
234,customer74,879105,10.0,1063700.0,1,10637000.0,2025-05-21,Wednesday,2,2025-05
234,customer74,812,19.0,1166880.0,2,22170720.0,2025-05-21,Wednesday,2,2025-05
234,customer74,818,19.0,1617110.0,3,30725090.0,2025-05-21,Wednesday,2,2025-05
234,customer74,806,26.0,649110.0,4,16876860.0,2025-05-21,Wednesday,2,2025-05
234,customer74,807,8.0,1108800.0,5,8870400.0,2025-05-21,Wednesday,2,2025-05
234,customer74,829,12.0,718520.0,6,8622240.0,2025-05-21,Wednesday,2,2025-05
234,customer74,830,5.0,1178210.0,7,5891050.0,2025-05-21,Wednesday,2,2025-05
234,customer74,851,5.0,412720.0,8,2063600.0,2025-05-21,Wednesday,2,2025-05
234,customer74,853,14.0,600380.0,9,8405320.0,2025-05-21,Wednesday,2,2025-05
234,customer74,854,6.0,688600.0,10,4131600.0,2025-05-21,Wednesday,2,2025-05
234,customer74,837,7.0,1729750.0,11,12108250.0,2025-05-21,Wednesday,2,2025-05
234,customer74,858,106.0,323070.0,12,34245420.0,2025-05-21,Wednesday,2,2025-05
234,customer74,861,18.0,647240.0,13,11650320.0,2025-05-21,Wednesday,2,2025-05
234,customer74,862,7.0,928730.0,14,6501110.0,2025-05-21,Wednesday,2,2025-05
234,customer74,860,47.0,240350.0,15,11296450.0,2025-05-21,Wednesday,2,2025-05
234,customer74,859,56.0,391710.0,16,21935760.0,2025-05-21,Wednesday,2,2025-05
234,customer74,871,16.0,1005620.0,17,16089920.0,2025-05-21,Wednesday,2,2025-05
234,customer74,872,10.0,1258840.0,18,12588400.0,2025-05-21,Wednesday,2,2025-05
234,customer74,873,6.0,1489620.0,19,8937720.0,2025-05-21,Wednesday,2,2025-05
234,customer74,874,1.0,1821160.0,20,1821160.0,2025-05-21,Wednesday,2,2025-05
234,customer74,863,17.0,1096370.0,21,18638290.0,2025-05-21,Wednesday,2,2025-05
234,customer74,847,14.0,844250.0,22,11819500.0,2025-05-21,Wednesday,2,2025-05
234,customer74,928,11.0,2009260.0,23,22101860.0,2025-05-21,Wednesday,2,2025-05
234,customer74,944,20.0,587290.0,24,11745800.0,2025-05-21,Wednesday,2,2025-05
234,customer74,945,10.0,838640.0,25,8386400.0,2025-05-21,Wednesday,2,2025-05
234,customer74,948,8.0,1617110.0,26,12936880.0,2025-05-21,Wednesday,2,2025-05
234,customer74,938,1.0,2648910.0,27,2648910.0,2025-05-21,Wednesday,2,2025-05
234,customer74,929,10.0,2943490.0,28,29434900.0,2025-05-21,Wednesday,2,2025-05
234,customer74,889,4.0,4057790.0,29,16231160.0,2025-05-21,Wednesday,2,2025-05
234,customer74,869,34.0,602250.0,30,20476500.0,2025-05-21,Wednesday,2,2025-05
234,customer74,870,12.0,943690.0,31,11324280.0,2025-05-21,Wednesday,2,2025-05
234,customer74,876,5.0,86020.0,32,430100.0,2025-05-21,Wednesday,2,2025-05
234,customer74,877,32.0,169840.0,33,5434880.0,2025-05-21,Wednesday,2,2025-05
234,customer74,878,2.0,287100.0,34,574200.0,2025-05-21,Wednesday,2,2025-05
234,customer74,880,2.0,1191300.0,35,2382600.0,2025-05-21,Wednesday,2,2025-05
234,customer74,881,10.0,1663640.0,36,16636400.0,2025-05-21,Wednesday,2,2025-05
234,customer74,882,9.0,1275780.0,37,11482020.0,2025-05-21,Wednesday,2,2025-05
234,customer74,884,3.0,1380830.0,38,4142490.0,2025-05-21,Wednesday,2,2025-05
234,customer74,887,3.0,2101220.0,39,6303660.0,2025-05-21,Wednesday,2,2025-05
234,customer74,888,1.0,5363490.0,40,5363490.0,2025-05-21,Wednesday,2,2025-05
235,customer7,855341909,10.0,851070.0,1,8510700.0,2025-06-19,Thursday,3,2025-06
235,customer7,341901,10.0,853840.0,2,8538400.0,2025-06-19,Thursday,3,2025-06
235,customer7,855321209,10.0,45540.0,3,455400.0,2025-06-19,Thursday,3,2025-06
235,customer7,855121222,20.0,724240.0,4,14484800.0,2025-06-19,Thursday,3,2025-06
235,customer7,855121235,10.0,1051710.0,5,10517100.0,2025-06-19,Thursday,3,2025-06
235,customer7,1199,100.0,80000.0,6,8000000.0,2025-06-19,Thursday,3,2025-06
235,customer7,855121142,15.0,1139270.0,7,17089050.0,2025-06-19,Thursday,3,2025-06
235,customer7,641642,10.0,3598540.0,8,35985400.0,2025-06-19,Thursday,3,2025-06
235,customer7,861645151,55.0,1600060.0,9,88003300.0,2025-06-19,Thursday,3,2025-06
235,customer7,855321905,10.0,281490.0,10,2814900.0,2025-06-19,Thursday,3,2025-06
235,customer7,855341201,20.0,680020.0,11,13600400.0,2025-06-19,Thursday,3,2025-06
235,customer7,855341101,20.0,414920.0,12,8298400.0,2025-06-19,Thursday,3,2025-06
235,customer7,861645155,10.0,2375560.0,13,23755600.0,2025-06-19,Thursday,3,2025-06
235,customer7,855121232,15.0,1135200.0,14,17028000.0,2025-06-19,Thursday,3,2025-06
236,customer44,855162402,3.0,1302730.0,1,3908190.0,2025-06-20,Friday,4,2025-06
236,customer44,813121016,27.5,360690.0,2,9918975.0,2025-06-20,Friday,4,2025-06
236,customer44,288,1.0,4336530.0,3,4336530.0,2025-06-20,Friday,4,2025-06
236,customer44,855121244,1.0,1952170.0,4,1952170.0,2025-06-20,Friday,4,2025-06
236,customer44,855141102,2.0,1196910.0,5,2393820.0,2025-06-20,Friday,4,2025-06
236,customer44,855121432,1.0,2859340.0,6,2859340.0,2025-06-20,Friday,4,2025-06
236,customer44,807311113,2.0,113960.0,7,227920.0,2025-06-20,Friday,4,2025-06
236,customer44,855141502,1.0,1825780.0,8,1825780.0,2025-06-20,Friday,4,2025-06
236,customer44,641202,1.0,2611400.0,9,2611400.0,2025-06-20,Friday,4,2025-06
236,customer44,371016,12.0,32780.0,10,393360.0,2025-06-20,Friday,4,2025-06
236,customer44,855162682,2.0,5943630.0,11,11887260.0,2025-06-20,Friday,4,2025-06
236,customer44,807261401,4.0,24640.0,12,98560.0,2025-06-20,Friday,4,2025-06
237,customer7,1140,60.0,473000.0,1,28380000.0,2025-06-20,Friday,4,2025-06
238,customer75,879475531,104.5,2425170.0,1,253430265.0,2025-06-20,Friday,4,2025-06
239,customer14,1422,2.0,13500000.0,1,27000000.0,2025-06-19,Thursday,3,2025-06
239,customer14,1134,10.0,6618000.0,2,66180000.0,2025-06-19,Thursday,3,2025-06
239,customer14,1136,10.0,3491000.0,3,34910000.0,2025-06-19,Thursday,3,2025-06
239,customer14,1140,60.0,473000.0,4,28380000.0,2025-06-19,Thursday,3,2025-06
239,customer14,1148,90.0,750000.0,5,67500000.0,2025-06-19,Thursday,3,2025-06
239,customer14,1146,20.0,1027000.0,6,20540000.0,2025-06-19,Thursday,3,2025-06
239,customer14,1151,30.0,1014000.0,7,30420000.0,2025-06-19,Thursday,3,2025-06
239,customer14,1264,10.0,11800000.0,8,118000000.0,2025-06-19,Thursday,3,2025-06
239,customer14,1266,10.0,6336000.0,9,63360000.0,2025-06-19,Thursday,3,2025-06
239,customer14,1159,30.0,973000.0,10,29190000.0,2025-06-19,Thursday,3,2025-06
239,customer14,1158,40.0,732000.0,11,29280000.0,2025-06-19,Thursday,3,2025-06
240,customer76,1264,3.0,11800000.0,1,35400000.0,2025-06-19,Thursday,3,2025-06
240,customer76,1266,1.0,6336000.0,2,6336000.0,2025-06-19,Thursday,3,2025-06
240,customer76,962,2.0,656150.0,3,1312300.0,2025-06-19,Thursday,3,2025-06
240,customer76,1140,2.0,473000.0,4,946000.0,2025-06-19,Thursday,3,2025-06
241,customer7,879287,20.0,218000.0,1,4360000.0,2025-06-19,Thursday,3,2025-06
241,customer7,1153,20.0,286000.0,2,5720000.0,2025-06-19,Thursday,3,2025-06
241,customer7,1152,20.0,118000.0,3,2360000.0,2025-06-19,Thursday,3,2025-06
242,customer58,855121102,100.0,587950.0,1,58795000.0,2025-06-12,Thursday,3,2025-06
242,customer58,855212402,96.0,1719850.0,2,165105600.0,2025-06-12,Thursday,3,2025-06
242,customer58,813121016,3000.0,360690.0,3,1082070000.0,2025-06-12,Thursday,3,2025-06
242,customer58,813121025,300.0,1075690.0,4,322707000.0,2025-06-12,Thursday,3,2025-06
242,customer58,807311119,105.0,276210.0,5,29002050.0,2025-06-12,Thursday,3,2025-06
242,customer58,807311125,60.0,340890.0,6,20453400.0,2025-06-12,Thursday,3,2025-06
242,customer58,855311237,8.0,24768920.0,7,198151360.0,2025-06-12,Thursday,3,2025-06
242,customer58,855181102,64.0,2339370.0,8,149719680.0,2025-06-12,Thursday,3,2025-06
242,customer58,807261409,120.0,72160.0,9,8659200.0,2025-06-12,Thursday,3,2025-06
242,customer58,819161020,2100.0,258280.0,10,542388000.0,2025-06-12,Thursday,3,2025-06
242,customer58,819161025,500.0,411730.0,11,205865000.0,2025-06-12,Thursday,3,2025-06
242,customer58,807261401,1500.0,24640.0,12,36960000.0,2025-06-12,Thursday,3,2025-06
243,customer77,1405,200.0,56430.0,1,11286000.0,2025-06-11,Wednesday,2,2025-06
243,customer77,1425,150.0,223520.0,2,33528000.0,2025-06-11,Wednesday,2,2025-06
243,customer77,861645201,65.0,1636030.0,3,106341950.0,2025-06-11,Wednesday,2,2025-06
243,customer77,855321301,250.0,43890.0,4,10972500.0,2025-06-11,Wednesday,2,2025-06
244,customer78,109,1.0,3900000.0,1,3900000.0,2025-06-12,Thursday,3,2025-06
244,customer78,965,2.0,2850000.0,2,5700000.0,2025-06-12,Thursday,3,2025-06
244,customer78,879161,2.0,2100000.0,3,4200000.0,2025-06-12,Thursday,3,2025-06
244,customer78,879245,2.0,1900000.0,4,3800000.0,2025-06-12,Thursday,3,2025-06
244,customer78,879516127,4.0,6268350.0,5,25073400.0,2025-06-12,Thursday,3,2025-06
245,customer27,855162642,4.0,1853280.0,1,7413120.0,2025-06-07,Saturday,5,2025-06
246,customer27,855161710,4.0,1369500.0,1,5478000.0,2025-06-07,Saturday,5,2025-06
246,customer27,813121025,3.0,1075690.0,2,3227070.0,2025-06-07,Saturday,5,2025-06
246,customer27,813121020,106.0,635690.0,3,67383140.0,2025-06-07,Saturday,5,2025-06
246,customer27,855141104,2.0,1939850.0,4,3879700.0,2025-06-07,Saturday,5,2025-06
246,customer27,855311134,2.0,10087400.0,5,20174800.0,2025-06-07,Saturday,5,2025-06
246,customer27,807311113,2.0,113960.0,6,227920.0,2025-06-07,Saturday,5,2025-06
246,customer27,747,3.0,950000.0,7,2850000.0,2025-06-07,Saturday,5,2025-06
246,customer27,641202,2.0,2081750.0,8,4163500.0,2025-06-07,Saturday,5,2025-06
246,customer27,641412,2.0,6115230.0,9,12230460.0,2025-06-07,Saturday,5,2025-06
247,customer45,855341301,10.0,436370.0,1,4363700.0,2025-06-07,Saturday,5,2025-06
247,customer45,807261401,12.0,28160.0,2,337920.0,2025-06-07,Saturday,5,2025-06
248,customer35,855321309,5.0,115830.0,1,579150.0,2025-06-05,Thursday,3,2025-06
249,customer59,879516204,1.0,1300000.0,1,1300000.0,2025-06-20,Friday,4,2025-06
249,customer59,879516044,1.0,3000000.0,2,3000000.0,2025-06-20,Friday,4,2025-06
249,customer59,879132,1.0,3000000.0,3,3000000.0,2025-06-20,Friday,4,2025-06
249,customer59,879062,1.0,52000000.0,4,52000000.0,2025-06-20,Friday,4,2025-06
249,customer59,1025,1.0,58700000.0,5,58700000.0,2025-06-20,Friday,4,2025-06
249,customer59,1024,1.0,95000000.0,6,95000000.0,2025-06-20,Friday,4,2025-06
251,customer79,855121102,5.0,587950.0,1,2939750.0,2025-06-18,Wednesday,2,2025-06
251,customer79,129,12.0,2100000.0,2,25200000.0,2025-06-18,Wednesday,2,2025-06
251,customer79,418,2.0,900000.0,3,1800000.0,2025-06-18,Wednesday,2,2025-06
251,customer79,417,1.0,1000000.0,4,1000000.0,2025-06-18,Wednesday,2,2025-06
251,customer79,641524,2.0,3967700.0,5,7935400.0,2025-06-18,Wednesday,2,2025-06
251,customer79,365,2.0,900000.0,6,1800000.0,2025-06-18,Wednesday,2,2025-06
251,customer79,367,4.0,900000.0,7,3600000.0,2025-06-18,Wednesday,2,2025-06
251,customer79,855121190,2.0,1226060.0,8,2452120.0,2025-06-18,Wednesday,2,2025-06
251,customer79,861641624,2.0,3521980.0,9,7043960.0,2025-06-18,Wednesday,2,2025-06
251,customer79,641642,1.0,3598540.0,10,3598540.0,2025-06-18,Wednesday,2,2025-06
251,customer79,978,1.0,3200000.0,11,3200000.0,2025-06-18,Wednesday,2,2025-06
251,customer79,516,1.0,1886000.0,12,1886000.0,2025-06-18,Wednesday,2,2025-06
251,customer79,685,1.0,9200000.0,13,9200000.0,2025-06-18,Wednesday,2,2025-06
251,customer79,611,1.0,600000.0,14,600000.0,2025-06-18,Wednesday,2,2025-06
251,customer79,762,3.0,950000.0,15,2850000.0,2025-06-18,Wednesday,2,2025-06
251,customer79,855121186,3.0,849970.0,16,2549910.0,2025-06-18,Wednesday,2,2025-06
251,customer79,855121188,2.0,927410.0,17,1854820.0,2025-06-18,Wednesday,2,2025-06
251,customer79,855121182,5.0,631400.0,18,3157000.0,2025-06-18,Wednesday,2,2025-06
251,customer79,855121502,2.0,2094000.0,19,4188000.0,2025-06-18,Wednesday,2,2025-06
251,customer79,879193,1.0,1800000.0,20,1800000.0,2025-06-18,Wednesday,2,2025-06
251,customer79,879168,1.0,66000000.0,21,66000000.0,2025-06-18,Wednesday,2,2025-06
251,customer79,879161,2.0,2400000.0,22,4800000.0,2025-06-18,Wednesday,2,2025-06
251,customer79,855121402,2.0,1476200.0,23,2952400.0,2025-06-18,Wednesday,2,2025-06
251,customer79,879516158,1.0,56500000.0,24,56500000.0,2025-06-18,Wednesday,2,2025-06
251,customer79,879516159,1.0,34500000.0,25,34500000.0,2025-06-18,Wednesday,2,2025-06
251,customer79,879516160,1.0,18700000.0,26,18700000.0,2025-06-18,Wednesday,2,2025-06
251,customer79,879516167,1.0,18000000.0,27,18000000.0,2025-06-18,Wednesday,2,2025-06
251,customer79,879516054,5.0,1850000.0,28,9250000.0,2025-06-18,Wednesday,2,2025-06
251,customer79,891752156,1.0,57000000.0,29,57000000.0,2025-06-18,Wednesday,2,2025-06
251,customer79,891752157,1.0,29000000.0,30,29000000.0,2025-06-18,Wednesday,2,2025-06
251,customer79,891752158,1.0,28000000.0,31,28000000.0,2025-06-18,Wednesday,2,2025-06
251,customer79,891752159,1.0,9500000.0,32,9500000.0,2025-06-18,Wednesday,2,2025-06
251,customer79,891752160,1.0,47900000.0,33,47900000.0,2025-06-18,Wednesday,2,2025-06
251,customer79,891752161,1.0,30150000.0,34,30150000.0,2025-06-18,Wednesday,2,2025-06
251,customer79,891752162,1.0,20800000.0,35,20800000.0,2025-06-18,Wednesday,2,2025-06
251,customer79,891752163,1.0,25300000.0,36,25300000.0,2025-06-18,Wednesday,2,2025-06
252,customer73,641604,1.0,4493280.0,1,4493280.0,2025-06-11,Wednesday,2,2025-06
252,customer73,855121104,1.0,1247070.0,2,1247070.0,2025-06-11,Wednesday,2,2025-06
252,customer73,855341121,1.0,1492590.0,3,1492590.0,2025-06-11,Wednesday,2,2025-06
252,customer73,855121235,1.0,1051710.0,4,1051710.0,2025-06-11,Wednesday,2,2025-06
253,customer72,807261401,20.0,24640.0,1,492800.0,2025-06-06,Friday,4,2025-06
253,customer72,855321621,1.0,144870.0,2,144870.0,2025-06-06,Friday,4,2025-06
253,customer72,855341345,2.0,939840.0,3,1879680.0,2025-06-06,Friday,4,2025-06
253,customer72,807341020,1.0,1804330.0,4,1804330.0,2025-06-06,Friday,4,2025-06
253,customer72,807341025,1.0,2438260.0,5,2438260.0,2025-06-06,Friday,4,2025-06
253,customer72,855321205,2.0,36630.0,6,73260.0,2025-06-06,Friday,4,2025-06
253,customer72,855321209,4.0,45540.0,7,182160.0,2025-06-06,Friday,4,2025-06
253,customer72,807261405,10.0,48070.0,8,480700.0,2025-06-06,Friday,4,2025-06
253,customer72,861645159,1.0,3526820.0,9,3526820.0,2025-06-06,Friday,4,2025-06
253,customer72,855321701,10.0,28160.0,10,281600.0,2025-06-06,Friday,4,2025-06
253,customer72,855321109,6.0,70840.0,11,425040.0,2025-06-06,Friday,4,2025-06
253,customer72,855321371,20.0,71390.0,12,1427800.0,2025-06-06,Friday,4,2025-06
253,customer72,819121032,12.0,1078660.0,13,12943920.0,2025-06-06,Friday,4,2025-06
253,customer72,819121020,20.0,338140.0,14,6762800.0,2025-06-06,Friday,4,2025-06
253,customer72,819121025,60.0,536470.0,15,32188200.0,2025-06-06,Friday,4,2025-06
253,customer72,855341805,4.0,2745820.0,16,10983280.0,2025-06-06,Friday,4,2025-06
253,customer72,807211129,30.0,18590.0,17,557700.0,2025-06-06,Friday,4,2025-06
253,customer72,807211125,30.0,17160.0,18,514800.0,2025-06-06,Friday,4,2025-06
253,customer72,855321501,30.0,61710.0,19,1851300.0,2025-06-06,Friday,4,2025-06
253,customer72,855321301,10.0,43890.0,20,438900.0,2025-06-06,Friday,4,2025-06
253,customer72,855321742,10.0,334290.0,21,3342900.0,2025-06-06,Friday,4,2025-06
253,customer72,855321741,10.0,215380.0,22,2153800.0,2025-06-06,Friday,4,2025-06
253,customer72,855321101,20.0,33330.0,23,666600.0,2025-06-06,Friday,4,2025-06
253,customer72,855321505,25.0,87340.0,24,2183500.0,2025-06-06,Friday,4,2025-06
253,customer72,855341301,40.0,436370.0,25,17454800.0,2025-06-06,Friday,4,2025-06
253,customer72,855321309,4.0,115830.0,26,463320.0,2025-06-06,Friday,4,2025-06
253,customer72,855321509,4.0,148390.0,27,593560.0,2025-06-06,Friday,4,2025-06
253,customer72,855341305,10.0,639870.0,28,6398700.0,2025-06-06,Friday,4,2025-06
253,customer72,807211109,20.0,12100.0,29,242000.0,2025-06-06,Friday,4,2025-06
253,customer72,807211113,9.0,20900.0,30,188100.0,2025-06-06,Friday,4,2025-06
253,customer72,855321105,20.0,40700.0,31,814000.0,2025-06-06,Friday,4,2025-06
253,customer72,807211105,20.0,11000.0,32,220000.0,2025-06-06,Friday,4,2025-06
254,customer35,855321309,5.0,115830.0,1,579150.0,2025-06-07,Saturday,5,2025-06
255,customer80,1151,30.0,1014000.0,1,30420000.0,2025-06-21,Saturday,5,2025-06
255,customer80,1144,48.0,614000.0,2,29472000.0,2025-06-21,Saturday,5,2025-06
255,customer80,1135,20.0,4582000.0,3,91640000.0,2025-06-21,Saturday,5,2025-06
255,customer80,1136,20.0,3491000.0,4,69820000.0,2025-06-21,Saturday,5,2025-06
255,customer80,1134,20.0,6618000.0,5,132360000.0,2025-06-21,Saturday,5,2025-06
256,customer80,861645151,10.0,1600060.0,1,16000600.0,2025-06-21,Saturday,5,2025-06
256,customer80,819161025,100.0,411730.0,2,41173000.0,2025-06-21,Saturday,5,2025-06
256,customer80,819161020,420.0,258280.0,3,108477600.0,2025-06-21,Saturday,5,2025-06
257,customer80,855321301,250.0,43890.0,1,10972500.0,2025-06-21,Saturday,5,2025-06
258,customer80,1271,15.0,122000.0,1,1830000.0,2025-06-21,Saturday,5,2025-06
258,customer80,1272,15.0,223000.0,2,3345000.0,2025-06-21,Saturday,5,2025-06
270,customer9,1273,30.0,286000.0,1,8580000.0,2025-06-12,Thursday,3,2025-06
270,customer9,1145,40.0,210000.0,2,8400000.0,2025-06-12,Thursday,3,2025-06
270,customer9,1266,20.0,6336000.0,3,126720000.0,2025-06-12,Thursday,3,2025-06
275,customer81,879516142,32.0,31066310.0,1,994121920.0,2025-06-19,Thursday,3,2025-06
275,customer81,312256,32.0,18555570.0,2,593778240.0,2025-06-19,Thursday,3,2025-06
275,customer81,807211141,200.0,104390.0,3,20878000.0,2025-06-19,Thursday,3,2025-06
275,customer81,855162642,350.0,1853280.0,4,648648000.0,2025-06-19,Thursday,3,2025-06
275,customer81,807311116,80.0,170940.0,5,13675200.0,2025-06-19,Thursday,3,2025-06
275,customer81,855211326,32.0,3179440.0,6,101742080.0,2025-06-19,Thursday,3,2025-06
275,customer81,641326,18.0,6896890.0,7,124144020.0,2025-06-19,Thursday,3,2025-06
275,customer81,855161702,540.0,1134650.0,8,612711000.0,2025-06-19,Thursday,3,2025-06
275,customer81,807311113,100.0,113960.0,9,11396000.0,2025-06-19,Thursday,3,2025-06
275,customer81,813121016,7000.0,360690.0,10,2524830000.0,2025-06-19,Thursday,3,2025-06
275,customer81,855121906,80.0,1102200.0,11,88176000.0,2025-06-19,Thursday,3,2025-06
275,customer81,323045,16.0,11620290.0,12,185924640.0,2025-06-19,Thursday,3,2025-06
275,customer81,855162410,32.0,1782330.0,13,57034560.0,2025-06-19,Thursday,3,2025-06
275,customer81,807311119,180.0,276210.0,14,49717800.0,2025-06-19,Thursday,3,2025-06
275,customer81,855162424,32.0,4407810.0,15,141049920.0,2025-06-19,Thursday,3,2025-06
275,customer81,323065,16.0,13808520.0,16,220936320.0,2025-06-19,Thursday,3,2025-06
275,customer81,813121020,150.0,635690.0,17,95353500.0,2025-06-19,Thursday,3,2025-06
275,customer81,855121025,600.0,1075690.0,18,645414000.0,2025-06-19,Thursday,3,2025-06
275,customer81,855161710,32.0,1369500.0,19,43824000.0,2025-06-19,Thursday,3,2025-06
275,customer81,855162402,540.0,1302730.0,20,703474200.0,2025-06-19,Thursday,3,2025-06
276,customer56,547,100.0,67650.0,1,6765000.0,2025-06-11,Wednesday,2,2025-06
276,customer56,371016,400.0,32780.0,2,13112000.0,2025-06-11,Wednesday,2,2025-06
276,customer56,371020,400.0,41470.0,3,16588000.0,2025-06-11,Wednesday,2,2025-06
276,customer56,546,200.0,52360.0,4,10472000.0,2025-06-11,Wednesday,2,2025-06
284,customer31,861645201,20.0,1636030.0,1,32720600.0,2025-06-11,Wednesday,2,2025-06
284,customer31,813121020,300.0,635690.0,2,190707000.0,2025-06-11,Wednesday,2,2025-06
284,customer31,813121025,200.0,1075690.0,3,215138000.0,2025-06-11,Wednesday,2,2025-06
284,customer31,807311119,60.0,276210.0,4,16572600.0,2025-06-11,Wednesday,2,2025-06
284,customer31,323065,3.0,13808520.0,5,41425560.0,2025-06-11,Wednesday,2,2025-06
284,customer31,807311110,20.0,60500.0,6,1210000.0,2025-06-11,Wednesday,2,2025-06
284,customer31,855121242,10.0,2355320.0,7,23553200.0,2025-06-11,Wednesday,2,2025-06
284,customer31,855212410,15.0,3173280.0,8,47599200.0,2025-06-11,Wednesday,2,2025-06
284,customer31,855212402,144.0,1719850.0,9,247658400.0,2025-06-11,Wednesday,2,2025-06
284,customer31,861641110,40.0,1980990.0,10,79239600.0,2025-06-11,Wednesday,2,2025-06
284,customer31,861641102,144.0,1719190.0,11,247563360.0,2025-06-11,Wednesday,2,2025-06
284,customer31,855121908,10.0,2337060.0,12,23370600.0,2025-06-11,Wednesday,2,2025-06
284,customer31,855341305,80.0,639870.0,13,51189600.0,2025-06-11,Wednesday,2,2025-06
284,customer31,855341317,80.0,853600.0,14,68288000.0,2025-06-11,Wednesday,2,2025-06
284,customer31,855321605,120.0,80190.0,15,9622800.0,2025-06-11,Wednesday,2,2025-06
284,customer31,819141025,500.0,460350.0,16,230175000.0,2025-06-11,Wednesday,2,2025-06
284,customer31,855341301,240.0,436370.0,17,104728800.0,2025-06-11,Wednesday,2,2025-06
284,customer31,819141020,1400.0,291720.0,18,408408000.0,2025-06-11,Wednesday,2,2025-06
284,customer31,861645155,20.0,2375560.0,19,47511200.0,2025-06-11,Wednesday,2,2025-06
284,customer31,855341401,30.0,992970.0,20,29789100.0,2025-06-11,Wednesday,2,2025-06
284,customer31,855321505,100.0,87340.0,21,8734000.0,2025-06-11,Wednesday,2,2025-06
284,customer31,819141032,160.0,868230.0,22,138916800.0,2025-06-11,Wednesday,2,2025-06
284,customer31,855321101,720.0,33330.0,23,23997600.0,2025-06-11,Wednesday,2,2025-06
284,customer31,855321301,750.0,43890.0,24,32917500.0,2025-06-11,Wednesday,2,2025-06
284,customer31,855321305,150.0,69080.0,25,10362000.0,2025-06-11,Wednesday,2,2025-06
284,customer31,855321501,170.0,61710.0,26,10490700.0,2025-06-11,Wednesday,2,2025-06
284,customer31,807211125,400.0,17160.0,27,6864000.0,2025-06-11,Wednesday,2,2025-06
284,customer31,813121016,1600.0,360690.0,28,577104000.0,2025-06-11,Wednesday,2,2025-06
284,customer31,855341309,95.0,520080.0,29,49407600.0,2025-06-11,Wednesday,2,2025-06
284,customer31,807311113,50.0,113960.0,30,5698000.0,2025-06-11,Wednesday,2,2025-06
284,customer31,861645151,20.0,1600060.0,31,32001200.0,2025-06-11,Wednesday,2,2025-06
284,customer31,855341801,20.0,196691.0,32,3933820.0,2025-06-11,Wednesday,2,2025-06
284,customer31,855341805,10.0,2745820.0,33,27458200.0,2025-06-11,Wednesday,2,2025-06
284,customer31,855341701,100.0,481140.0,34,48114000.0,2025-06-11,Wednesday,2,2025-06
284,customer31,855121235,10.0,1051710.0,35,10517100.0,2025-06-11,Wednesday,2,2025-06
284,customer31,819121025,200.0,536470.0,36,107294000.0,2025-06-11,Wednesday,2,2025-06
284,customer31,819121032,80.0,1078660.0,37,86292800.0,2025-06-11,Wednesday,2,2025-06
284,customer31,8553111234,4.0,14485130.0,38,57940520.0,2025-06-11,Wednesday,2,2025-06
284,customer31,855311239,2.0,31838730.0,39,63677460.0,2025-06-11,Wednesday,2,2025-06
284,customer31,855121222,20.0,724240.0,40,14484800.0,2025-06-11,Wednesday,2,2025-06
284,customer31,855311238,6.0,28935500.0,41,173613000.0,2025-06-11,Wednesday,2,2025-06
284,customer31,855211410,16.0,2828100.0,42,45249600.0,2025-06-11,Wednesday,2,2025-06
284,customer31,163642,64.0,2838990.0,43,181695360.0,2025-06-11,Wednesday,2,2025-06
284,customer31,855311235,4.0,18098410.0,44,72393640.0,2025-06-11,Wednesday,2,2025-06
284,customer31,855181504,10.0,5213230.0,45,52132300.0,2025-06-11,Wednesday,2,2025-06
284,customer31,855211622,5.0,8034180.0,46,40170900.0,2025-06-11,Wednesday,2,2025-06
284,customer31,855311236,2.0,21235280.0,47,42470560.0,2025-06-11,Wednesday,2,2025-06
284,customer31,855211324,16.0,3985190.0,48,63763040.0,2025-06-11,Wednesday,2,2025-06
284,customer31,855212424,15.0,5267680.0,49,79015200.0,2025-06-11,Wednesday,2,2025-06
284,customer31,855181108,5.0,7485390.0,50,37426950.0,2025-06-11,Wednesday,2,2025-06
284,customer31,341213,100.0,885940.0,51,88594000.0,2025-06-11,Wednesday,2,2025-06
284,customer31,807261401,300.0,24640.0,52,7392000.0,2025-06-11,Wednesday,2,2025-06
344,customer1,1096,91.0,309760.0,1,28188160.0,2025-05-31,Saturday,5,2025-05
250,customer17,498,2.0,180000.0,1,360000.0,2025-07-01,Tuesday,1,2025-07
250,customer17,855121222,1.0,724240.0,2,724240.0,2025-07-01,Tuesday,1,2025-07
250,customer17,855341221,1.0,902770.0,3,902770.0,2025-07-01,Tuesday,1,2025-07
250,customer17,723,12.0,60000.0,4,720000.0,2025-07-01,Tuesday,1,2025-07
250,customer17,762,3.0,950000.0,5,2850000.0,2025-07-01,Tuesday,1,2025-07
250,customer17,855121235,1.0,1051710.0,6,1051710.0,2025-07-01,Tuesday,1,2025-07
250,customer17,855321301,3.0,43890.0,7,131670.0,2025-07-01,Tuesday,1,2025-07
250,customer17,855341113,2.0,617870.0,8,1235740.0,2025-07-01,Tuesday,1,2025-07
250,customer17,109,1.0,7500000.0,9,7500000.0,2025-07-01,Tuesday,1,2025-07
250,customer17,36,3.0,21956000.0,10,65868000.0,2025-07-01,Tuesday,1,2025-07
250,customer17,37,3.0,20911000.0,11,62733000.0,2025-07-01,Tuesday,1,2025-07
250,customer17,118,12.0,60000.0,12,720000.0,2025-07-01,Tuesday,1,2025-07
250,customer17,855341121,1.0,902770.0,13,902770.0,2025-07-01,Tuesday,1,2025-07
250,customer17,855321901,1.0,205000.0,14,205000.0,2025-07-01,Tuesday,1,2025-07
250,customer17,855121104,1.0,1247070.0,15,1247070.0,2025-07-01,Tuesday,1,2025-07
250,customer17,855321201,2.0,31900.0,16,63800.0,2025-07-01,Tuesday,1,2025-07
250,customer17,855121102,1.0,587950.0,17,587950.0,2025-07-01,Tuesday,1,2025-07
250,customer17,855341201,1.0,680020.0,18,680020.0,2025-07-01,Tuesday,1,2025-07
250,customer17,681802,1.0,3700000.0,19,3700000.0,2025-07-01,Tuesday,1,2025-07
250,customer17,417,3.0,1000000.0,20,3000000.0,2025-07-01,Tuesday,1,2025-07
250,customer17,641604,1.0,4493280.0,21,4493280.0,2025-07-01,Tuesday,1,2025-07
250,customer17,855121502,1.0,2094000.0,22,2094000.0,2025-07-01,Tuesday,1,2025-07
250,customer17,879208,3.0,3000000.0,23,9000000.0,2025-07-01,Tuesday,1,2025-07
250,customer17,879248,1.0,2885410.0,24,2885410.0,2025-07-01,Tuesday,1,2025-07
250,customer17,879273,42.0,160000.0,25,6720000.0,2025-07-01,Tuesday,1,2025-07
250,customer17,879516174,3.0,13000000.0,26,39000000.0,2025-07-01,Tuesday,1,2025-07
250,customer17,879516112,6.0,1500000.0,27,9000000.0,2025-07-01,Tuesday,1,2025-07
250,customer17,879516113,2.0,1500000.0,28,3000000.0,2025-07-01,Tuesday,1,2025-07
260,customer63,36,1.0,24500000.0,1,24500000.0,2025-06-22,Sunday,6,2025-06
260,customer63,37,1.0,20900000.0,2,20900000.0,2025-06-22,Sunday,6,2025-06
260,customer63,38,1.0,28150000.0,3,28150000.0,2025-06-22,Sunday,6,2025-06
260,customer63,1233,1.0,500000.0,4,500000.0,2025-06-22,Sunday,6,2025-06
260,customer63,879164,2.0,3200000.0,5,6400000.0,2025-06-22,Sunday,6,2025-06
260,customer63,879208,1.0,3000000.0,6,3000000.0,2025-06-22,Sunday,6,2025-06
260,customer63,879516054,1.0,1800000.0,7,1800000.0,2025-06-22,Sunday,6,2025-06
260,customer63,879516055,2.0,1800000.0,8,3600000.0,2025-06-22,Sunday,6,2025-06
260,customer63,879516192,1.0,28000000.0,9,28000000.0,2025-06-22,Sunday,6,2025-06
261,customer13,879516132,1.0,58260000.0,1,58260000.0,2025-06-22,Sunday,6,2025-06
261,customer13,879516133,1.0,46780000.0,2,46780000.0,2025-06-22,Sunday,6,2025-06
261,customer13,879516134,1.0,62190000.0,3,62190000.0,2025-06-22,Sunday,6,2025-06
261,customer13,879516135,1.0,57480000.0,4,57480000.0,2025-06-22,Sunday,6,2025-06
261,customer13,879516061,1.0,74830000.0,5,74830000.0,2025-06-22,Sunday,6,2025-06
261,customer13,879516062,1.0,74830000.0,6,74830000.0,2025-06-22,Sunday,6,2025-06
261,customer13,879516063,1.0,70280000.0,7,70280000.0,2025-06-22,Sunday,6,2025-06
261,customer13,879516197,1.0,74450000.0,8,74450000.0,2025-06-22,Sunday,6,2025-06
261,customer13,891752164,1.0,95000000.0,9,95000000.0,2025-06-22,Sunday,6,2025-06
261,customer13,891752165,1.0,95000000.0,10,95000000.0,2025-06-22,Sunday,6,2025-06
261,customer13,891752166,1.0,94610000.0,11,94610000.0,2025-06-22,Sunday,6,2025-06
261,customer13,891752167,1.0,87490000.0,12,87490000.0,2025-06-22,Sunday,6,2025-06
261,customer13,891752168,1.0,83200000.0,13,83200000.0,2025-06-22,Sunday,6,2025-06
261,customer13,891752169,1.0,74690000.0,14,74690000.0,2025-06-22,Sunday,6,2025-06
261,customer13,891752170,1.0,83200000.0,15,83200000.0,2025-06-22,Sunday,6,2025-06
261,customer13,891752171,1.0,74690000.0,16,74690000.0,2025-06-22,Sunday,6,2025-06
261,customer13,891752172,1.0,87150000.0,17,87150000.0,2025-06-22,Sunday,6,2025-06
261,customer13,891752173,1.0,78180000.0,18,78180000.0,2025-06-22,Sunday,6,2025-06
261,customer13,891752174,1.0,87150000.0,19,87150000.0,2025-06-22,Sunday,6,2025-06
261,customer13,891752175,1.0,78180000.0,20,78180000.0,2025-06-22,Sunday,6,2025-06
261,customer13,891752176,1.0,54910000.0,21,54910000.0,2025-06-22,Sunday,6,2025-06
261,customer13,891752177,1.0,41490000.0,22,41490000.0,2025-06-22,Sunday,6,2025-06
261,customer13,891752178,1.0,54910000.0,23,54910000.0,2025-06-22,Sunday,6,2025-06
261,customer13,891752179,1.0,41490000.0,24,41490000.0,2025-06-22,Sunday,6,2025-06
261,customer13,891752180,1.0,71510000.0,25,71510000.0,2025-06-22,Sunday,6,2025-06
261,customer13,891752181,1.0,64060000.0,26,64060000.0,2025-06-22,Sunday,6,2025-06
261,customer13,891752182,1.0,68930000.0,27,68930000.0,2025-06-22,Sunday,6,2025-06
261,customer13,891752183,1.0,52280000.0,28,52280000.0,2025-06-22,Sunday,6,2025-06
261,customer13,891752184,1.0,82630000.0,29,82630000.0,2025-06-22,Sunday,6,2025-06
261,customer13,891752185,1.0,84720000.0,30,84720000.0,2025-06-22,Sunday,6,2025-06
261,customer13,891752186,1.0,92760000.0,31,92760000.0,2025-06-22,Sunday,6,2025-06
261,customer13,891752187,1.0,115990000.0,32,115990000.0,2025-06-22,Sunday,6,2025-06
261,customer13,891752188,1.0,113380000.0,33,113380000.0,2025-06-22,Sunday,6,2025-06
261,customer13,891752189,1.0,90750000.0,34,90750000.0,2025-06-22,Sunday,6,2025-06
261,customer13,891752190,1.0,109600000.0,35,109600000.0,2025-06-22,Sunday,6,2025-06
262,customer82,855212402,2.0,1719850.0,1,3439700.0,2025-06-22,Sunday,6,2025-06
262,customer82,813121016,12.0,360690.0,2,4328280.0,2025-06-22,Sunday,6,2025-06
262,customer82,855212682,2.0,6642750.0,3,13285500.0,2025-06-22,Sunday,6,2025-06
263,customer7,1272,20.0,223000.0,1,4460000.0,2025-06-23,Monday,0,2025-06
263,customer7,1273,30.0,286000.0,2,8580000.0,2025-06-23,Monday,0,2025-06
263,customer7,1271,30.0,122000.0,3,3660000.0,2025-06-23,Monday,0,2025-06
263,customer7,1137,3.0,7782000.0,4,23346000.0,2025-06-23,Monday,0,2025-06
263,customer7,1136,10.0,3491000.0,5,34910000.0,2025-06-23,Monday,0,2025-06
263,customer7,1134,15.0,6618000.0,6,99270000.0,2025-06-23,Monday,0,2025-06
264,customer7,855341809,10.0,3573900.0,1,35739000.0,2025-06-23,Monday,0,2025-06
264,customer7,819161025,100.0,411730.0,2,41173000.0,2025-06-23,Monday,0,2025-06
264,customer7,819161020,280.0,258280.0,3,72318400.0,2025-06-23,Monday,0,2025-06
264,customer7,855341309,20.0,520080.0,4,10401600.0,2025-06-23,Monday,0,2025-06
264,customer7,855321501,170.0,61710.0,5,10490700.0,2025-06-23,Monday,0,2025-06
264,customer7,855321301,250.0,43890.0,6,10972500.0,2025-06-23,Monday,0,2025-06
265,customer7,855641135,10.0,1615790.0,1,16157900.0,2025-06-23,Monday,0,2025-06
265,customer7,855321301,250.0,43890.0,2,10972500.0,2025-06-23,Monday,0,2025-06
266,customer12,855162682,5.0,5943630.0,1,29718150.0,2025-06-23,Monday,0,2025-06
266,customer12,855162662,1.0,3344220.0,2,3344220.0,2025-06-23,Monday,0,2025-06
266,customer12,855141502,1.0,1825780.0,3,1825780.0,2025-06-23,Monday,0,2025-06
266,customer12,807311125,1.0,340890.0,4,340890.0,2025-06-23,Monday,0,2025-06
266,customer12,855161710,2.0,1369500.0,5,2739000.0,2025-06-23,Monday,0,2025-06
267,customer26,1233,2.0,450000.0,1,900000.0,2025-06-23,Monday,0,2025-06
268,customer43,879273,200.0,155430.0,1,31086000.0,2025-06-23,Monday,0,2025-06
268,customer43,879270,150.0,223520.0,2,33528000.0,2025-06-23,Monday,0,2025-06
268,customer43,879272,400.0,121440.0,3,48576000.0,2025-06-23,Monday,0,2025-06
268,customer43,819121020,280.0,338140.0,4,94679200.0,2025-06-23,Monday,0,2025-06
268,customer43,341901,10.0,653840.0,5,6538400.0,2025-06-23,Monday,0,2025-06
268,customer43,855341201,1.0,680020.0,6,680020.0,2025-06-23,Monday,0,2025-06
268,customer43,855321101,360.0,33330.0,7,11998800.0,2025-06-23,Monday,0,2025-06
268,customer43,855341101,30.0,414920.0,8,12447600.0,2025-06-23,Monday,0,2025-06
268,customer43,819141032,80.0,868230.0,9,69458400.0,2025-06-23,Monday,0,2025-06
268,customer43,855321301,250.0,43890.0,10,10972500.0,2025-06-23,Monday,0,2025-06
268,customer43,819141025,100.0,460350.0,11,46035000.0,2025-06-23,Monday,0,2025-06
271,customer9,1273,20.0,286000.0,1,5720000.0,2025-06-24,Tuesday,1,2025-06
271,customer9,1148,40.0,368000.0,2,14720000.0,2025-06-24,Tuesday,1,2025-06
271,customer9,1145,50.0,210000.0,3,10500000.0,2025-06-24,Tuesday,1,2025-06
271,customer9,1153,10.0,286000.0,4,2860000.0,2025-06-24,Tuesday,1,2025-06
271,customer9,1150,50.0,309000.0,5,15450000.0,2025-06-24,Tuesday,1,2025-06
271,customer9,1271,70.0,122000.0,6,8540000.0,2025-06-24,Tuesday,1,2025-06
277,customer42,855341301,120.0,436370.0,1,52364400.0,2025-06-26,Thursday,3,2025-06
277,customer42,855321101,360.0,33330.0,2,11998800.0,2025-06-26,Thursday,3,2025-06
278,customer42,1198,48.0,582000.0,1,27936000.0,2025-06-26,Thursday,3,2025-06
278,customer42,1148,90.0,368000.0,2,33120000.0,2025-06-26,Thursday,3,2025-06
278,customer42,1145,200.0,210000.0,3,42000000.0,2025-06-26,Thursday,3,2025-06
278,customer42,1141,100.0,364000.0,4,36400000.0,2025-06-26,Thursday,3,2025-06
278,customer42,1142,200.0,175000.0,5,35000000.0,2025-06-26,Thursday,3,2025-06
278,customer42,1140,60.0,473000.0,6,28380000.0,2025-06-26,Thursday,3,2025-06
279,customer14,855311238,4.0,28935500.0,1,115742000.0,2025-06-26,Thursday,3,2025-06
280,customer13,879516173,2.0,18480000.0,1,36960000.0,2025-06-26,Thursday,3,2025-06
280,customer13,879516170,2.0,19520000.0,2,39040000.0,2025-06-26,Thursday,3,2025-06
280,customer13,879516171,2.0,18770000.0,3,37540000.0,2025-06-26,Thursday,3,2025-06
280,customer13,879516172,2.0,25280000.0,4,50560000.0,2025-06-26,Thursday,3,2025-06
281,customer7,855321909,10.0,494340.0,1,4943400.0,2025-06-26,Thursday,3,2025-06
281,customer7,855341113,10.0,617870.0,2,6178700.0,2025-06-26,Thursday,3,2025-06
281,customer7,855321901,10.0,205000.0,3,2050000.0,2025-06-26,Thursday,3,2025-06
281,customer7,855321905,10.0,281490.0,4,2814900.0,2025-06-26,Thursday,3,2025-06
281,customer7,855341401,30.0,992970.0,5,29789100.0,2025-06-26,Thursday,3,2025-06
281,customer7,855341301,120.0,436370.0,6,52364400.0,2025-06-26,Thursday,3,2025-06
282,customer7,1144,48.0,614000.0,1,29472000.0,2025-06-26,Thursday,3,2025-06
282,customer7,1145,200.0,210000.0,2,42000000.0,2025-06-26,Thursday,3,2025-06
282,customer7,1155,30.0,891000.0,3,26730000.0,2025-06-26,Thursday,3,2025-06
282,customer7,1142,200.0,175000.0,4,35000000.0,2025-06-26,Thursday,3,2025-06
283,customer12,879516054,1.0,1850000.0,1,1850000.0,2025-06-26,Thursday,3,2025-06
283,customer12,879516174,1.0,13000000.0,2,13000000.0,2025-06-26,Thursday,3,2025-06
283,customer12,879516167,1.0,18000000.0,3,18000000.0,2025-06-26,Thursday,3,2025-06
283,customer12,879516055,2.0,1800000.0,4,3600000.0,2025-06-26,Thursday,3,2025-06
283,customer12,807261401,12.0,24640.0,5,295680.0,2025-06-26,Thursday,3,2025-06
283,customer12,121180,4.0,476520.0,6,1906080.0,2025-06-26,Thursday,3,2025-06
283,customer12,546,20.0,52360.0,7,1047200.0,2025-06-26,Thursday,3,2025-06
283,customer12,855321705,2.0,40700.0,8,81400.0,2025-06-26,Thursday,3,2025-06
283,customer12,855321371,3.0,71390.0,9,214170.0,2025-06-26,Thursday,3,2025-06
283,customer12,118,5.0,60000.0,10,300000.0,2025-06-26,Thursday,3,2025-06
283,customer12,855121102,2.0,587950.0,11,1175900.0,2025-06-26,Thursday,3,2025-06
283,customer12,819141025,32.0,460350.0,12,14731200.0,2025-06-26,Thursday,3,2025-06
283,customer12,819141020,4.0,291720.0,13,1166880.0,2025-06-26,Thursday,3,2025-06
283,customer12,855321505,10.0,87340.0,14,873400.0,2025-06-26,Thursday,3,2025-06
283,customer12,855321305,15.0,69080.0,15,1036200.0,2025-06-26,Thursday,3,2025-06
283,customer12,855341305,10.0,639870.0,16,6398700.0,2025-06-26,Thursday,3,2025-06
283,customer12,417,1.0,1000000.0,17,1000000.0,2025-06-26,Thursday,3,2025-06
283,customer12,855321105,5.0,40700.0,18,203500.0,2025-06-26,Thursday,3,2025-06
285,customer31,813121020,750.0,635690.0,1,476767500.0,2025-06-26,Thursday,3,2025-06
285,customer31,813121025,200.0,1075690.0,2,215138000.0,2025-06-26,Thursday,3,2025-06
285,customer31,807311119,105.0,276210.0,3,29002050.0,2025-06-26,Thursday,3,2025-06
285,customer31,855211424,20.0,3839880.0,4,76797600.0,2025-06-26,Thursday,3,2025-06
285,customer31,855212402,96.0,1719850.0,5,165105600.0,2025-06-26,Thursday,3,2025-06
285,customer31,861641102,48.0,1719190.0,6,82521120.0,2025-06-26,Thursday,3,2025-06
285,customer31,813121016,1400.0,360690.0,7,504966000.0,2025-06-26,Thursday,3,2025-06
285,customer31,807311113,100.0,113960.0,8,11396000.0,2025-06-26,Thursday,3,2025-06
285,customer31,323125,5.0,29100500.0,9,145502500.0,2025-06-26,Thursday,3,2025-06
285,customer31,855311238,4.0,28935500.0,10,115742000.0,2025-06-26,Thursday,3,2025-06
285,customer31,855211410,20.0,2828100.0,11,56562000.0,2025-06-26,Thursday,3,2025-06
285,customer31,163642,192.0,2838990.0,12,545086080.0,2025-06-26,Thursday,3,2025-06
285,customer31,855212662,40.0,4666310.0,13,186652400.0,2025-06-26,Thursday,3,2025-06
285,customer31,813121040,100.0,2841960.0,14,284196000.0,2025-06-26,Thursday,3,2025-06
285,customer31,807261401,300.0,24640.0,15,7392000.0,2025-06-26,Thursday,3,2025-06
286,customer83,891,2.0,2374240.0,1,4748480.0,2025-06-27,Friday,4,2025-06
286,customer83,893,4.0,4174060.0,2,16696240.0,2025-06-27,Friday,4,2025-06
287,customer17,516,1.0,1886000.0,1,1886000.0,2025-06-27,Friday,4,2025-06
287,customer17,855211326,2.0,3179440.0,2,6358880.0,2025-06-27,Friday,4,2025-06
287,customer17,163642,11.0,2838990.0,3,31228890.0,2025-06-27,Friday,4,2025-06
287,customer17,641326,1.0,6896890.0,4,6896890.0,2025-06-27,Friday,4,2025-06
287,customer17,855311238,2.0,28935500.0,5,57871000.0,2025-06-27,Friday,4,2025-06
287,customer17,855311133,1.0,7529940.0,6,7529940.0,2025-06-27,Friday,4,2025-06
287,customer17,855211336,2.0,7241630.0,7,14483260.0,2025-06-27,Friday,4,2025-06
287,customer17,855212436,2.0,6851900.0,8,13703800.0,2025-06-27,Friday,4,2025-06
287,customer17,807311113,5.0,113960.0,9,569800.0,2025-06-27,Friday,4,2025-06
287,customer17,813121016,200.0,360690.0,10,72138000.0,2025-06-27,Friday,4,2025-06
287,customer17,855121244,2.0,1952170.0,11,3904340.0,2025-06-27,Friday,4,2025-06
287,customer17,807311110,20.0,60500.0,12,1210000.0,2025-06-27,Friday,4,2025-06
287,customer17,807311119,8.0,276210.0,13,2209680.0,2025-06-27,Friday,4,2025-06
287,customer17,855311134,1.0,10080400.0,14,10080400.0,2025-06-27,Friday,4,2025-06
287,customer17,855121908,2.0,2337060.0,15,4674120.0,2025-06-27,Friday,4,2025-06
287,customer17,855121906,1.0,1102200.0,16,1102200.0,2025-06-27,Friday,4,2025-06
287,customer17,855212402,22.0,1719850.0,17,37836700.0,2025-06-27,Friday,4,2025-06
287,customer17,855212410,2.0,3173280.0,18,6346560.0,2025-06-27,Friday,4,2025-06
287,customer17,861641102,23.0,1719190.0,19,39541370.0,2025-06-27,Friday,4,2025-06
288,customer84,923,1.0,13000000.0,1,13000000.0,2025-06-27,Friday,4,2025-06
290,customer63,855341301,2.0,436370.0,1,872740.0,2025-06-29,Sunday,6,2025-06
290,customer63,855321501,3.0,61710.0,2,185130.0,2025-06-29,Sunday,6,2025-06
291,customer63,855341201,1.0,680020.0,1,680020.0,2025-06-29,Sunday,6,2025-06
291,customer63,855211112,1.0,1600000.0,2,1600000.0,2025-06-29,Sunday,6,2025-06
292,customer63,855121908,1.0,2300000.0,1,2300000.0,2025-06-29,Sunday,6,2025-06
293,customer85,807261401,31.0,24640.0,1,763840.0,2025-06-29,Sunday,6,2025-06
293,customer85,819161025,40.0,411730.0,2,16469200.0,2025-06-29,Sunday,6,2025-06
293,customer85,819161020,100.0,258280.0,3,25828000.0,2025-06-29,Sunday,6,2025-06
293,customer85,855321305,20.0,69080.0,4,1381600.0,2025-06-29,Sunday,6,2025-06
293,customer85,855321501,35.0,61710.0,5,2159850.0,2025-06-29,Sunday,6,2025-06
293,customer85,855321741,15.0,215820.0,6,3237300.0,2025-06-29,Sunday,6,2025-06
293,customer85,855321101,15.0,33330.0,7,499950.0,2025-06-29,Sunday,6,2025-06
293,customer85,855321505,10.0,87340.0,8,873400.0,2025-06-29,Sunday,6,2025-06
293,customer85,855341301,25.0,436370.0,9,10909250.0,2025-06-29,Sunday,6,2025-06
293,customer85,861645155,4.0,2375560.0,10,9502240.0,2025-06-29,Sunday,6,2025-06
293,customer85,855341401,6.0,992970.0,11,5957820.0,2025-06-29,Sunday,6,2025-06
293,customer85,855321301,90.0,43890.0,12,3950100.0,2025-06-29,Sunday,6,2025-06
293,customer85,855321201,6.0,31900.0,13,191400.0,2025-06-29,Sunday,6,2025-06
293,customer85,855321105,20.0,40700.0,14,814000.0,2025-06-29,Sunday,6,2025-06
294,customer85,1464,2.0,991000.0,1,1982000.0,2025-06-29,Sunday,6,2025-06
294,customer85,962,12.0,656150.0,2,7873800.0,2025-06-29,Sunday,6,2025-06
294,customer85,1138,4.0,282000.0,3,1128000.0,2025-06-29,Sunday,6,2025-06
294,customer85,1136,5.0,3491000.0,4,17455000.0,2025-06-29,Sunday,6,2025-06
294,customer85,1135,3.0,4582000.0,5,13746000.0,2025-06-29,Sunday,6,2025-06
294,customer85,1134,4.0,6618000.0,6,26472000.0,2025-06-29,Sunday,6,2025-06
294,customer85,1141,10.0,364000.0,7,3640000.0,2025-06-29,Sunday,6,2025-06
294,customer85,1142,40.0,175000.0,8,7000000.0,2025-06-29,Sunday,6,2025-06
294,customer85,1140,12.0,473000.0,9,5676000.0,2025-06-29,Sunday,6,2025-06
294,customer85,1146,2.0,1027000.0,10,2054000.0,2025-06-29,Sunday,6,2025-06
294,customer85,1145,6.0,210000.0,11,1260000.0,2025-06-29,Sunday,6,2025-06
294,customer85,1148,12.0,368000.0,12,4416000.0,2025-06-29,Sunday,6,2025-06
294,customer85,1147,3.0,750000.0,13,2250000.0,2025-06-29,Sunday,6,2025-06
294,customer85,1144,4.0,614000.0,14,2456000.0,2025-06-29,Sunday,6,2025-06
294,customer85,1150,12.0,309000.0,15,3708000.0,2025-06-29,Sunday,6,2025-06
295,customer32,855321301,1000.0,43890.0,1,43890000.0,2025-06-29,Sunday,6,2025-06
295,customer32,855321501,340.0,61710.0,2,20981400.0,2025-06-29,Sunday,6,2025-06
295,customer32,855321101,720.0,33330.0,3,23997600.0,2025-06-29,Sunday,6,2025-06
295,customer32,855321309,80.0,115830.0,4,9266400.0,2025-06-29,Sunday,6,2025-06
295,customer32,855461131,25.0,944130.0,5,23603250.0,2025-06-29,Sunday,6,2025-06
295,customer32,819161020,560.0,258280.0,6,144636800.0,2025-06-29,Sunday,6,2025-06
295,customer32,819161025,200.0,411730.0,7,82346000.0,2025-06-29,Sunday,6,2025-06
296,customer32,813121020,300.0,635690.0,1,190707000.0,2025-06-29,Sunday,6,2025-06
296,customer32,813121016,400.0,360690.0,2,144276000.0,2025-06-29,Sunday,6,2025-06
296,customer32,163642,32.0,2838990.0,3,90847680.0,2025-06-29,Sunday,6,2025-06
296,customer32,855121406,12.0,3439260.0,4,41271120.0,2025-06-29,Sunday,6,2025-06
296,customer32,855181502,24.0,3651120.0,5,87626880.0,2025-06-29,Sunday,6,2025-06
296,customer32,855181504,5.0,5213230.0,6,26066150.0,2025-06-29,Sunday,6,2025-06
297,customer56,855211310,12.0,2833820.0,1,34005840.0,2025-06-30,Monday,0,2025-06
297,customer56,905,20.0,686840.0,2,13736800.0,2025-06-30,Monday,0,2025-06
297,customer56,902,10.0,461780.0,3,4617800.0,2025-06-30,Monday,0,2025-06
297,customer56,813121016,1000.0,360690.0,4,360690000.0,2025-06-30,Monday,0,2025-06
297,customer56,819141025,100.0,460350.0,5,46035000.0,2025-06-30,Monday,0,2025-06
297,customer56,819141020,140.0,291720.0,6,40840800.0,2025-06-30,Monday,0,2025-06
298,customer14,1134,6.0,6618000.0,1,39708000.0,2025-06-30,Monday,0,2025-06
298,customer14,1136,5.0,3491000.0,2,17455000.0,2025-06-30,Monday,0,2025-06
298,customer14,1137,1.0,7782000.0,3,7782000.0,2025-06-30,Monday,0,2025-06
298,customer14,1264,30.0,11800000.0,4,354000000.0,2025-06-30,Monday,0,2025-06
298,customer14,1266,8.0,6336000.0,5,50688000.0,2025-06-30,Monday,0,2025-06
299,customer12,641412,2.0,6115230.0,1,12230460.0,2025-06-30,Monday,0,2025-06
299,customer12,747,1.0,1100000.0,2,1100000.0,2025-06-30,Monday,0,2025-06
299,customer12,855212682,3.0,5943630.0,3,17830890.0,2025-06-30,Monday,0,2025-06
299,customer12,371020,18.0,41470.0,4,746460.0,2025-06-30,Monday,0,2025-06
299,customer12,371016,20.0,32780.0,5,655600.0,2025-06-30,Monday,0,2025-06
299,customer12,855311133,2.0,7529940.0,6,15059880.0,2025-06-30,Monday,0,2025-06
299,customer12,855121235,2.0,1051710.0,7,2103420.0,2025-06-30,Monday,0,2025-06
299,customer12,641202,6.0,2611400.0,8,15668400.0,2025-06-30,Monday,0,2025-06
299,customer12,813121016,25.0,360690.0,9,9017250.0,2025-06-30,Monday,0,2025-06
299,customer12,855121906,2.0,1102200.0,10,2204400.0,2025-06-30,Monday,0,2025-06
299,customer12,323045,1.0,11620290.0,11,11620290.0,2025-06-30,Monday,0,2025-06
299,customer12,813121020,23.0,635690.0,12,14620870.0,2025-06-30,Monday,0,2025-06
299,customer12,855162402,6.0,1302730.0,13,7816380.0,2025-06-30,Monday,0,2025-06
299,customer12,855161110,2.0,1983630.0,14,3967260.0,2025-06-30,Monday,0,2025-06
300,customer63,807261401,11.0,24640.0,1,271040.0,2025-06-30,Monday,0,2025-06
301,customer9,1422,1.0,13500000.0,1,13500000.0,2025-07-01,Tuesday,1,2025-07
301,customer9,1142,100.0,175000.0,2,17500000.0,2025-07-01,Tuesday,1,2025-07
301,customer9,1140,60.0,473000.0,3,28380000.0,2025-07-01,Tuesday,1,2025-07
301,customer9,1266,12.0,6336000.0,4,76032000.0,2025-07-01,Tuesday,1,2025-07
302,customer85,1134,1.5,6618000.0,1,9927000.0,2025-07-01,Tuesday,1,2025-07
302,customer85,1140,2.0,473000.0,2,946000.0,2025-07-01,Tuesday,1,2025-07
302,customer85,1144,6.0,614000.0,3,3684000.0,2025-07-01,Tuesday,1,2025-07
303,customer13,1438,101.9,359040.0,1,36586176.0,2025-07-02,Wednesday,2,2025-07
304,customer39,1136,5.0,3491000.0,1,17455000.0,2025-07-02,Wednesday,2,2025-07
304,customer39,1135,5.0,4582000.0,2,22910000.0,2025-07-02,Wednesday,2,2025-07
304,customer39,1266,10.0,6336000.0,3,63360000.0,2025-07-02,Wednesday,2,2025-07
304,customer39,1265,10.0,8955000.0,4,89550000.0,2025-07-02,Wednesday,2,2025-07
304,customer39,1264,6.0,11800000.0,5,70800000.0,2025-07-02,Wednesday,2,2025-07
305,customer39,92632,60.0,1662430.0,1,99745800.0,2025-07-02,Wednesday,2,2025-07
305,customer39,813121025,100.0,1075690.0,2,107569000.0,2025-07-02,Wednesday,2,2025-07
305,customer39,1405,2000.0,56430.0,3,112860000.0,2025-07-02,Wednesday,2,2025-07
305,customer39,1407,1200.0,81070.0,4,97284000.0,2025-07-02,Wednesday,2,2025-07
306,customer13,1136,10.0,3491000.0,1,34910000.0,2025-07-02,Wednesday,2,2025-07
306,customer13,1135,10.0,4582000.0,2,45820000.0,2025-07-02,Wednesday,2,2025-07
306,customer13,1134,10.0,6618000.0,3,66180000.0,2025-07-02,Wednesday,2,2025-07
307,customer43,807261401,300.0,24640.0,1,7392000.0,2025-07-03,Thursday,3,2025-07
307,customer43,855341341,20.0,669020.0,2,13380400.0,2025-07-03,Thursday,3,2025-07
307,customer43,855341701,100.0,481140.0,3,48114000.0,2025-07-03,Thursday,3,2025-07
307,customer43,855341301,240.0,436370.0,4,104728800.0,2025-07-03,Thursday,3,2025-07
308,customer13,879516127,10.0,6268350.0,1,62683500.0,2025-07-02,Wednesday,2,2025-07
308,customer13,641324,8.0,6221490.0,2,49771920.0,2025-07-02,Wednesday,2,2025-07
308,customer13,641326,6.0,6896890.0,3,41381340.0,2025-07-02,Wednesday,2,2025-07
308,customer13,855311238,4.0,28935500.0,4,115742000.0,2025-07-02,Wednesday,2,2025-07
308,customer13,855321751,85.0,252670.0,5,21476950.0,2025-07-02,Wednesday,2,2025-07
308,customer13,855321755,55.0,290400.0,6,15972000.0,2025-07-02,Wednesday,2,2025-07
308,customer13,641312,16.0,5886980.0,7,94191680.0,2025-07-02,Wednesday,2,2025-07
308,customer13,855121106,48.0,1971970.0,8,94654560.0,2025-07-02,Wednesday,2,2025-07
308,customer13,855321741,80.0,215820.0,9,17265600.0,2025-07-02,Wednesday,2,2025-07
309,customer7,855341221,10.0,1492590.0,1,14925900.0,2025-07-03,Thursday,3,2025-07
309,customer7,855321705,50.0,40700.0,2,2035000.0,2025-07-03,Thursday,3,2025-07
309,customer7,855341201,20.0,680020.0,3,13600400.0,2025-07-03,Thursday,3,2025-07
309,customer7,855341101,20.0,414920.0,4,8298400.0,2025-07-03,Thursday,3,2025-07
309,customer7,861645155,10.0,2375560.0,5,23755600.0,2025-07-03,Thursday,3,2025-07
309,customer7,819141020,280.0,291720.0,6,81681600.0,2025-07-03,Thursday,3,2025-07
309,customer7,807211105,850.0,11000.0,7,9350000.0,2025-07-03,Thursday,3,2025-07
310,customer7,1135,10.0,4582000.0,1,45820000.0,2025-07-04,Friday,4,2025-07
310,customer7,1136,20.0,3491000.0,2,69820000.0,2025-07-04,Friday,4,2025-07
310,customer7,1134,10.0,6618000.0,3,66180000.0,2025-07-04,Friday,4,2025-07
310,customer7,1140,60.0,473000.0,4,28380000.0,2025-07-04,Friday,4,2025-07
311,customer30,341296,1.0,57024550.0,1,57024550.0,2025-07-04,Friday,4,2025-07
311,customer30,393,1.0,12751860.0,2,12751860.0,2025-07-04,Friday,4,2025-07
312,customer1,1425,150.0,223520.0,1,33528000.0,2025-07-08,Tuesday,1,2025-07
313,customer43,825172040,200.0,334620.0,1,66924000.0,2025-07-08,Tuesday,1,2025-07
313,customer43,891752191,100.0,513920.0,2,51392000.0,2025-07-08,Tuesday,1,2025-07
313,customer43,48140,100.0,817850.0,3,81785000.0,2025-07-08,Tuesday,1,2025-07
313,customer43,1425,150.0,223520.0,4,33528000.0,2025-07-08,Tuesday,1,2025-07
313,customer43,341901,85.0,653840.0,5,55576400.0,2025-07-08,Tuesday,1,2025-07
314,customer36,879516054,3.0,1800000.0,1,5400000.0,2025-07-08,Tuesday,1,2025-07
314,customer36,855321101,10.0,33330.0,2,333300.0,2025-07-08,Tuesday,1,2025-07
314,customer36,855321501,6.0,61710.0,3,370260.0,2025-07-08,Tuesday,1,2025-07
314,customer36,855321301,10.0,43890.0,4,438900.0,2025-07-08,Tuesday,1,2025-07
315,customer56,323125,1.0,29100500.0,1,29100500.0,2025-07-09,Wednesday,2,2025-07
315,customer56,323055,1.0,12606880.0,2,12606880.0,2025-07-09,Wednesday,2,2025-07
315,customer56,905,20.0,686840.0,3,13736800.0,2025-07-09,Wednesday,2,2025-07
315,customer56,323085,1.0,16957710.0,4,16957710.0,2025-07-09,Wednesday,2,2025-07
315,customer56,323045,1.0,11620290.0,5,11620290.0,2025-07-09,Wednesday,2,2025-07
316,customer32,807211129,300.0,18590.0,1,5577000.0,2025-07-08,Tuesday,1,2025-07
316,customer32,813121016,800.0,360690.0,2,288552000.0,2025-07-08,Tuesday,1,2025-07
316,customer32,323085,3.0,16957710.0,3,50873130.0,2025-07-08,Tuesday,1,2025-07
316,customer32,855311135,10.0,12488410.0,4,124884100.0,2025-07-08,Tuesday,1,2025-07
316,customer32,861641110,40.0,1980990.0,5,79239600.0,2025-07-08,Tuesday,1,2025-07
316,customer32,323125,3.0,29100500.0,6,87301500.0,2025-07-08,Tuesday,1,2025-07
316,customer32,855213410,24.0,4278670.0,7,102688080.0,2025-07-08,Tuesday,1,2025-07
316,customer32,855213402,8.0,3091330.0,8,24730640.0,2025-07-08,Tuesday,1,2025-07
316,customer32,323075,3.0,15999720.0,9,47999160.0,2025-07-08,Tuesday,1,2025-07
316,customer32,855311236,4.0,21235280.0,10,84941120.0,2025-07-08,Tuesday,1,2025-07
316,customer32,855181504,18.0,5213230.0,11,93838140.0,2025-07-08,Tuesday,1,2025-07
317,customer58,855341805,100.0,2745820.0,1,274582000.0,2025-07-03,Thursday,3,2025-07
317,customer58,855341801,100.0,1966910.0,2,196691000.0,2025-07-03,Thursday,3,2025-07
317,customer58,855341701,100.0,481140.0,3,48114000.0,2025-07-03,Thursday,3,2025-07
317,customer58,855341309,190.0,520080.0,4,98815200.0,2025-07-03,Thursday,3,2025-07
317,customer58,807211129,600.0,18590.0,5,11154000.0,2025-07-03,Thursday,3,2025-07
317,customer58,855341201,160.0,680020.0,6,108803200.0,2025-07-03,Thursday,3,2025-07
317,customer58,807211125,800.0,17160.0,7,13728000.0,2025-07-03,Thursday,3,2025-07
317,customer58,855321501,850.0,61710.0,8,52453500.0,2025-07-03,Thursday,3,2025-07
317,customer58,855321305,120.0,69080.0,9,8289600.0,2025-07-03,Thursday,3,2025-07
317,customer58,855321741,160.0,215820.0,10,34531200.0,2025-07-03,Thursday,3,2025-07
317,customer58,855321101,1440.0,33330.0,11,47995200.0,2025-07-03,Thursday,3,2025-07
317,customer58,855341301,720.0,436370.0,12,314186400.0,2025-07-03,Thursday,3,2025-07
317,customer58,861645155,70.0,2375560.0,13,166289200.0,2025-07-03,Thursday,3,2025-07
317,customer58,855341401,150.0,992970.0,14,148945500.0,2025-07-03,Thursday,3,2025-07
317,customer58,855321301,2000.0,43890.0,15,87780000.0,2025-07-03,Thursday,3,2025-07
317,customer58,855341317,160.0,853600.0,16,136576000.0,2025-07-03,Thursday,3,2025-07
317,customer58,855121232,30.0,1135200.0,17,34056000.0,2025-07-03,Thursday,3,2025-07
317,customer58,855211424,32.0,3839880.0,18,122876160.0,2025-07-03,Thursday,3,2025-07
317,customer58,861645201,130.0,1636030.0,19,212683900.0,2025-07-03,Thursday,3,2025-07
317,customer58,807211105,850.0,11000.0,20,9350000.0,2025-07-03,Thursday,3,2025-07
317,customer58,855321609,120.0,80190.0,21,9622800.0,2025-07-03,Thursday,3,2025-07
317,customer58,855321751,170.0,252670.0,22,42953900.0,2025-07-03,Thursday,3,2025-07
317,customer58,855311237,12.0,24768920.0,23,297227040.0,2025-07-03,Thursday,3,2025-07
317,customer58,855211124,20.0,3005970.0,24,60119400.0,2025-07-03,Thursday,3,2025-07
317,customer58,323095,5.0,20378160.0,25,101890800.0,2025-07-03,Thursday,3,2025-07
317,customer58,855341809,70.0,3573900.0,26,250173000.0,2025-07-03,Thursday,3,2025-07
318,customer11,855321105,250.0,40700.0,1,10175000.0,2025-07-10,Thursday,3,2025-07
318,customer11,855341709,6.0,675070.0,2,4050420.0,2025-07-10,Thursday,3,2025-07
318,customer11,819141025,100.0,460350.0,3,46035000.0,2025-07-10,Thursday,3,2025-07
318,customer11,855341301,120.0,436370.0,4,52364400.0,2025-07-10,Thursday,3,2025-07
318,customer11,819141020,280.0,291720.0,5,81681600.0,2025-07-10,Thursday,3,2025-07
318,customer11,855341401,10.0,992970.0,6,9929700.0,2025-07-10,Thursday,3,2025-07
318,customer11,855321505,20.0,87340.0,7,1746800.0,2025-07-10,Thursday,3,2025-07
318,customer11,807311101,30.0,38170.0,8,1145100.0,2025-07-10,Thursday,3,2025-07
318,customer11,855321201,50.0,31900.0,9,1595000.0,2025-07-10,Thursday,3,2025-07
318,customer11,861645151,12.0,1600060.0,10,19200720.0,2025-07-10,Thursday,3,2025-07
318,customer11,855341701,10.0,481140.0,11,4811400.0,2025-07-10,Thursday,3,2025-07
318,customer11,855341805,5.0,2745820.0,12,13729100.0,2025-07-10,Thursday,3,2025-07
318,customer11,855341801,10.0,1966910.0,13,19669100.0,2025-07-10,Thursday,3,2025-07
318,customer11,962,72.0,656150.0,14,47242800.0,2025-07-10,Thursday,3,2025-07
318,customer11,855321609,30.0,80190.0,15,2405700.0,2025-07-10,Thursday,3,2025-07
318,customer11,855321701,30.0,28160.0,16,844800.0,2025-07-10,Thursday,3,2025-07
318,customer11,855321705,30.0,40700.0,17,1221000.0,2025-07-10,Thursday,3,2025-07
319,customer11,1139,10.0,318000.0,1,3180000.0,2025-07-10,Thursday,3,2025-07
319,customer11,1140,60.0,473000.0,2,28380000.0,2025-07-10,Thursday,3,2025-07
319,customer11,1142,70.0,175000.0,3,12250000.0,2025-07-10,Thursday,3,2025-07
319,customer11,1134,10.0,6618000.0,4,66180000.0,2025-07-10,Thursday,3,2025-07
319,customer11,1135,10.0,4582000.0,5,45820000.0,2025-07-10,Thursday,3,2025-07
319,customer11,1136,25.0,3491000.0,6,87275000.0,2025-07-10,Thursday,3,2025-07
319,customer11,1138,10.0,282000.0,7,2820000.0,2025-07-10,Thursday,3,2025-07
319,customer11,1155,8.0,891000.0,8,7128000.0,2025-07-10,Thursday,3,2025-07
319,customer11,1151,8.0,1014000.0,9,8112000.0,2025-07-10,Thursday,3,2025-07
319,customer11,1150,20.0,309000.0,10,6180000.0,2025-07-10,Thursday,3,2025-07
319,customer11,1145,20.0,210000.0,11,4200000.0,2025-07-10,Thursday,3,2025-07
319,customer11,1146,16.0,1027000.0,12,16432000.0,2025-07-10,Thursday,3,2025-07
319,customer11,1271,30.0,122000.0,13,3660000.0,2025-07-10,Thursday,3,2025-07
319,customer11,1158,8.0,732000.0,14,5856000.0,2025-07-10,Thursday,3,2025-07
319,customer11,1273,30.0,286000.0,16,8580000.0,2025-07-10,Thursday,3,2025-07
319,customer11,1272,15.0,223000.0,17,3345000.0,2025-07-10,Thursday,3,2025-07
320,customer42,1151,30.0,1014000.0,1,30420000.0,2025-07-10,Thursday,3,2025-07
320,customer42,1134,10.0,6618000.0,2,66180000.0,2025-07-10,Thursday,3,2025-07
320,customer42,1136,20.0,3491000.0,3,69820000.0,2025-07-10,Thursday,3,2025-07
320,customer42,1135,35.0,4582000.0,4,160370000.0,2025-07-10,Thursday,3,2025-07
320,customer42,1137,3.0,7782000.0,5,23346000.0,2025-07-10,Thursday,3,2025-07
321,customer42,855321301,250.0,43890.0,1,10972500.0,2025-07-10,Thursday,3,2025-07
321,customer42,819141020,560.0,291720.0,2,163363200.0,2025-07-10,Thursday,3,2025-07
321,customer42,855341301,120.0,436370.0,3,52364400.0,2025-07-10,Thursday,3,2025-07
321,customer42,855321101,360.0,33330.0,4,11998800.0,2025-07-10,Thursday,3,2025-07
321,customer42,855321501,170.0,61710.0,5,10490700.0,2025-07-10,Thursday,3,2025-07
322,customer86,879411137,49.2,342870.0,1,16869204.0,2025-07-11,Friday,4,2025-07
323,customer49,855141126,1.0,3047220.0,1,3047220.0,2025-07-11,Friday,4,2025-07
323,customer49,855141904,2.0,1533510.0,2,3067020.0,2025-07-11,Friday,4,2025-07
323,customer49,855141302,2.0,2389420.0,3,4778840.0,2025-07-11,Friday,4,2025-07
323,customer49,855162662,3.0,3344220.0,4,10032660.0,2025-07-11,Friday,4,2025-07
323,customer49,855141556,1.0,5223130.0,5,5223130.0,2025-07-11,Friday,4,2025-07
323,customer49,855162650,7.0,3246210.0,6,22723470.0,2025-07-11,Friday,4,2025-07
323,customer49,546,8.0,52360.0,7,418880.0,2025-07-11,Friday,4,2025-07
323,customer49,371020,30.0,41470.0,8,1244100.0,2025-07-11,Friday,4,2025-07
323,customer49,855211124,4.0,3005970.0,9,12023880.0,2025-07-11,Friday,4,2025-07
323,customer49,807311113,5.0,113960.0,10,569800.0,2025-07-11,Friday,4,2025-07
323,customer49,855162402,2.0,1302730.0,11,2605460.0,2025-07-11,Friday,4,2025-07
323,customer49,855141586,1.0,6993690.0,12,6993690.0,2025-07-11,Friday,4,2025-07
323,customer49,813121020,50.0,635690.0,13,31784500.0,2025-07-11,Friday,4,2025-07
323,customer49,807311110,4.0,60500.0,14,242000.0,2025-07-11,Friday,4,2025-07
323,customer49,855141506,1.0,6751470.0,15,6751470.0,2025-07-11,Friday,4,2025-07
323,customer49,641524,1.0,3967700.0,16,3967700.0,2025-07-11,Friday,4,2025-07
323,customer49,813141025,15.0,1011560.0,17,15173400.0,2025-07-11,Friday,4,2025-07
323,customer49,641644,1.0,4184620.0,18,4184620.0,2025-07-11,Friday,4,2025-07
323,customer49,807261401,7.0,24640.0,19,172480.0,2025-07-11,Friday,4,2025-07
325,customer29,641604,8.0,4493280.0,1,35946240.0,2025-07-11,Friday,4,2025-07
325,customer29,641722,30.0,2333210.0,2,69996300.0,2025-07-11,Friday,4,2025-07
326,customer31,813121016,400.0,360690.0,1,144276000.0,2025-07-12,Saturday,5,2025-07
326,customer31,855321105,250.0,40700.0,2,10175000.0,2025-07-12,Saturday,5,2025-07
326,customer31,855212402,48.0,1719850.0,3,82552800.0,2025-07-12,Saturday,5,2025-07
326,customer31,855211436,10.0,7200050.0,4,72000500.0,2025-07-12,Saturday,5,2025-07
326,customer31,861641102,48.0,1719190.0,5,82521120.0,2025-07-12,Saturday,5,2025-07
326,customer31,855321309,80.0,115830.0,6,9266400.0,2025-07-12,Saturday,5,2025-07
326,customer31,819141020,420.0,291720.0,7,122522400.0,2025-07-12,Saturday,5,2025-07
326,customer31,819141025,300.0,460350.0,8,138105000.0,2025-07-12,Saturday,5,2025-07
326,customer31,323125,2.0,29100500.0,9,58201000.0,2025-07-12,Saturday,5,2025-07
326,customer31,855311239,2.0,31838730.0,10,63677460.0,2025-07-12,Saturday,5,2025-07
326,customer31,855341345,10.0,939840.0,11,9398400.0,2025-07-12,Saturday,5,2025-07
326,customer31,855211336,10.0,7241630.0,12,72416300.0,2025-07-12,Saturday,5,2025-07
326,customer31,855341409,17.0,1342440.0,13,22821480.0,2025-07-12,Saturday,5,2025-07
327,customer9,807311150,30.0,723340.0,1,21700200.0,2025-07-10,Thursday,3,2025-07
327,customer9,855311237,2.0,24768920.0,2,49537840.0,2025-07-10,Thursday,3,2025-07
327,customer9,855311133,4.0,7529940.0,3,30119760.0,2025-07-10,Thursday,3,2025-07
327,customer9,807211141,200.0,104390.0,4,20878000.0,2025-07-10,Thursday,3,2025-07
327,customer9,813121020,150.0,635690.0,5,95353500.0,2025-07-10,Thursday,3,2025-07
327,customer9,323065,2.0,13808520.0,6,27617040.0,2025-07-10,Thursday,3,2025-07
327,customer9,323085,6.0,16957710.0,7,101746260.0,2025-07-10,Thursday,3,2025-07
327,customer9,855311136,4.0,14938540.0,8,59754160.0,2025-07-10,Thursday,3,2025-07
327,customer9,855311135,4.0,12488410.0,9,49953640.0,2025-07-10,Thursday,3,2025-07
327,customer9,855212402,48.0,1719850.0,10,82552800.0,2025-07-10,Thursday,3,2025-07
327,customer9,861641102,48.0,1719190.0,11,82521120.0,2025-07-10,Thursday,3,2025-07
327,customer9,813121016,1000.0,360690.0,12,360690000.0,2025-07-10,Thursday,3,2025-07
328,customer87,807261401,16.0,24640.0,1,394240.0,2025-07-13,Sunday,6,2025-07
328,customer87,879516143,1.0,1886040.0,2,1886040.0,2025-07-13,Sunday,6,2025-07
328,customer87,855212424,4.0,5267680.0,3,21070720.0,2025-07-13,Sunday,6,2025-07
328,customer87,747,2.0,1120000.0,4,2240000.0,2025-07-13,Sunday,6,2025-07
328,customer87,641326,4.0,6896890.0,5,27587560.0,2025-07-13,Sunday,6,2025-07
328,customer87,371016,150.0,32780.0,6,4917000.0,2025-07-13,Sunday,6,2025-07
328,customer87,807261405,4.0,48070.0,7,192280.0,2025-07-13,Sunday,6,2025-07
328,customer87,323055,2.0,12606880.0,8,25213760.0,2025-07-13,Sunday,6,2025-07
328,customer87,855212402,16.0,1719850.0,9,27517600.0,2025-07-13,Sunday,6,2025-07
328,customer87,861641102,16.0,1719190.0,10,27507040.0,2025-07-13,Sunday,6,2025-07
328,customer87,855311134,4.0,10080400.0,11,40321600.0,2025-07-13,Sunday,6,2025-07
328,customer87,855121906,4.0,1102200.0,12,4408800.0,2025-07-13,Sunday,6,2025-07
328,customer87,807311119,8.0,276210.0,13,2209680.0,2025-07-13,Sunday,6,2025-07
328,customer87,807311125,2.0,340890.0,14,681780.0,2025-07-13,Sunday,6,2025-07
328,customer87,813121025,20.0,1075690.0,15,21513800.0,2025-07-13,Sunday,6,2025-07
328,customer87,813121016,200.0,360690.0,16,72138000.0,2025-07-13,Sunday,6,2025-07
329,customer67,1406,2000.0,66990.0,1,133980000.0,2025-07-15,Tuesday,1,2025-07
329,customer67,819161025,200.0,411730.0,2,82346000.0,2025-07-15,Tuesday,1,2025-07
329,customer67,819161020,420.0,258280.0,3,108477600.0,2025-07-15,Tuesday,1,2025-07
330,customer68,855341101,25.0,414920.0,1,10373000.0,2025-07-15,Tuesday,1,2025-07
330,customer68,855341201,25.0,680020.0,2,17000500.0,2025-07-15,Tuesday,1,2025-07
330,customer68,861645201,15.0,1636030.0,3,24540450.0,2025-07-15,Tuesday,1,2025-07
330,customer68,962,36.0,656150.0,4,23621400.0,2025-07-15,Tuesday,1,2025-07
330,customer68,1425,450.0,223520.0,5,100584000.0,2025-07-15,Tuesday,1,2025-07
330,customer68,1426,400.0,170170.0,6,68068000.0,2025-07-15,Tuesday,1,2025-07
330,customer68,819161020,280.0,258280.0,7,72318400.0,2025-07-15,Tuesday,1,2025-07
330,customer68,879272,400.0,121440.0,8,48576000.0,2025-07-15,Tuesday,1,2025-07
331,customer69,855321901,20.0,205920.0,1,4118400.0,2025-07-15,Tuesday,1,2025-07
331,customer69,855341201,10.0,680020.0,2,6800200.0,2025-07-15,Tuesday,1,2025-07
331,customer69,855321301,200.0,43890.0,3,8778000.0,2025-07-15,Tuesday,1,2025-07
331,customer69,819141020,140.0,291720.0,4,40840800.0,2025-07-15,Tuesday,1,2025-07
331,customer69,855321501,170.0,61710.0,5,10490700.0,2025-07-15,Tuesday,1,2025-07
331,customer69,343313,20.0,760100.0,6,15202000.0,2025-07-15,Tuesday,1,2025-07
331,customer69,341901,30.0,653840.0,7,19615200.0,2025-07-15,Tuesday,1,2025-07
331,customer69,855341909,30.0,851070.0,8,25532100.0,2025-07-15,Tuesday,1,2025-07
332,customer68,1249,10.0,395000.0,1,3950000.0,2025-07-15,Tuesday,1,2025-07
332,customer68,1151,5.0,1014000.0,2,5070000.0,2025-07-15,Tuesday,1,2025-07
332,customer68,1145,20.0,210000.0,3,4200000.0,2025-07-15,Tuesday,1,2025-07
332,customer68,1143,20.0,432000.0,4,8640000.0,2025-07-15,Tuesday,1,2025-07
332,customer68,1144,20.0,614000.0,5,12280000.0,2025-07-15,Tuesday,1,2025-07
332,customer68,1140,20.0,473000.0,6,9460000.0,2025-07-15,Tuesday,1,2025-07
332,customer68,1141,20.0,364000.0,7,7280000.0,2025-07-15,Tuesday,1,2025-07
332,customer68,1142,19.0,175000.0,8,3325000.0,2025-07-15,Tuesday,1,2025-07
332,customer68,1138,10.0,282000.0,9,2820000.0,2025-07-15,Tuesday,1,2025-07
333,customer88,855341201,10.0,680020.0,1,6800200.0,2025-07-15,Tuesday,1,2025-07
333,customer88,855341701,15.0,481140.0,2,7217100.0,2025-07-15,Tuesday,1,2025-07
333,customer88,855341113,9.0,617870.0,3,5560830.0,2025-07-15,Tuesday,1,2025-07
333,customer88,855341301,25.0,436370.0,4,10909250.0,2025-07-15,Tuesday,1,2025-07
333,customer88,819141025,100.0,460350.0,5,46035000.0,2025-07-15,Tuesday,1,2025-07
333,customer88,819141020,420.0,291720.0,6,122522400.0,2025-07-15,Tuesday,1,2025-07
333,customer88,855341101,15.0,414920.0,7,6223800.0,2025-07-15,Tuesday,1,2025-07
334,customer89,807261401,22.0,24640.0,1,542080.0,2025-07-17,Thursday,3,2025-07
334,customer89,121234,6.0,2018390.0,2,12110340.0,2025-07-17,Thursday,3,2025-07
334,customer89,879516143,2.0,1886040.0,3,3772080.0,2025-07-17,Thursday,3,2025-07
334,customer89,807311119,12.0,276210.0,4,3314520.0,2025-07-17,Thursday,3,2025-07
334,customer89,855162410,4.0,1789150.0,5,7156600.0,2025-07-17,Thursday,3,2025-07
334,customer89,855162424,4.0,4407810.0,6,17631240.0,2025-07-17,Thursday,3,2025-07
334,customer89,855162402,54.0,1302730.0,7,70347420.0,2025-07-17,Thursday,3,2025-07
334,customer89,861641102,46.0,1719190.0,8,79082740.0,2025-07-17,Thursday,3,2025-07
334,customer89,855311136,6.0,14983540.0,9,89901240.0,2025-07-17,Thursday,3,2025-07
334,customer89,855311135,2.0,12488410.0,10,24976820.0,2025-07-17,Thursday,3,2025-07
334,customer89,855121906,4.0,1102200.0,11,4408800.0,2025-07-17,Thursday,3,2025-07
334,customer89,855161202,4.0,1944470.0,12,7777880.0,2025-07-17,Thursday,3,2025-07
334,customer89,813121016,600.0,360690.0,13,216414000.0,2025-07-17,Thursday,3,2025-07
334,customer89,641312,6.0,5886980.0,14,35321880.0,2025-07-17,Thursday,3,2025-07
334,customer89,855161552,12.0,3043590.0,15,36523080.0,2025-07-17,Thursday,3,2025-07
334,customer89,323095,2.0,20378160.0,16,40756320.0,2025-07-17,Thursday,3,2025-07
334,customer89,855161102,8.0,1186350.0,17,9490800.0,2025-07-17,Thursday,3,2025-07
334,customer89,855162642,40.0,1853280.0,18,74131200.0,2025-07-17,Thursday,3,2025-07
334,customer89,371016,600.0,32780.0,19,19668000.0,2025-07-17,Thursday,3,2025-07
334,customer89,641326,4.0,8260120.0,20,33040480.0,2025-07-17,Thursday,3,2025-07
335,customer83,906,5.0,757130.0,1,3785650.0,2025-07-10,Thursday,3,2025-07
335,customer83,910,8.0,426030.0,2,3408240.0,2025-07-10,Thursday,3,2025-07
335,customer83,904,10.0,556820.0,3,5568200.0,2025-07-10,Thursday,3,2025-07
335,customer83,905,40.0,654170.0,4,26166800.0,2025-07-10,Thursday,3,2025-07
335,customer83,903,30.0,471460.0,5,14143800.0,2025-07-10,Thursday,3,2025-07
335,customer83,888,4.0,5823730.0,6,23294920.0,2025-07-10,Thursday,3,2025-07
335,customer83,883,9.0,1998920.0,7,17990280.0,2025-07-10,Thursday,3,2025-07
335,customer83,884,2.0,1396900.0,8,2793800.0,2025-07-10,Thursday,3,2025-07
335,customer83,881,8.0,1707310.0,9,13658480.0,2025-07-10,Thursday,3,2025-07
335,customer83,878,5.0,317790.0,10,1588950.0,2025-07-10,Thursday,3,2025-07
335,customer83,880,2.0,1272700.0,11,2545400.0,2025-07-10,Thursday,3,2025-07
335,customer83,870,8.0,1014310.0,12,8114480.0,2025-07-10,Thursday,3,2025-07
335,customer83,876,15.0,96030.0,13,1440450.0,2025-07-10,Thursday,3,2025-07
335,customer83,814,4.0,4207170.0,14,16828680.0,2025-07-10,Thursday,3,2025-07
335,customer83,825,15.0,567380.0,15,8510700.0,2025-07-10,Thursday,3,2025-07
335,customer83,826,36.0,947980.0,16,34127280.0,2025-07-10,Thursday,3,2025-07
335,customer83,827,32.0,1705550.0,17,54577600.0,2025-07-10,Thursday,3,2025-07
335,customer83,829,10.0,811800.0,18,8118000.0,2025-07-10,Thursday,3,2025-07
335,customer83,820,3.0,6040210.0,19,18120630.0,2025-07-10,Thursday,3,2025-07
335,customer83,821,17.0,8796590.0,20,149542030.0,2025-07-10,Thursday,3,2025-07
335,customer83,834,5.0,2403830.0,21,12019150.0,2025-07-10,Thursday,3,2025-07
335,customer83,835,7.0,4296270.0,22,30073890.0,2025-07-10,Thursday,3,2025-07
335,customer83,830,15.0,1358170.0,23,20372550.0,2025-07-10,Thursday,3,2025-07
335,customer83,831,10.0,2416150.0,24,24161500.0,2025-07-10,Thursday,3,2025-07
335,customer83,833,5.0,1436820.0,25,7184100.0,2025-07-10,Thursday,3,2025-07
335,customer83,838,12.0,3402410.0,26,40828920.0,2025-07-10,Thursday,3,2025-07
335,customer83,839,7.0,6141410.0,27,42989870.0,2025-07-10,Thursday,3,2025-07
335,customer83,840,15.0,8899660.0,28,133494900.0,2025-07-10,Thursday,3,2025-07
335,customer83,847,2.0,892100.0,29,1784200.0,2025-07-10,Thursday,3,2025-07
335,customer83,849,8.0,371910.0,30,2975280.0,2025-07-10,Thursday,3,2025-07
335,customer83,851,4.0,440000.0,31,1760000.0,2025-07-10,Thursday,3,2025-07
335,customer83,837,5.0,1991880.0,32,9959400.0,2025-07-10,Thursday,3,2025-07
335,customer83,856,20.0,239250.0,33,4785000.0,2025-07-10,Thursday,3,2025-07
335,customer83,857,15.0,256630.0,34,3849450.0,2025-07-10,Thursday,3,2025-07
335,customer83,858,60.0,319550.0,35,19173000.0,2025-07-10,Thursday,3,2025-07
335,customer83,859,5.0,384120.0,36,1920600.0,2025-07-10,Thursday,3,2025-07
335,customer83,860,25.0,614570.0,37,15364250.0,2025-07-10,Thursday,3,2025-07
335,customer83,872,10.0,1368730.0,38,13687300.0,2025-07-10,Thursday,3,2025-07
335,customer83,874,8.0,1873190.0,39,14985520.0,2025-07-10,Thursday,3,2025-07
335,customer83,862,50.0,961950.0,40,48097500.0,2025-07-10,Thursday,3,2025-07
335,customer83,869,10.0,638990.0,41,6389900.0,2025-07-10,Thursday,3,2025-07
335,customer83,891752192,10.0,395000.0,42,3950000.0,2025-07-10,Thursday,3,2025-07
335,customer83,879516008,7.0,744000.0,43,5208000.0,2025-07-10,Thursday,3,2025-07
335,customer83,879516009,35.0,780000.0,44,27300000.0,2025-07-10,Thursday,3,2025-07
335,customer83,879516007,40.0,588000.0,45,23520000.0,2025-07-10,Thursday,3,2025-07
336,customer90,904,5.0,556820.0,1,2784100.0,2025-07-18,Friday,4,2025-07
336,customer90,903,6.0,471460.0,2,2828760.0,2025-07-18,Friday,4,2025-07
336,customer90,807221711,10.0,440100.0,3,4401000.0,2025-07-18,Friday,4,2025-07
336,customer90,891752193,8.0,350000.0,4,2800000.0,2025-07-18,Friday,4,2025-07
337,customer84,855321101,1.0,33330.0,1,33330.0,2025-07-18,Friday,4,2025-07
337,customer84,855321501,3.0,61710.0,2,185130.0,2025-07-18,Friday,4,2025-07
337,customer84,855321301,18.0,43890.0,3,790020.0,2025-07-18,Friday,4,2025-07
337,customer84,855341301,6.0,436370.0,4,2618220.0,2025-07-18,Friday,4,2025-07
337,customer84,141,1.0,1100000.0,5,1100000.0,2025-07-18,Friday,4,2025-07
337,customer84,130,1.0,5000000.0,6,5000000.0,2025-07-18,Friday,4,2025-07
337,customer84,855321741,2.0,215820.0,7,431640.0,2025-07-18,Friday,4,2025-07
337,customer84,855341801,2.0,1966910.0,8,3933820.0,2025-07-18,Friday,4,2025-07
337,customer84,118,7.0,60000.0,9,420000.0,2025-07-18,Friday,4,2025-07
337,customer84,855341201,3.0,680020.0,10,2040060.0,2025-07-18,Friday,4,2025-07
337,customer84,807211125,10.0,17160.0,11,171600.0,2025-07-18,Friday,4,2025-07
337,customer84,417,1.0,1000000.0,12,1000000.0,2025-07-18,Friday,4,2025-07
337,customer84,343313,1.0,760100.0,13,760100.0,2025-07-18,Friday,4,2025-07
337,customer84,344,1.0,600000.0,14,600000.0,2025-07-18,Friday,4,2025-07
337,customer84,807211105,12.0,11000.0,15,132000.0,2025-07-18,Friday,4,2025-07
337,customer84,855161710,4.0,1369500.0,16,5478000.0,2025-07-18,Friday,4,2025-07
337,customer84,641210,2.0,3110140.0,17,6220280.0,2025-07-18,Friday,4,2025-07
337,customer84,855121142,1.0,1139270.0,18,1139270.0,2025-07-18,Friday,4,2025-07
337,customer84,627,1.0,4500000.0,19,4500000.0,2025-07-18,Friday,4,2025-07
337,customer84,807211121,2.0,17930.0,20,35860.0,2025-07-18,Friday,4,2025-07
337,customer84,855311112,1.0,4056250.0,21,4056250.0,2025-07-18,Friday,4,2025-07
337,customer84,855121904,1.0,1185250.0,22,1185250.0,2025-07-18,Friday,4,2025-07
337,customer84,819161020,20.0,258280.0,23,5165600.0,2025-07-18,Friday,4,2025-07
337,customer84,879248,1.0,2885410.0,24,2885410.0,2025-07-18,Friday,4,2025-07
337,customer84,879516044,1.0,3700000.0,25,3700000.0,2025-07-18,Friday,4,2025-07
337,customer84,879516113,4.0,1400000.0,26,5600000.0,2025-07-18,Friday,4,2025-07
338,customer76,1264,4.5,11800000.0,1,53100000.0,2025-07-18,Friday,4,2025-07
338,customer76,1140,4.0,473000.0,2,1892000.0,2025-07-18,Friday,4,2025-07
338,customer76,879244,4.0,250000.0,3,1000000.0,2025-07-18,Friday,4,2025-07
338,customer76,1273,2.0,286000.0,4,572000.0,2025-07-18,Friday,4,2025-07
339,customer91,611,1.0,600000.0,1,600000.0,2025-07-18,Friday,4,2025-07
339,customer91,706,1.0,547000000.0,2,547000000.0,2025-07-18,Friday,4,2025-07
339,customer91,855121188,2.0,927410.0,3,1854820.0,2025-07-18,Friday,4,2025-07
339,customer91,1233,1.0,450000.0,4,450000.0,2025-07-18,Friday,4,2025-07
339,customer91,855121235,2.0,1051710.0,5,2103420.0,2025-07-18,Friday,4,2025-07
339,customer91,118,3.0,60000.0,6,180000.0,2025-07-18,Friday,4,2025-07
339,customer91,641522,2.0,3521980.0,7,7043960.0,2025-07-18,Friday,4,2025-07
339,customer91,641524,2.0,3967700.0,8,7935400.0,2025-07-18,Friday,4,2025-07
339,customer91,879516116,0.5,1500000.0,9,750000.0,2025-07-18,Friday,4,2025-07
339,customer91,879516017,1.0,11000000.0,10,11000000.0,2025-07-18,Friday,4,2025-07
339,customer91,879245,1.0,3200000.0,11,3200000.0,2025-07-18,Friday,4,2025-07
339,customer91,879162,2.0,3200000.0,12,6400000.0,2025-07-18,Friday,4,2025-07
339,customer91,879164,2.0,3200000.0,13,6400000.0,2025-07-18,Friday,4,2025-07
339,customer91,879001,1.0,9500000.0,14,9500000.0,2025-07-18,Friday,4,2025-07
340,customer92,879147,1.0,78000000.0,1,78000000.0,2025-07-18,Friday,4,2025-07
341,customer53,813121016,43.0,360690.0,1,15509670.0,2025-07-18,Friday,4,2025-07
341,customer53,813121020,13.5,635690.0,2,8581815.0,2025-07-18,Friday,4,2025-07
341,customer53,813121025,3.5,1075690.0,3,3764915.0,2025-07-18,Friday,4,2025-07
341,customer53,855162424,2.0,4407810.0,4,8815620.0,2025-07-18,Friday,4,2025-07
341,customer53,855163402,4.0,3121910.0,5,12487640.0,2025-07-18,Friday,4,2025-07
341,customer53,855121404,1.0,2419670.0,6,2419670.0,2025-07-18,Friday,4,2025-07
341,customer53,855121235,2.0,1051710.0,7,2103420.0,2025-07-18,Friday,4,2025-07
341,customer53,855121142,1.0,1139270.0,8,1139270.0,2025-07-18,Friday,4,2025-07
341,customer53,807261405,2.0,48070.0,9,96140.0,2025-07-18,Friday,4,2025-07
341,customer53,807261401,12.0,24640.0,10,295680.0,2025-07-18,Friday,4,2025-07
341,customer53,641412,2.0,6115230.0,11,12230460.0,2025-07-18,Friday,4,2025-07
341,customer53,855121904,1.0,1185250.0,12,1185250.0,2025-07-18,Friday,4,2025-07
341,customer53,855121402,2.0,1476200.0,13,2952400.0,2025-07-18,Friday,4,2025-07
341,customer53,855121192,1.0,1659790.0,14,1659790.0,2025-07-18,Friday,4,2025-07
342,customer1,819141020,120.0,291720.0,1,35006400.0,2025-07-19,Saturday,5,2025-07
342,customer1,855321501,30.0,61710.0,2,1851300.0,2025-07-19,Saturday,5,2025-07
343,customer17,371016,200.0,32780.0,1,6556000.0,2025-07-19,Saturday,5,2025-07
343,customer17,323095,1.0,20378160.0,2,20378160.0,2025-07-19,Saturday,5,2025-07
343,customer17,807211141,40.0,104390.0,3,4175600.0,2025-07-19,Saturday,5,2025-07
343,customer17,92632,9.0,1662430.0,4,14961870.0,2025-07-19,Saturday,5,2025-07
343,customer17,813121025,20.0,1075690.0,5,21513800.0,2025-07-19,Saturday,5,2025-07
343,customer17,855121908,2.0,2337060.0,6,4674120.0,2025-07-19,Saturday,5,2025-07
345,customer76,962,3.0,656150.0,1,1968450.0,2025-07-19,Saturday,5,2025-07
346,customer93,641642,1.0,3598540.0,1,3598540.0,2025-07-19,Saturday,5,2025-07
346,customer93,681802,1.0,3329810.0,2,3329810.0,2025-07-19,Saturday,5,2025-07
346,customer93,855121102,2.0,587950.0,3,1175900.0,2025-07-19,Saturday,5,2025-07
346,customer93,813121020,9.0,635690.0,4,5721210.0,2025-07-19,Saturday,5,2025-07
346,customer93,855163410,2.0,3590400.0,5,7180800.0,2025-07-19,Saturday,5,2025-07
346,customer93,855161710,2.0,1369500.0,6,2739000.0,2025-07-19,Saturday,5,2025-07
346,customer93,855121502,1.0,2094000.0,7,2094000.0,2025-07-19,Saturday,5,2025-07
346,customer93,855141504,1.0,2458830.0,8,2458830.0,2025-07-19,Saturday,5,2025-07
347,customer93,818,1.0,1888920.0,1,1888920.0,2025-07-19,Saturday,5,2025-07
347,customer93,819,5.0,3301210.0,2,16506050.0,2025-07-19,Saturday,5,2025-07
347,customer93,872,1.0,1368730.0,3,1368730.0,2025-07-19,Saturday,5,2025-07
347,customer93,862,14.0,961950.0,4,13467300.0,2025-07-19,Saturday,5,2025-07
347,customer93,858,1.0,319550.0,5,319550.0,2025-07-19,Saturday,5,2025-07
347,customer93,837,1.0,1991880.0,6,1991880.0,2025-07-19,Saturday,5,2025-07
347,customer93,838,2.0,3402410.0,7,6804820.0,2025-07-19,Saturday,5,2025-07
347,customer93,821,5.0,8796590.0,8,43982950.0,2025-07-19,Saturday,5,2025-07
347,customer93,884,1.0,1396900.0,9,1396900.0,2025-07-19,Saturday,5,2025-07
348,customer90,1159,4.0,973000.0,1,3892000.0,2025-07-11,Friday,4,2025-07
348,customer90,1158,4.0,732000.0,2,2928000.0,2025-07-11,Friday,4,2025-07
348,customer90,1249,5.0,395000.0,3,1975000.0,2025-07-11,Friday,4,2025-07
348,customer90,1271,30.0,122000.0,4,3660000.0,2025-07-11,Friday,4,2025-07
348,customer90,1266,5.0,6336000.0,5,31680000.0,2025-07-11,Friday,4,2025-07
348,customer90,1264,9.0,11800000.0,6,106200000.0,2025-07-11,Friday,4,2025-07
348,customer90,1265,3.0,8955000.0,7,26865000.0,2025-07-11,Friday,4,2025-07
348,customer90,1146,6.0,1027000.0,8,6162000.0,2025-07-11,Friday,4,2025-07
348,customer90,1147,4.0,750000.0,9,3000000.0,2025-07-11,Friday,4,2025-07
348,customer90,1148,8.0,368000.0,10,2944000.0,2025-07-11,Friday,4,2025-07
348,customer90,1149,4.0,573000.0,11,2292000.0,2025-07-11,Friday,4,2025-07
348,customer90,1150,10.0,309000.0,12,3090000.0,2025-07-11,Friday,4,2025-07
348,customer90,1151,3.0,1014000.0,13,3042000.0,2025-07-11,Friday,4,2025-07
348,customer90,1156,5.0,636000.0,14,3180000.0,2025-07-11,Friday,4,2025-07
348,customer90,1138,6.0,282000.0,15,1692000.0,2025-07-11,Friday,4,2025-07
348,customer90,1141,10.0,364000.0,16,3640000.0,2025-07-11,Friday,4,2025-07
348,customer90,1142,40.0,175000.0,17,7000000.0,2025-07-11,Friday,4,2025-07
348,customer90,1139,5.0,318000.0,18,1590000.0,2025-07-11,Friday,4,2025-07
348,customer90,1140,35.0,473000.0,19,16555000.0,2025-07-11,Friday,4,2025-07
348,customer90,1422,0.249,13500000.0,20,3361500.0,2025-07-11,Friday,4,2025-07
348,customer90,1272,10.0,223000.0,21,2230000.0,2025-07-11,Friday,4,2025-07
348,customer90,1273,40.0,286000.0,22,11440000.0,2025-07-11,Friday,4,2025-07
349,customer13,211122,20.0,2998380.0,1,59967600.0,2025-07-20,Sunday,6,2025-07
349,customer13,855311239,4.0,31838730.0,2,127354920.0,2025-07-20,Sunday,6,2025-07
349,customer13,855341109,100.0,440550.0,3,44055000.0,2025-07-20,Sunday,6,2025-07
349,customer13,855121235,18.0,1051710.0,4,18930780.0,2025-07-20,Sunday,6,2025-07
349,customer13,813121025,100.0,1075690.0,5,107569000.0,2025-07-20,Sunday,6,2025-07
349,customer13,813121020,150.0,635690.0,6,95353500.0,2025-07-20,Sunday,6,2025-07
349,customer13,861645201,65.0,1636030.0,7,106341950.0,2025-07-20,Sunday,6,2025-07
349,customer13,813121016,600.0,360690.0,8,216414000.0,2025-07-20,Sunday,6,2025-07
349,customer13,855162402,48.0,1302730.0,9,62531040.0,2025-07-20,Sunday,6,2025-07
349,customer13,855162424,8.0,4407810.0,10,35262480.0,2025-07-20,Sunday,6,2025-07
349,customer13,861645205,45.0,2232450.0,11,100460250.0,2025-07-20,Sunday,6,2025-07
349,customer13,323085,2.0,16957710.0,12,33915420.0,2025-07-20,Sunday,6,2025-07
349,customer13,861641110,20.0,1980990.0,13,39619800.0,2025-07-20,Sunday,6,2025-07
349,customer13,861641102,24.0,1719190.0,14,41260560.0,2025-07-20,Sunday,6,2025-07
349,customer13,855121102,25.0,587950.0,15,14698750.0,2025-07-20,Sunday,6,2025-07
350,customer13,1422,5.0,13500000.0,1,67500000.0,2025-07-20,Sunday,6,2025-07
350,customer13,879101,10.0,1332000.0,2,13320000.0,2025-07-20,Sunday,6,2025-07
350,customer13,1264,20.0,11800000.0,3,236000000.0,2025-07-20,Sunday,6,2025-07
350,customer13,1266,20.0,6336000.0,4,126720000.0,2025-07-20,Sunday,6,2025-07
350,customer13,1265,15.0,9850000.0,5,147750000.0,2025-07-20,Sunday,6,2025-07
351,customer56,905,80.0,686840.0,1,54947200.0,2025-07-20,Sunday,6,2025-07
352,customer63,855341301,1.0,436370.0,1,436370.0,2025-07-20,Sunday,6,2025-07
352,customer63,861645201,1.0,1636030.0,2,1636030.0,2025-07-20,Sunday,6,2025-07
352,customer63,641602,1.0,3073840.0,3,3073840.0,2025-07-20,Sunday,6,2025-07
353,customer44,121180,15.0,476520.0,1,7147800.0,2025-07-20,Sunday,6,2025-07
353,customer44,855121182,15.0,631400.0,2,9471000.0,2025-07-20,Sunday,6,2025-07
355,customer7,819161025,100.0,411730.0,1,41173000.0,2025-07-22,Tuesday,1,2025-07
355,customer7,819161020,140.0,258280.0,2,36159200.0,2025-07-22,Tuesday,1,2025-07
355,customer7,855461131,10.0,944130.0,3,9441300.0,2025-07-22,Tuesday,1,2025-07
355,customer7,861645151,10.0,1600060.0,4,16000600.0,2025-07-22,Tuesday,1,2025-07
355,customer7,855321101,360.0,33330.0,5,11998800.0,2025-07-22,Tuesday,1,2025-07
355,customer7,861645155,10.0,2375560.0,6,23755600.0,2025-07-22,Tuesday,1,2025-07
356,customer7,1151,30.0,1014000.0,1,30420000.0,2025-07-22,Tuesday,1,2025-07
356,customer7,1134,20.0,6618000.0,2,132360000.0,2025-07-22,Tuesday,1,2025-07
357,customer31,855321309,80.0,115830.0,1,9266400.0,2025-07-22,Tuesday,1,2025-07
357,customer31,855341301,240.0,436370.0,2,104728800.0,2025-07-22,Tuesday,1,2025-07
357,customer31,819141020,700.0,291720.0,3,204204000.0,2025-07-22,Tuesday,1,2025-07
357,customer31,819141025,300.0,460350.0,4,138105000.0,2025-07-22,Tuesday,1,2025-07
357,customer31,861645155,35.0,2375560.0,5,83144600.0,2025-07-22,Tuesday,1,2025-07
357,customer31,855341401,30.0,992970.0,6,29789100.0,2025-07-22,Tuesday,1,2025-07
357,customer31,855321301,500.0,43890.0,7,21945000.0,2025-07-22,Tuesday,1,2025-07
357,customer31,855321505,80.0,87340.0,8,6987200.0,2025-07-22,Tuesday,1,2025-07
357,customer31,855321305,300.0,69080.0,9,20724000.0,2025-07-22,Tuesday,1,2025-07
357,customer31,855321501,170.0,61710.0,10,10490700.0,2025-07-22,Tuesday,1,2025-07
357,customer31,807311101,50.0,38170.0,11,1908500.0,2025-07-22,Tuesday,1,2025-07
357,customer31,855321905,15.0,281490.0,12,4222350.0,2025-07-22,Tuesday,1,2025-07
357,customer31,855321901,10.0,205920.0,13,2059200.0,2025-07-22,Tuesday,1,2025-07
357,customer31,861645151,55.0,1600060.0,14,88003300.0,2025-07-22,Tuesday,1,2025-07
357,customer31,855341805,20.0,2745820.0,15,54916400.0,2025-07-22,Tuesday,1,2025-07
357,customer31,855341801,10.0,1966910.0,16,19669100.0,2025-07-22,Tuesday,1,2025-07
357,customer31,819121020,280.0,338140.0,17,94679200.0,2025-07-22,Tuesday,1,2025-07
357,customer31,855321371,180.0,71390.0,18,12850200.0,2025-07-22,Tuesday,1,2025-07
357,customer31,855321705,50.0,40700.0,19,2035000.0,2025-07-22,Tuesday,1,2025-07
357,customer31,861645159,10.0,3526820.0,20,35268200.0,2025-07-22,Tuesday,1,2025-07
357,customer31,855321701,650.0,28160.0,21,18304000.0,2025-07-22,Tuesday,1,2025-07
357,customer31,341901,10.0,653840.0,22,6538400.0,2025-07-22,Tuesday,1,2025-07
357,customer31,855321909,10.0,494340.0,23,4943400.0,2025-07-22,Tuesday,1,2025-07
357,customer31,855341221,10.0,1492590.0,24,14925900.0,2025-07-22,Tuesday,1,2025-07
357,customer31,855341625,10.0,1014200.0,25,10142000.0,2025-07-22,Tuesday,1,2025-07
357,customer31,855341809,10.0,3573900.0,26,35739000.0,2025-07-22,Tuesday,1,2025-07
357,customer31,855341917,10.0,1237830.0,27,12378300.0,2025-07-22,Tuesday,1,2025-07
357,customer31,807261401,300.0,24640.0,28,7392000.0,2025-07-22,Tuesday,1,2025-07
358,customer63,819141020,8.0,291720.0,1,2333760.0,2025-07-22,Tuesday,1,2025-07
358,customer63,861645155,1.0,2375560.0,2,2375560.0,2025-07-22,Tuesday,1,2025-07
358,customer63,855321301,4.0,43890.0,3,175560.0,2025-07-22,Tuesday,1,2025-07
358,customer63,855321101,8.0,33330.0,4,266640.0,2025-07-22,Tuesday,1,2025-07
358,customer63,855341801,2.0,1966910.0,5,3933820.0,2025-07-22,Tuesday,1,2025-07
358,customer63,118,3.0,60000.0,6,180000.0,2025-07-22,Tuesday,1,2025-07
358,customer63,855121102,1.0,587950.0,7,587950.0,2025-07-22,Tuesday,1,2025-07
358,customer63,855321201,2.0,31900.0,8,63800.0,2025-07-22,Tuesday,1,2025-07
359,customer9,855311236,2.0,21235280.0,1,42470560.0,2025-07-20,Sunday,6,2025-07
359,customer9,855212424,12.0,5267680.0,2,63212160.0,2025-07-20,Sunday,6,2025-07
359,customer9,855311237,2.0,24768920.0,3,49537840.0,2025-07-20,Sunday,6,2025-07
359,customer9,807311116,20.0,170940.0,4,3418800.0,2025-07-20,Sunday,6,2025-07
359,customer9,855311242,2.0,43411830.0,5,86823660.0,2025-07-20,Sunday,6,2025-07
359,customer9,807211141,120.0,104390.0,6,12526800.0,2025-07-20,Sunday,6,2025-07
359,customer9,323055,2.0,12606880.0,7,25213760.0,2025-07-20,Sunday,6,2025-07
359,customer9,813121016,600.0,360690.0,8,216414000.0,2025-07-20,Sunday,6,2025-07
359,customer9,813121020,150.0,635690.0,9,95353500.0,2025-07-20,Sunday,6,2025-07
359,customer9,807241513,60.0,46200.0,10,2772000.0,2025-07-20,Sunday,6,2025-07
359,customer9,807311125,20.0,340890.0,11,6817800.0,2025-07-20,Sunday,6,2025-07
359,customer9,323065,4.0,13808520.0,12,55234080.0,2025-07-20,Sunday,6,2025-07
359,customer9,855311134,5.0,10080400.0,13,50402000.0,2025-07-20,Sunday,6,2025-07
359,customer9,323045,3.0,11620290.0,14,34860870.0,2025-07-20,Sunday,6,2025-07
359,customer9,861641110,20.0,1980990.0,15,39619800.0,2025-07-20,Sunday,6,2025-07
359,customer9,861641102,96.0,1719190.0,16,165042240.0,2025-07-20,Sunday,6,2025-07
360,customer31,813121016,1000.0,360690.0,1,360690000.0,2025-07-22,Tuesday,1,2025-07
360,customer31,813121020,450.0,635690.0,2,286060500.0,2025-07-22,Tuesday,1,2025-07
360,customer31,855121244,12.0,1952170.0,3,23426040.0,2025-07-22,Tuesday,1,2025-07
360,customer31,855211424,16.0,3839880.0,4,61438080.0,2025-07-22,Tuesday,1,2025-07
360,customer31,855121242,12.0,2355320.0,5,28263840.0,2025-07-22,Tuesday,1,2025-07
360,customer31,855212402,96.0,1719850.0,6,165105600.0,2025-07-22,Tuesday,1,2025-07
360,customer31,861641102,96.0,1719190.0,7,165042240.0,2025-07-22,Tuesday,1,2025-07
360,customer31,855311136,6.0,14983540.0,8,89901240.0,2025-07-22,Tuesday,1,2025-07
360,customer31,855121908,15.0,2337060.0,9,35055900.0,2025-07-22,Tuesday,1,2025-07
360,customer31,855121936,15.0,2358730.0,10,35380950.0,2025-07-22,Tuesday,1,2025-07
360,customer31,855121235,18.0,1051710.0,11,18930780.0,2025-07-22,Tuesday,1,2025-07
360,customer31,323125,2.0,29100500.0,12,58201000.0,2025-07-22,Tuesday,1,2025-07
360,customer31,855211112,20.0,1617440.0,13,32348800.0,2025-07-22,Tuesday,1,2025-07
360,customer31,855311133,6.0,7529940.0,14,45179640.0,2025-07-22,Tuesday,1,2025-07
360,customer31,855212670,16.0,4666310.0,15,74660960.0,2025-07-22,Tuesday,1,2025-07
360,customer31,855181104,10.0,3299010.0,16,32990100.0,2025-07-22,Tuesday,1,2025-07
360,customer31,163642,32.0,2838990.0,17,90847680.0,2025-07-22,Tuesday,1,2025-07
360,customer31,855211210,20.0,1644500.0,18,32890000.0,2025-07-22,Tuesday,1,2025-07
360,customer31,855181102,10.0,2339370.0,19,23393700.0,2025-07-22,Tuesday,1,2025-07
360,customer31,855181534,10.0,4513300.0,20,45133000.0,2025-07-22,Tuesday,1,2025-07
360,customer31,855211324,10.0,3985190.0,21,39851900.0,2025-07-22,Tuesday,1,2025-07
360,customer31,641324,12.0,6221490.0,22,74657880.0,2025-07-22,Tuesday,1,2025-07
360,customer31,323095,5.0,20378160.0,23,101890800.0,2025-07-22,Tuesday,1,2025-07
360,customer31,855181106,10.0,4901930.0,24,49019300.0,2025-07-22,Tuesday,1,2025-07
360,customer31,855181126,10.0,3874750.0,25,38747500.0,2025-07-22,Tuesday,1,2025-07
360,customer31,855121402,15.0,1476200.0,26,22143000.0,2025-07-22,Tuesday,1,2025-07
361,customer31,516,20.0,1500000.0,1,30000000.0,2025-07-22,Tuesday,1,2025-07
361,customer31,879177,10.0,6200000.0,2,62000000.0,2025-07-22,Tuesday,1,2025-07
361,customer31,879001,10.0,6050000.0,3,60500000.0,2025-07-22,Tuesday,1,2025-07
362,customer94,1463,2.0,200000.0,1,400000.0,2025-07-23,Wednesday,2,2025-07
362,customer94,1440,8.0,134000.0,2,1072000.0,2025-07-23,Wednesday,2,2025-07
362,customer94,1273,20.0,286000.0,3,5720000.0,2025-07-23,Wednesday,2,2025-07
362,customer94,879102,2.0,2036000.0,4,4072000.0,2025-07-23,Wednesday,2,2025-07
362,customer94,879516046,6.0,141000.0,5,846000.0,2025-07-23,Wednesday,2,2025-07
362,customer94,1158,5.0,732000.0,6,3660000.0,2025-07-23,Wednesday,2,2025-07
362,customer94,1271,30.0,122000.0,7,3660000.0,2025-07-23,Wednesday,2,2025-07
362,customer94,1266,3.0,6336000.0,8,19008000.0,2025-07-23,Wednesday,2,2025-07
362,customer94,1267,5.0,327000.0,9,1635000.0,2025-07-23,Wednesday,2,2025-07
362,customer94,1264,6.0,11800000.0,10,70800000.0,2025-07-23,Wednesday,2,2025-07
362,customer94,1150,4.0,309000.0,11,1236000.0,2025-07-23,Wednesday,2,2025-07
362,customer94,1148,4.0,368000.0,12,1472000.0,2025-07-23,Wednesday,2,2025-07
362,customer94,1151,2.0,1014000.0,13,2028000.0,2025-07-23,Wednesday,2,2025-07
362,customer94,1144,30.0,614000.0,14,18420000.0,2025-07-23,Wednesday,2,2025-07
362,customer94,1146,6.0,1027000.0,15,6162000.0,2025-07-23,Wednesday,2,2025-07
362,customer94,1142,20.0,175000.0,16,3500000.0,2025-07-23,Wednesday,2,2025-07
363,customer94,962,20.0,656150.0,1,13123000.0,2025-07-23,Wednesday,2,2025-07
364,customer58,855341701,240.0,483890.0,1,116133600.0,2025-07-20,Sunday,6,2025-07
364,customer58,807211125,1200.0,17160.0,2,20592000.0,2025-07-20,Sunday,6,2025-07
364,customer58,855321501,850.0,61710.0,3,52453500.0,2025-07-20,Sunday,6,2025-07
364,customer58,855321305,450.0,69080.0,4,31086000.0,2025-07-20,Sunday,6,2025-07
364,customer58,855321101,2160.0,33330.0,5,71992800.0,2025-07-20,Sunday,6,2025-07
364,customer58,855341301,480.0,436370.0,6,209457600.0,2025-07-20,Sunday,6,2025-07
364,customer58,819141025,1000.0,460350.0,7,460350000.0,2025-07-20,Sunday,6,2025-07
364,customer58,855321301,1800.0,43890.0,8,79002000.0,2025-07-20,Sunday,6,2025-07
364,customer58,861641102,96.0,1719190.0,9,165042240.0,2025-07-20,Sunday,6,2025-07
364,customer58,855212402,144.0,1719850.0,10,247658400.0,2025-07-20,Sunday,6,2025-07
364,customer58,807211105,2550.0,11000.0,11,28050000.0,2025-07-20,Sunday,6,2025-07
364,customer58,813121016,2000.0,360690.0,12,721380000.0,2025-07-20,Sunday,6,2025-07
364,customer58,813121020,600.0,635690.0,13,381414000.0,2025-07-20,Sunday,6,2025-07
364,customer58,163642,96.0,2838990.0,14,272543040.0,2025-07-20,Sunday,6,2025-07
364,customer58,855212682,64.0,6642570.0,15,425124480.0,2025-07-20,Sunday,6,2025-07
365,customer95,855162682,4.0,5943630.0,1,23774520.0,2025-07-24,Thursday,3,2025-07
365,customer95,547,10.0,67650.0,2,676500.0,2025-07-24,Thursday,3,2025-07
365,customer95,371016,200.0,32780.0,3,6556000.0,2025-07-24,Thursday,3,2025-07
365,customer95,371020,60.0,41470.0,4,2488200.0,2025-07-24,Thursday,3,2025-07
365,customer95,855311133,1.0,7529940.0,5,7529940.0,2025-07-24,Thursday,3,2025-07
365,customer95,855162642,4.0,1853280.0,6,7413120.0,2025-07-24,Thursday,3,2025-07
365,customer95,855311237,2.0,24768920.0,7,49537840.0,2025-07-24,Thursday,3,2025-07
365,customer95,855121142,2.0,1139270.0,8,2278540.0,2025-07-24,Thursday,3,2025-07
365,customer95,641202,21.0,2611400.0,9,54839400.0,2025-07-24,Thursday,3,2025-07
365,customer95,641436,2.0,11215930.0,10,22431860.0,2025-07-24,Thursday,3,2025-07
365,customer95,323055,1.0,12606880.0,11,12606880.0,2025-07-24,Thursday,3,2025-07
365,customer95,855121235,5.0,1051710.0,12,5258550.0,2025-07-24,Thursday,3,2025-07
365,customer95,323035,1.0,9889000.0,13,9889000.0,2025-07-24,Thursday,3,2025-07
365,customer95,855121906,1.0,1102200.0,14,1102200.0,2025-07-24,Thursday,3,2025-07
365,customer95,855121908,2.0,2337060.0,15,4674120.0,2025-07-24,Thursday,3,2025-07
365,customer95,85511134,1.0,10080400.0,16,10080400.0,2025-07-24,Thursday,3,2025-07
365,customer95,813121020,40.0,635690.0,17,25427600.0,2025-07-24,Thursday,3,2025-07
365,customer95,855162436,2.0,6397710.0,18,12795420.0,2025-07-24,Thursday,3,2025-07
365,customer95,813121016,200.0,360690.0,19,72138000.0,2025-07-24,Thursday,3,2025-07
365,customer95,855162402,20.0,1302730.0,20,26054600.0,2025-07-24,Thursday,3,2025-07
365,customer95,807311110,4.0,60500.0,21,242000.0,2025-07-24,Thursday,3,2025-07
365,customer95,855121244,2.0,1952170.0,22,3904340.0,2025-07-24,Thursday,3,2025-07
365,customer95,807311125,1.0,340890.0,23,340890.0,2025-07-24,Thursday,3,2025-07
365,customer95,855162410,2.0,1789150.0,24,3578300.0,2025-07-24,Thursday,3,2025-07
365,customer95,807311119,7.0,276210.0,25,1933470.0,2025-07-24,Thursday,3,2025-07
365,customer95,92632,6.5,1662430.0,26,10805795.0,2025-07-24,Thursday,3,2025-07
365,customer95,807311113,5.0,113960.0,27,569800.0,2025-07-24,Thursday,3,2025-07
365,customer95,855121102,4.0,587950.0,28,2351800.0,2025-07-24,Thursday,3,2025-07
365,customer95,641412,3.0,6115230.0,29,18345690.0,2025-07-24,Thursday,3,2025-07
365,customer95,807261401,30.0,24640.0,30,739200.0,2025-07-24,Thursday,3,2025-07
366,customer95,747,2.0,950000.0,1,1900000.0,2025-07-24,Thursday,3,2025-07
366,customer95,516,1.0,1700000.0,2,1700000.0,2025-07-24,Thursday,3,2025-07
366,customer95,417,3.0,1000000.0,3,3000000.0,2025-07-24,Thursday,3,2025-07
366,customer95,118,3.0,60000.0,4,180000.0,2025-07-24,Thursday,3,2025-07
367,customer32,855321305,300.0,69080.0,1,20724000.0,2025-07-23,Wednesday,2,2025-07
367,customer32,855321509,50.0,148390.0,2,7419500.0,2025-07-23,Wednesday,2,2025-07
367,customer32,855121936,10.0,2358730.0,3,23587300.0,2025-07-23,Wednesday,2,2025-07
367,customer32,855211136,2.0,4805350.0,4,9610700.0,2025-07-23,Wednesday,2,2025-07
367,customer32,855212602,17.0,4023580.0,5,68400860.0,2025-07-23,Wednesday,2,2025-07
367,customer32,819161020,560.0,258280.0,6,144636800.0,2025-07-23,Wednesday,2,2025-07
368,customer96,807311113,3.0,113960.0,1,341880.0,2025-07-24,Thursday,3,2025-07
368,customer96,807311125,1.0,340890.0,2,340890.0,2025-07-24,Thursday,3,2025-07
368,customer96,807311110,16.0,60500.0,3,968000.0,2025-07-24,Thursday,3,2025-07
368,customer96,855311134,2.0,10080400.0,4,20160800.0,2025-07-24,Thursday,3,2025-07
368,customer96,855121906,1.0,1102200.0,5,1102200.0,2025-07-24,Thursday,3,2025-07
368,customer96,855212402,8.0,1719850.0,6,13758800.0,2025-07-24,Thursday,3,2025-07
368,customer96,861641102,8.0,1719190.0,7,13753520.0,2025-07-24,Thursday,3,2025-07
368,customer96,855121235,3.0,1051710.0,8,3155130.0,2025-07-24,Thursday,3,2025-07
368,customer96,641312,1.0,5886980.0,9,5886980.0,2025-07-24,Thursday,3,2025-07
368,customer96,163642,9.0,2838990.0,10,25550910.0,2025-07-24,Thursday,3,2025-07
368,customer96,855211312,2.0,3214420.0,11,6428840.0,2025-07-24,Thursday,3,2025-07
368,customer96,323095,1.0,20378160.0,12,20378160.0,2025-07-24,Thursday,3,2025-07
368,customer96,855212424,2.0,5267680.0,13,10535360.0,2025-07-24,Thursday,3,2025-07
369,customer11,1142,50.0,175000.0,1,8750000.0,2025-07-27,Sunday,6,2025-07
369,customer11,1134,20.0,6618000.0,2,132360000.0,2025-07-27,Sunday,6,2025-07
369,customer11,1136,15.0,3491000.0,3,52365000.0,2025-07-27,Sunday,6,2025-07
369,customer11,1138,20.0,282000.0,4,5640000.0,2025-07-27,Sunday,6,2025-07
369,customer11,1145,40.0,210000.0,5,8400000.0,2025-07-27,Sunday,6,2025-07
370,customer11,855341709,10.0,675070.0,1,6750700.0,2025-07-27,Sunday,6,2025-07
370,customer11,855321301,200.0,43890.0,2,8778000.0,2025-07-27,Sunday,6,2025-07
370,customer11,855321505,100.0,87340.0,3,8734000.0,2025-07-27,Sunday,6,2025-07
370,customer11,855341101,10.0,414920.0,4,4149200.0,2025-07-27,Sunday,6,2025-07
370,customer11,855321101,360.0,33330.0,5,11998800.0,2025-07-27,Sunday,6,2025-07
370,customer11,855321305,150.0,69080.0,6,10362000.0,2025-07-27,Sunday,6,2025-07
370,customer11,855321501,170.0,61710.0,7,10490700.0,2025-07-27,Sunday,6,2025-07
370,customer11,855341201,10.0,680020.0,8,6800200.0,2025-07-27,Sunday,6,2025-07
370,customer11,855341309,10.0,520080.0,9,5200800.0,2025-07-27,Sunday,6,2025-07
370,customer11,855341113,10.0,617870.0,10,6178700.0,2025-07-27,Sunday,6,2025-07
370,customer11,855341701,10.0,481140.0,11,4811400.0,2025-07-27,Sunday,6,2025-07
370,customer11,819161020,280.0,258280.0,12,72318400.0,2025-07-27,Sunday,6,2025-07
370,customer11,819161025,100.0,411730.0,13,41173000.0,2025-07-27,Sunday,6,2025-07
371,customer89,807261401,40.0,24640.0,1,985600.0,2025-07-19,Saturday,5,2025-07
371,customer89,813121016,200.0,360690.0,2,72138000.0,2025-07-19,Saturday,5,2025-07
371,customer89,813121020,60.0,635690.0,3,38141400.0,2025-07-19,Saturday,5,2025-07
371,customer89,855161102,6.0,1115180.0,4,6691080.0,2025-07-19,Saturday,5,2025-07
371,customer89,371020,60.0,41470.0,5,2488200.0,2025-07-19,Saturday,5,2025-07
372,customer97,879516113,2.0,1400000.0,1,2800000.0,2025-07-29,Tuesday,1,2025-07
372,customer97,807211105,10.0,11000.0,2,110000.0,2025-07-29,Tuesday,1,2025-07
372,customer97,861645201,3.0,1636030.0,3,4908090.0,2025-07-29,Tuesday,1,2025-07
372,customer97,417,2.0,1000000.0,4,2000000.0,2025-07-29,Tuesday,1,2025-07
372,customer97,807211125,15.0,17160.0,5,257400.0,2025-07-29,Tuesday,1,2025-07
372,customer97,681802,2.0,3329810.0,6,6659620.0,2025-07-29,Tuesday,1,2025-07
372,customer97,855341201,2.0,680020.0,7,1360040.0,2025-07-29,Tuesday,1,2025-07
372,customer97,118,4.0,60000.0,8,240000.0,2025-07-29,Tuesday,1,2025-07
372,customer97,855321901,2.0,205920.0,9,411840.0,2025-07-29,Tuesday,1,2025-07
372,customer97,855321501,5.0,61710.0,10,308550.0,2025-07-29,Tuesday,1,2025-07
372,customer97,855321301,24.0,43890.0,11,1053360.0,2025-07-29,Tuesday,1,2025-07
372,customer97,855341301,5.0,436370.0,12,2181850.0,2025-07-29,Tuesday,1,2025-07
372,customer97,341901,4.0,653840.0,13,2615360.0,2025-07-29,Tuesday,1,2025-07
373,customer96,813121016,126.0,360690.0,1,45446940.0,2025-07-29,Tuesday,1,2025-07
373,customer96,813121020,9.0,635690.0,2,5721210.0,2025-07-29,Tuesday,1,2025-07
373,customer96,163642,1.0,2605020.0,3,2605020.0,2025-07-29,Tuesday,1,2025-07
373,customer96,855212410,2.0,2916540.0,4,5833080.0,2025-07-29,Tuesday,1,2025-07
374,customer42,1272,100.0,223000.0,1,22300000.0,2025-07-29,Tuesday,1,2025-07
374,customer42,1273,72.0,286000.0,2,20592000.0,2025-07-29,Tuesday,1,2025-07
374,customer42,1147,40.0,750000.0,3,30000000.0,2025-07-29,Tuesday,1,2025-07
374,customer42,1146,20.0,1027000.0,4,20540000.0,2025-07-29,Tuesday,1,2025-07
374,customer42,1144,48.0,614000.0,5,29472000.0,2025-07-29,Tuesday,1,2025-07
374,customer42,1156,50.0,636000.0,6,31800000.0,2025-07-29,Tuesday,1,2025-07
374,customer42,1149,60.0,573000.0,7,34380000.0,2025-07-29,Tuesday,1,2025-07
374,customer42,1141,100.0,364000.0,8,36400000.0,2025-07-29,Tuesday,1,2025-07
374,customer42,1140,120.0,473000.0,9,56760000.0,2025-07-29,Tuesday,1,2025-07
375,customer90,1271,20.0,122000.0,1,2440000.0,2025-07-29,Tuesday,1,2025-07
375,customer90,1146,8.0,1027000.0,2,8216000.0,2025-07-29,Tuesday,1,2025-07
375,customer90,1150,10.0,309000.0,3,3090000.0,2025-07-29,Tuesday,1,2025-07
375,customer90,1148,5.0,368000.0,4,1840000.0,2025-07-29,Tuesday,1,2025-07
375,customer90,1142,20.0,175000.0,5,3500000.0,2025-07-29,Tuesday,1,2025-07
375,customer90,1140,25.0,473000.0,6,11825000.0,2025-07-29,Tuesday,1,2025-07
375,customer90,1273,40.0,286000.0,7,11440000.0,2025-07-29,Tuesday,1,2025-07
376,customer90,962,20.0,656150.0,1,13123000.0,2025-07-29,Tuesday,1,2025-07
377,customer63,962,20.0,656150.0,1,13123000.0,2025-07-24,Thursday,3,2025-07
377,customer63,1140,30.0,473000.0,2,14190000.0,2025-07-24,Thursday,3,2025-07
377,customer63,1141,10.0,364000.0,3,3640000.0,2025-07-24,Thursday,3,2025-07
377,customer63,1142,20.0,175000.0,4,3500000.0,2025-07-24,Thursday,3,2025-07
377,customer63,1144,4.0,614000.0,5,2456000.0,2025-07-24,Thursday,3,2025-07
377,customer63,1145,8.0,210000.0,6,1680000.0,2025-07-24,Thursday,3,2025-07
377,customer63,1146,8.0,1027000.0,7,8216000.0,2025-07-24,Thursday,3,2025-07
377,customer63,1147,5.0,750000.0,8,3750000.0,2025-07-24,Thursday,3,2025-07
377,customer63,1148,10.0,368000.0,9,3680000.0,2025-07-24,Thursday,3,2025-07
377,customer63,1149,4.0,573000.0,10,2292000.0,2025-07-24,Thursday,3,2025-07
377,customer63,1150,6.0,309000.0,11,1854000.0,2025-07-24,Thursday,3,2025-07
377,customer63,1151,3.0,1014000.0,12,3042000.0,2025-07-24,Thursday,3,2025-07
377,customer63,1156,3.0,636000.0,13,1908000.0,2025-07-24,Thursday,3,2025-07
377,customer63,1158,7.0,732000.0,14,5124000.0,2025-07-24,Thursday,3,2025-07
377,customer63,1159,5.0,973000.0,15,4865000.0,2025-07-24,Thursday,3,2025-07
377,customer63,1198,2.0,582000.0,16,1164000.0,2025-07-24,Thursday,3,2025-07
377,customer63,1264,6.0,11800000.0,17,70800000.0,2025-07-24,Thursday,3,2025-07
377,customer63,1265,3.0,8955000.0,18,26865000.0,2025-07-24,Thursday,3,2025-07
377,customer63,1266,4.0,6336000.0,19,25344000.0,2025-07-24,Thursday,3,2025-07
377,customer63,1416,2.0,1000000.0,20,2000000.0,2025-07-24,Thursday,3,2025-07
377,customer63,1422,0.166,13500000.0,21,2241000.0,2025-07-24,Thursday,3,2025-07
377,customer63,879101,2.0,1332000.0,22,2664000.0,2025-07-24,Thursday,3,2025-07
377,customer63,879104,4.0,664000.0,23,2656000.0,2025-07-24,Thursday,3,2025-07
377,customer63,879112,2.0,332000.0,24,664000.0,2025-07-24,Thursday,3,2025-07
378,customer63,118,5.0,60000.0,1,300000.0,2025-07-24,Thursday,3,2025-07
378,customer63,807311113,5.0,113960.0,2,569800.0,2025-07-24,Thursday,3,2025-07
378,customer63,855121102,4.0,587950.0,3,2351800.0,2025-07-24,Thursday,3,2025-07
378,customer63,813121016,200.0,360690.0,4,72138000.0,2025-07-24,Thursday,3,2025-07
378,customer63,813121025,70.0,1075690.0,5,75298300.0,2025-07-24,Thursday,3,2025-07
378,customer63,807311119,7.0,276210.0,6,1933470.0,2025-07-24,Thursday,3,2025-07
378,customer63,807311110,8.0,60500.0,7,484000.0,2025-07-24,Thursday,3,2025-07
378,customer63,855121908,3.0,2337060.0,8,7011180.0,2025-07-24,Thursday,3,2025-07
378,customer63,861641102,22.0,1719190.0,9,37822180.0,2025-07-24,Thursday,3,2025-07
378,customer63,855121242,5.0,2335320.0,10,11676600.0,2025-07-24,Thursday,3,2025-07
378,customer63,855211424,4.0,3839880.0,11,15359520.0,2025-07-24,Thursday,3,2025-07
378,customer63,855212402,20.0,1719850.0,12,34397000.0,2025-07-24,Thursday,3,2025-07
378,customer63,855311234,2.0,14485130.0,13,28970260.0,2025-07-24,Thursday,3,2025-07
378,customer63,855311237,2.0,24768920.0,14,49537840.0,2025-07-24,Thursday,3,2025-07
378,customer63,163642,10.0,2838990.0,15,28389900.0,2025-07-24,Thursday,3,2025-07
378,customer63,641324,1.0,6221490.0,16,6221490.0,2025-07-24,Thursday,3,2025-07
378,customer63,855211324,4.0,3985190.0,17,15940760.0,2025-07-24,Thursday,3,2025-07
378,customer63,747,2.0,950000.0,18,1900000.0,2025-07-24,Thursday,3,2025-07
378,customer63,855121142,4.0,1139270.0,19,4557080.0,2025-07-24,Thursday,3,2025-07
378,customer63,807261401,30.0,24640.0,20,739200.0,2025-07-24,Thursday,3,2025-07
378,customer63,879516143,1.0,1886040.0,21,1886040.0,2025-07-24,Thursday,3,2025-07
379,customer98,855181554,2.0,6372630.0,1,12745260.0,2025-07-23,Wednesday,2,2025-07
379,customer98,855212424,2.0,5267680.0,2,10535360.0,2025-07-23,Wednesday,2,2025-07
379,customer98,855181552,2.0,5790840.0,3,11581680.0,2025-07-23,Wednesday,2,2025-07
379,customer98,855213402,2.0,3091330.0,4,6182660.0,2025-07-23,Wednesday,2,2025-07
379,customer98,855212402,4.0,1719850.0,5,6879400.0,2025-07-23,Wednesday,2,2025-07
379,customer98,813121020,5.0,635690.0,6,3178450.0,2025-07-23,Wednesday,2,2025-07
379,customer98,813121025,22.0,1075690.0,7,23665180.0,2025-07-23,Wednesday,2,2025-07
379,customer98,813121016,16.0,360690.0,8,5771040.0,2025-07-23,Wednesday,2,2025-07
379,customer98,807311119,2.0,276210.0,9,552420.0,2025-07-23,Wednesday,2,2025-07
380,customer99,312256,2.0,23789150.0,1,47578300.0,2025-07-29,Tuesday,1,2025-07
380,customer99,807261401,12.0,24640.0,2,295680.0,2025-07-29,Tuesday,1,2025-07
380,customer99,855121142,2.0,1139270.0,3,2278540.0,2025-07-29,Tuesday,1,2025-07
380,customer99,641426,2.0,6511660.0,4,13023320.0,2025-07-29,Tuesday,1,2025-07
380,customer99,371016,62.0,32780.0,5,2032360.0,2025-07-29,Tuesday,1,2025-07
380,customer99,546,14.0,52360.0,6,733040.0,2025-07-29,Tuesday,1,2025-07
380,customer99,855161702,12.0,1134650.0,7,13615800.0,2025-07-29,Tuesday,1,2025-07
380,customer99,855162402,12.0,1302730.0,8,15632760.0,2025-07-29,Tuesday,1,2025-07
380,customer99,813121016,78.0,360690.0,9,28133820.0,2025-07-29,Tuesday,1,2025-07
380,customer99,813121025,16.0,1075690.0,10,17211040.0,2025-07-29,Tuesday,1,2025-07
380,customer99,807311119,6.0,276210.0,11,1657260.0,2025-07-29,Tuesday,1,2025-07
380,customer99,323065,1.0,13256179.0,12,13256179.0,2025-07-29,Tuesday,1,2025-07
380,customer99,855121906,2.0,1102200.0,13,2204400.0,2025-07-29,Tuesday,1,2025-07
380,customer99,382,2.0,2644180.0,14,5288360.0,2025-07-29,Tuesday,1,2025-07
381,customer9,905,20.0,686840.0,1,13736800.0,2025-07-30,Wednesday,2,2025-07
381,customer9,163642,64.0,2605020.0,2,166721280.0,2025-07-30,Wednesday,2,2025-07
381,customer9,962,36.0,656150.0,3,23621400.0,2025-07-30,Wednesday,2,2025-07
381,customer9,807211141,120.0,98890.0,4,11866800.0,2025-07-30,Wednesday,2,2025-07
381,customer9,813121016,800.0,360690.0,5,288552000.0,2025-07-30,Wednesday,2,2025-07
381,customer9,813121020,150.0,635690.0,6,95353500.0,2025-07-30,Wednesday,2,2025-07
381,customer9,855211424,12.0,3529350.0,7,42352200.0,2025-07-30,Wednesday,2,2025-07
381,customer9,855212402,48.0,1578060.0,8,75746880.0,2025-07-30,Wednesday,2,2025-07
381,customer9,861641102,48.0,1577510.0,9,75720480.0,2025-07-30,Wednesday,2,2025-07
382,customer100,1147,15.0,750000.0,1,11250000.0,2025-07-30,Wednesday,2,2025-07
382,customer100,1134,15.0,6618000.0,2,99270000.0,2025-07-30,Wednesday,2,2025-07
382,customer100,1135,10.0,4582000.0,3,45820000.0,2025-07-30,Wednesday,2,2025-07
382,customer100,1136,10.0,3491000.0,4,34910000.0,2025-07-30,Wednesday,2,2025-07
382,customer100,1442,20.0,116000.0,5,2320000.0,2025-07-30,Wednesday,2,2025-07
382,customer100,1440,20.0,134000.0,6,2680000.0,2025-07-30,Wednesday,2,2025-07
382,customer100,1463,5.0,200000.0,7,1000000.0,2025-07-30,Wednesday,2,2025-07
382,customer100,879102,6.0,2036000.0,8,12216000.0,2025-07-30,Wednesday,2,2025-07
383,customer100,819161020,140.0,242110.0,1,33895400.0,2025-07-30,Wednesday,2,2025-07
384,customer42,1143,80.0,432000.0,1,34560000.0,2025-07-30,Wednesday,2,2025-07
384,customer42,1150,120.0,297000.0,2,35640000.0,2025-07-30,Wednesday,2,2025-07
384,customer42,1134,20.0,6618000.0,3,132360000.0,2025-07-30,Wednesday,2,2025-07
385,customer69,855341201,30.0,642510.0,1,19275300.0,2025-07-30,Wednesday,2,2025-07
385,customer69,855321305,150.0,69080.0,2,10362000.0,2025-07-30,Wednesday,2,2025-07
385,customer69,807261401,150.0,32340.0,3,4851000.0,2025-07-30,Wednesday,2,2025-07
386,customer68,855321301,200.0,43780.0,1,8756000.0,2025-07-30,Wednesday,2,2025-07
386,customer68,1406,4000.0,69740.0,2,278960000.0,2025-07-30,Wednesday,2,2025-07
386,customer68,1407,1000.0,84480.0,3,84480000.0,2025-07-30,Wednesday,2,2025-07
387,customer21,855341201,4.0,642510.0,1,2570040.0,2025-07-31,Thursday,3,2025-07
387,customer21,855321901,5.0,195140.0,2,975700.0,2025-07-31,Thursday,3,2025-07
387,customer21,855321905,4.0,195140.0,3,780560.0,2025-07-31,Thursday,3,2025-07
387,customer21,861645205,4.0,2081640.0,4,8326560.0,2025-07-31,Thursday,3,2025-07
387,customer21,861645201,6.0,1531860.0,5,9191160.0,2025-07-31,Thursday,3,2025-07
388,customer101,807211105,6.0,16170.0,1,97020.0,2025-08-02,Saturday,5,2025-08
388,customer101,855341201,1.0,642510.0,2,642510.0,2025-08-02,Saturday,5,2025-08
388,customer101,118,2.0,70000.0,3,140000.0,2025-08-02,Saturday,5,2025-08
388,customer101,855321501,15.0,61270.0,4,919050.0,2025-08-02,Saturday,5,2025-08
388,customer101,855321101,4.0,32890.0,5,131560.0,2025-08-02,Saturday,5,2025-08
388,customer101,855321301,25.0,43780.0,6,1094500.0,2025-08-02,Saturday,5,2025-08
388,customer101,855341301,8.0,414370.0,7,3314960.0,2025-08-02,Saturday,5,2025-08
388,customer101,819161020,56.0,242110.0,8,13558160.0,2025-08-02,Saturday,5,2025-08
389,customer63,855141106,1.0,3140000.0,1,3140000.0,2025-08-02,Saturday,5,2025-08
392,customer63,855321201,8.0,30000.0,1,240000.0,2025-08-03,Sunday,6,2025-08
392,customer63,855341201,10.0,642510.0,2,6425100.0,2025-08-03,Sunday,6,2025-08
392,customer63,1418,1.0,1500000.0,3,1500000.0,2025-08-03,Sunday,6,2025-08
393,customer98,73,1.0,66000000.0,1,66000000.0,2025-08-03,Sunday,6,2025-08
394,customer63,762,1.0,950000.0,1,950000.0,2025-08-04,Monday,0,2025-08
394,customer63,962,2.0,565150.0,2,1130300.0,2025-08-04,Monday,0,2025-08
394,customer63,1136,1.0,3491000.0,3,3491000.0,2025-08-04,Monday,0,2025-08
394,customer63,1142,2.0,175000.0,4,350000.0,2025-08-04,Monday,0,2025-08
394,customer63,1145,8.0,210000.0,5,1680000.0,2025-08-04,Monday,0,2025-08
394,customer63,1148,1.0,368000.0,6,368000.0,2025-08-04,Monday,0,2025-08
394,customer63,1418,1.0,1500000.0,7,1500000.0,2025-08-04,Monday,0,2025-08
394,customer63,879516044,1.0,2900000.0,8,2900000.0,2025-08-04,Monday,0,2025-08
394,customer63,879516054,2.0,1800000.0,9,3600000.0,2025-08-04,Monday,0,2025-08
394,customer63,879516060,1.0,18650000.0,10,18650000.0,2025-08-04,Monday,0,2025-08
394,customer63,879516058,1.0,18940000.0,11,18940000.0,2025-08-04,Monday,0,2025-08
394,customer63,879516059,1.0,25450000.0,12,25450000.0,2025-08-04,Monday,0,2025-08
395,customer63,813121020,16.0,635690.0,1,10171040.0,2025-08-04,Monday,0,2025-08
396,customer102,641202,20.0,2611400.0,1,52228000.0,2025-08-04,Monday,0,2025-08
396,customer102,641436,2.0,11215930.0,2,22431860.0,2025-08-04,Monday,0,2025-08
397,customer43,855321621,65.0,136290.0,1,8858850.0,2025-08-04,Monday,0,2025-08
397,customer43,855321605,120.0,75570.0,2,9068400.0,2025-08-04,Monday,0,2025-08
397,customer43,855321505,100.0,86790.0,3,8679000.0,2025-08-04,Monday,0,2025-08
397,customer43,855321305,150.0,68860.0,4,10329000.0,2025-08-04,Monday,0,2025-08
397,customer43,861645155,35.0,2355870.0,5,82455450.0,2025-08-04,Monday,0,2025-08
398,customer56,813121016,1000.0,360690.0,1,360690000.0,2025-08-04,Monday,0,2025-08
400,customer35,879516110,4.0,55000000.0,1,220000000.0,2025-08-05,Tuesday,1,2025-08
400,customer35,879516144,1.0,14000000.0,2,14000000.0,2025-08-05,Tuesday,1,2025-08
401,customer90,813121016,200.0,360690.0,1,72138000.0,2025-08-05,Tuesday,1,2025-08
402,customer103,807341191,1.0,10433390.0,1,10433390.0,2025-08-06,Wednesday,2,2025-08
402,customer103,341269,2.0,60089040.0,2,120178080.0,2025-08-06,Wednesday,2,2025-08
403,customer63,1142,5.0,175000.0,1,875000.0,2025-08-06,Wednesday,2,2025-08
403,customer63,1146,1.0,1027000.0,2,1027000.0,2025-08-06,Wednesday,2,2025-08
403,customer63,1267,2.0,327000.0,3,654000.0,2025-08-06,Wednesday,2,2025-08
405,customer13,855311132,5.0,5156690.0,1,25783450.0,2025-08-05,Tuesday,1,2025-08
405,customer13,903,50.0,495000.0,2,24750000.0,2025-08-05,Tuesday,1,2025-08
405,customer13,323075,2.0,15999720.0,3,31999440.0,2025-08-05,Tuesday,1,2025-08
405,customer13,855162682,12.0,4875310.0,4,58503720.0,2025-08-05,Tuesday,1,2025-08
405,customer13,855211312,12.0,3214420.0,5,38573040.0,2025-08-05,Tuesday,1,2025-08
405,customer13,855311241,4.0,32531950.0,6,130127800.0,2025-08-05,Tuesday,1,2025-08
405,customer13,641202,50.0,2611400.0,7,130570000.0,2025-08-05,Tuesday,1,2025-08
405,customer13,813121025,200.0,1075690.0,8,215138000.0,2025-08-05,Tuesday,1,2025-08
405,customer13,813121016,400.0,360690.0,9,144276000.0,2025-08-05,Tuesday,1,2025-08
405,customer13,855162402,20.0,1302730.0,10,26054600.0,2025-08-05,Tuesday,1,2025-08
405,customer13,855162410,20.0,1789150.0,11,35783000.0,2025-08-05,Tuesday,1,2025-08
405,customer13,807311119,30.0,276210.0,12,8286300.0,2025-08-05,Tuesday,1,2025-08
405,customer13,323065,2.0,13808520.0,13,27617040.0,2025-08-05,Tuesday,1,2025-08
405,customer13,861641102,36.0,1719190.0,14,61890840.0,2025-08-05,Tuesday,1,2025-08
405,customer13,855211424,7.0,3331240.0,15,23318680.0,2025-08-05,Tuesday,1,2025-08
406,customer27,813121016,1.5,360690.0,1,541035.0,2025-08-08,Friday,4,2025-08
406,customer27,855162402,2.0,1195370.0,2,2390740.0,2025-08-08,Friday,4,2025-08
406,customer27,807311110,2.0,60500.0,3,121000.0,2025-08-08,Friday,4,2025-08
406,customer27,855141502,2.0,1588400.0,4,3176800.0,2025-08-08,Friday,4,2025-08
407,customer90,1271,10.0,122000.0,1,1220000.0,2025-08-08,Friday,4,2025-08
407,customer90,813121025,16.0,1075690.0,2,17211040.0,2025-08-08,Friday,4,2025-08
407,customer90,813121020,39.0,635690.0,3,24791910.0,2025-08-08,Friday,4,2025-08
409,customer96,813121025,8.0,1075690.0,1,8605520.0,2025-08-09,Saturday,5,2025-08
410,customer63,118,2.0,70000.0,1,140000.0,2025-08-12,Tuesday,1,2025-08
410,customer63,417,2.0,1000000.0,2,2000000.0,2025-08-12,Tuesday,1,2025-08
411,customer104,1142,35.0,175000.0,1,6125000.0,2025-08-12,Tuesday,1,2025-08
411,customer104,1140,20.0,473000.0,2,9460000.0,2025-08-12,Tuesday,1,2025-08
411,customer104,962,15.0,656150.0,3,9842250.0,2025-08-12,Tuesday,1,2025-08
411,customer104,1146,4.0,1027000.0,4,4108000.0,2025-08-12,Tuesday,1,2025-08
411,customer104,1145,12.0,210000.0,5,2520000.0,2025-08-12,Tuesday,1,2025-08
411,customer104,1151,1.0,1014000.0,6,1014000.0,2025-08-12,Tuesday,1,2025-08
411,customer104,1152,8.0,118000.0,7,944000.0,2025-08-12,Tuesday,1,2025-08
411,customer104,1153,2.0,286000.0,8,572000.0,2025-08-12,Tuesday,1,2025-08
411,customer104,1148,15.0,368000.0,9,5520000.0,2025-08-12,Tuesday,1,2025-08
411,customer104,1150,4.0,309000.0,10,1236000.0,2025-08-12,Tuesday,1,2025-08
411,customer104,1158,10.0,732000.0,11,7320000.0,2025-08-12,Tuesday,1,2025-08
411,customer104,1249,1.0,395000.0,12,395000.0,2025-08-12,Tuesday,1,2025-08
411,customer104,1264,4.0,11800000.0,13,47200000.0,2025-08-12,Tuesday,1,2025-08
411,customer104,1265,1.0,8955000.0,14,8955000.0,2025-08-12,Tuesday,1,2025-08
411,customer104,1266,4.0,6336000.0,15,25344000.0,2025-08-12,Tuesday,1,2025-08
411,customer104,1271,25.0,122000.0,16,3050000.0,2025-08-12,Tuesday,1,2025-08
411,customer104,1267,5.0,327000.0,17,1635000.0,2025-08-12,Tuesday,1,2025-08
411,customer104,879101,2.0,1332000.0,18,2664000.0,2025-08-12,Tuesday,1,2025-08
411,customer104,1273,15.0,286000.0,19,4290000.0,2025-08-12,Tuesday,1,2025-08
411,customer104,1391,1.0,418000.0,20,418000.0,2025-08-12,Tuesday,1,2025-08
412,customer104,747,2.0,1100000.0,1,2200000.0,2025-08-10,Sunday,6,2025-08
412,customer104,855212424,2.0,4609440.0,2,9218880.0,2025-08-10,Sunday,6,2025-08
412,customer104,641326,1.0,6844090.0,3,6844090.0,2025-08-10,Sunday,6,2025-08
412,customer104,371016,150.0,32780.0,4,4917000.0,2025-08-10,Sunday,6,2025-08
412,customer104,371020,16.0,41470.0,5,663520.0,2025-08-10,Sunday,6,2025-08
412,customer104,855212410,4.0,2916540.0,6,11666160.0,2025-08-10,Sunday,6,2025-08
412,customer104,855311238,2.0,25066360.0,7,50132720.0,2025-08-10,Sunday,6,2025-08
412,customer104,163642,12.0,2605020.0,8,31260240.0,2025-08-10,Sunday,6,2025-08
412,customer104,546,20.0,52360.0,9,1047200.0,2025-08-10,Sunday,6,2025-08
412,customer104,807261405,2.0,61490.0,10,122980.0,2025-08-10,Sunday,6,2025-08
412,customer104,807311116,5.0,170940.0,11,854700.0,2025-08-10,Sunday,6,2025-08
412,customer104,323055,1.0,12606880.0,12,12606880.0,2025-08-10,Sunday,6,2025-08
412,customer104,807311113,4.0,113960.0,13,455840.0,2025-08-10,Sunday,6,2025-08
412,customer104,807311119,8.0,276210.0,14,2209680.0,2025-08-10,Sunday,6,2025-08
412,customer104,323065,1.0,13808520.0,15,13808520.0,2025-08-10,Sunday,6,2025-08
412,customer104,807311110,4.0,60500.0,16,242000.0,2025-08-10,Sunday,6,2025-08
412,customer104,807311125,1.0,340890.0,17,340890.0,2025-08-10,Sunday,6,2025-08
412,customer104,813121016,300.0,360690.0,18,108207000.0,2025-08-10,Sunday,6,2025-08
412,customer104,813121025,40.0,1075690.0,19,43027600.0,2025-08-10,Sunday,6,2025-08
412,customer104,813121020,30.0,635690.0,20,19070700.0,2025-08-10,Sunday,6,2025-08
412,customer104,855212402,30.0,1578060.0,21,47341800.0,2025-08-10,Sunday,6,2025-08
412,customer104,855121242,2.0,2060960.0,22,4121920.0,2025-08-10,Sunday,6,2025-08
412,customer104,861641110,4.0,1817640.0,23,7270560.0,2025-08-10,Sunday,6,2025-08
412,customer104,861641102,24.0,1577510.0,24,37860240.0,2025-08-10,Sunday,6,2025-08
412,customer104,855121908,2.0,2045010.0,25,4090020.0,2025-08-10,Sunday,6,2025-08
412,customer104,855311136,2.0,12979890.0,26,25959780.0,2025-08-10,Sunday,6,2025-08
412,customer104,855121906,3.0,1011340.0,27,3034020.0,2025-08-10,Sunday,6,2025-08
412,customer104,879516143,1.0,1886040.0,28,1886040.0,2025-08-10,Sunday,6,2025-08
412,customer104,807261401,50.0,32340.0,29,1617000.0,2025-08-10,Sunday,6,2025-08
413,customer31,855121242,24.0,2060960.0,1,49463040.0,2025-08-11,Monday,0,2025-08
413,customer31,855212402,144.0,1578060.0,2,227240640.0,2025-08-11,Monday,0,2025-08
413,customer31,323045,3.0,11620290.0,3,34860870.0,2025-08-11,Monday,0,2025-08
413,customer31,861641102,192.0,1577510.0,4,302881920.0,2025-08-11,Monday,0,2025-08
413,customer31,807311113,75.0,113960.0,5,8547000.0,2025-08-11,Monday,0,2025-08
413,customer31,371016,3200.0,32780.0,6,104896000.0,2025-08-11,Monday,0,2025-08
413,customer31,371020,1200.0,41470.0,7,49764000.0,2025-08-11,Monday,0,2025-08
413,customer31,855311238,4.0,25066360.0,8,100265440.0,2025-08-11,Monday,0,2025-08
413,customer31,807311116,60.0,170940.0,9,10256400.0,2025-08-11,Monday,0,2025-08
413,customer31,855211410,20.0,2474780.0,10,49495600.0,2025-08-11,Monday,0,2025-08
413,customer31,546,400.0,52360.0,11,20944000.0,2025-08-11,Monday,0,2025-08
413,customer31,163642,64.0,2605020.0,12,166721280.0,2025-08-11,Monday,0,2025-08
413,customer31,855181102,16.0,2047100.0,13,32753600.0,2025-08-11,Monday,0,2025-08
413,customer31,855211324,16.0,3487220.0,14,55795520.0,2025-08-11,Monday,0,2025-08
413,customer31,641324,12.0,5718130.0,15,68617560.0,2025-08-11,Monday,0,2025-08
413,customer31,879516143,20.0,1886040.0,16,37720800.0,2025-08-11,Monday,0,2025-08
414,customer31,861645201,10.0,1531860.0,1,15318600.0,2025-08-08,Friday,4,2025-08
414,customer31,807211105,850.0,10670.0,2,9069500.0,2025-08-08,Friday,4,2025-08
414,customer31,855321105,500.0,40480.0,3,20240000.0,2025-08-08,Friday,4,2025-08
414,customer31,807211113,350.0,20350.0,4,7122500.0,2025-08-08,Friday,4,2025-08
414,customer31,855321605,120.0,75570.0,5,9068400.0,2025-08-08,Friday,4,2025-08
414,customer31,819141025,300.0,423940.0,6,127182000.0,2025-08-08,Friday,4,2025-08
414,customer31,855341301,480.0,414370.0,7,198897600.0,2025-08-08,Friday,4,2025-08
414,customer31,819141020,980.0,269830.0,8,264433400.0,2025-08-08,Friday,4,2025-08
414,customer31,861645155,35.0,1563100.0,9,54708500.0,2025-08-08,Friday,4,2025-08
414,customer31,855321301,800.0,43780.0,10,35024000.0,2025-08-08,Friday,4,2025-08
414,customer31,855321505,260.0,86790.0,11,22565400.0,2025-08-08,Friday,4,2025-08
414,customer31,819141032,160.0,783310.0,12,125329600.0,2025-08-08,Friday,4,2025-08
414,customer31,855321101,360.0,32890.0,13,11840400.0,2025-08-08,Friday,4,2025-08
414,customer31,855321501,510.0,61270.0,14,31247700.0,2025-08-08,Friday,4,2025-08
414,customer31,855321305,450.0,68860.0,15,30987000.0,2025-08-08,Friday,4,2025-08
414,customer31,807211125,400.0,16170.0,16,6468000.0,2025-08-08,Friday,4,2025-08
414,customer31,855321401,300.0,42460.0,17,12738000.0,2025-08-08,Friday,4,2025-08
414,customer31,861645151,55.0,912890.0,18,50208950.0,2025-08-08,Friday,4,2025-08
414,customer31,819121025,200.0,504460.0,19,100892000.0,2025-08-08,Friday,4,2025-08
414,customer31,855321751,85.0,239140.0,20,20326900.0,2025-08-08,Friday,4,2025-08
414,customer31,819121020,420.0,323620.0,21,135920400.0,2025-08-08,Friday,4,2025-08
414,customer31,855321617,75.0,115170.0,22,8637750.0,2025-08-08,Friday,4,2025-08
414,customer31,855341705,70.0,495770.0,23,34703900.0,2025-08-08,Friday,4,2025-08
414,customer31,855321909,10.0,466400.0,24,4664000.0,2025-08-08,Friday,4,2025-08
414,customer31,855341917,10.0,1146310.0,25,11463100.0,2025-08-08,Friday,4,2025-08
414,customer31,807261401,600.0,32340.0,26,19404000.0,2025-08-08,Friday,4,2025-08
415,customer31,813121016,1600.0,360690.0,1,577104000.0,2025-08-08,Friday,4,2025-08
415,customer31,813121025,300.0,1075690.0,2,322707000.0,2025-08-08,Friday,4,2025-08
415,customer31,807311119,60.0,276210.0,3,16572600.0,2025-08-08,Friday,4,2025-08
415,customer31,92632,300.0,1662430.0,4,498729000.0,2025-08-08,Friday,4,2025-08
415,customer31,855211424,32.0,3529350.0,5,112939200.0,2025-08-08,Friday,4,2025-08
415,customer31,855121242,12.0,2060960.0,6,24731520.0,2025-08-08,Friday,4,2025-08
415,customer31,855212402,144.0,1578060.0,7,227240640.0,2025-08-08,Friday,4,2025-08
415,customer31,855211436,12.0,6300360.0,8,75604320.0,2025-08-08,Friday,4,2025-08
415,customer31,855121232,15.0,993410.0,9,14901150.0,2025-08-08,Friday,4,2025-08
415,customer31,855311134,6.0,8732460.0,10,52394760.0,2025-08-08,Friday,4,2025-08
415,customer31,861641102,144.0,1577510.0,11,227161440.0,2025-08-08,Friday,4,2025-08
415,customer31,855311136,5.0,12979890.0,12,64899450.0,2025-08-08,Friday,4,2025-08
415,customer31,855121906,18.0,1011340.0,13,18204120.0,2025-08-08,Friday,4,2025-08
415,customer31,855121908,48.0,2045010.0,14,98160480.0,2025-08-08,Friday,4,2025-08
415,customer31,855311240,4.0,30651390.0,15,122605560.0,2025-08-08,Friday,4,2025-08
415,customer31,855311135,6.0,10818500.0,16,64911000.0,2025-08-08,Friday,4,2025-08
415,customer31,807311113,50.0,113960.0,17,5698000.0,2025-08-08,Friday,4,2025-08
415,customer31,855121936,10.0,2064040.0,18,20640400.0,2025-08-08,Friday,4,2025-08
415,customer31,323125,7.0,29100500.0,19,203703500.0,2025-08-08,Friday,4,2025-08
415,customer31,855311234,6.0,12548250.0,20,75289500.0,2025-08-08,Friday,4,2025-08
415,customer31,855311242,4.0,37606910.0,21,150427640.0,2025-08-08,Friday,4,2025-08
415,customer31,855212410,40.0,2916540.0,22,116661600.0,2025-08-08,Friday,4,2025-08
415,customer31,855311239,4.0,27581290.0,23,110325160.0,2025-08-08,Friday,4,2025-08
415,customer31,855211410,15.0,2474780.0,24,37121700.0,2025-08-08,Friday,4,2025-08
415,customer31,641336,10.0,9229990.0,25,92299900.0,2025-08-08,Friday,4,2025-08
415,customer31,163642,96.0,2605020.0,26,250081920.0,2025-08-08,Friday,4,2025-08
415,customer31,855212650,24.0,3922490.0,27,94139760.0,2025-08-08,Friday,4,2025-08
415,customer31,855311235,6.0,15678300.0,28,94069800.0,2025-08-08,Friday,4,2025-08
415,customer31,855311236,4.0,21235280.0,29,84941120.0,2025-08-08,Friday,4,2025-08
415,customer31,855211324,8.0,3487220.0,30,27897760.0,2025-08-08,Friday,4,2025-08
415,customer31,855211336,12.0,6336770.0,31,76041240.0,2025-08-08,Friday,4,2025-08
415,customer31,641324,10.0,5718130.0,32,57181300.0,2025-08-08,Friday,4,2025-08
415,customer31,323095,5.0,20378160.0,33,101890800.0,2025-08-08,Friday,4,2025-08
415,customer31,323075,2.0,15999720.0,34,31999440.0,2025-08-08,Friday,4,2025-08
415,customer31,855211310,15.0,2479730.0,35,37195950.0,2025-08-08,Friday,4,2025-08
415,customer31,855311233,6.0,9411160.0,36,56466960.0,2025-08-08,Friday,4,2025-08
415,customer31,855121402,15.0,1291730.0,37,19375950.0,2025-08-08,Friday,4,2025-08
416,customer40,807261401,82.0,32340.0,1,2651880.0,2025-08-05,Tuesday,1,2025-08
416,customer40,879516143,4.0,2261300.0,2,9045200.0,2025-08-05,Tuesday,1,2025-08
416,customer40,641646,4.0,8992830.0,3,35971320.0,2025-08-05,Tuesday,1,2025-08
416,customer40,861641102,82.0,1876600.0,4,153881200.0,2025-08-05,Tuesday,1,2025-08
416,customer40,855121906,4.0,1203070.0,5,4812280.0,2025-08-05,Tuesday,1,2025-08
416,customer40,813121016,650.0,392700.0,6,255255000.0,2025-08-05,Tuesday,1,2025-08
416,customer40,92632,150.0,1811040.0,7,271656000.0,2025-08-05,Tuesday,1,2025-08
416,customer40,163642,22.0,3098920.0,8,68176240.0,2025-08-05,Tuesday,1,2025-08
416,customer40,641336,4.0,10153000.0,9,40612000.0,2025-08-05,Tuesday,1,2025-08
416,customer40,855211136,20.0,4625390.0,10,92507800.0,2025-08-05,Tuesday,1,2025-08
416,customer40,855311137,12.0,17665890.0,11,211990680.0,2025-08-05,Tuesday,1,2025-08
416,customer40,855213402,82.0,3125430.0,12,256285260.0,2025-08-05,Tuesday,1,2025-08
416,customer40,855211236,2.0,4823060.0,13,9646120.0,2025-08-05,Tuesday,1,2025-08
416,customer40,855212436,4.0,6595270.0,14,26381080.0,2025-08-05,Tuesday,1,2025-08
417,customer105,879147,1.0,74000000.0,1,74000000.0,2025-07-17,Thursday,3,2025-07
417,customer105,879028,1.0,120000000.0,2,120000000.0,2025-07-17,Thursday,3,2025-07
418,customer106,813121016,520.0,360690.0,1,187558800.0,2025-08-14,Thursday,3,2025-08
418,customer106,641940,2.0,10046850.0,2,20093700.0,2025-08-14,Thursday,3,2025-08
418,customer106,855311136,2.0,12979890.0,3,25959780.0,2025-08-14,Thursday,3,2025-08
418,customer106,807211141,130.0,98890.0,4,12855700.0,2025-08-14,Thursday,3,2025-08
418,customer106,641202,12.0,2400200.0,5,28802400.0,2025-08-14,Thursday,3,2025-08
419,customer106,747,1.0,950000.0,1,950000.0,2025-08-14,Thursday,3,2025-08
419,customer106,879516143,1.0,1886040.0,2,1886040.0,2025-08-14,Thursday,3,2025-08
419,customer106,879516203,20.0,400000.0,3,8000000.0,2025-08-14,Thursday,3,2025-08
419,customer106,12220,85.0,1484780.0,4,126206300.0,2025-08-14,Thursday,3,2025-08
420,customer94,1145,10.0,210000.0,1,2100000.0,2025-08-14,Thursday,3,2025-08
420,customer94,1134,1.0,6618000.0,2,6618000.0,2025-08-14,Thursday,3,2025-08
421,customer107,1272,4.0,223000.0,1,892000.0,2025-08-14,Thursday,3,2025-08
421,customer107,1138,1.0,282000.0,2,282000.0,2025-08-14,Thursday,3,2025-08
421,customer107,1141,6.0,364000.0,3,2184000.0,2025-08-14,Thursday,3,2025-08
421,customer107,1140,10.0,473000.0,4,4730000.0,2025-08-14,Thursday,3,2025-08
421,customer107,962,4.0,656150.0,5,2624600.0,2025-08-14,Thursday,3,2025-08
421,customer107,1145,2.0,210000.0,6,420000.0,2025-08-14,Thursday,3,2025-08
421,customer107,1151,1.0,1014000.0,7,1014000.0,2025-08-14,Thursday,3,2025-08
421,customer107,1149,1.0,573000.0,8,573000.0,2025-08-14,Thursday,3,2025-08
421,customer107,1271,7.0,122000.0,9,854000.0,2025-08-14,Thursday,3,2025-08
421,customer107,1264,3.0,11800000.0,10,35400000.0,2025-08-14,Thursday,3,2025-08
421,customer107,1265,2.0,8955000.0,11,17910000.0,2025-08-14,Thursday,3,2025-08
421,customer107,1158,1.0,732000.0,12,732000.0,2025-08-14,Thursday,3,2025-08
421,customer107,855321421,8.0,175000.0,13,1400000.0,2025-08-14,Thursday,3,2025-08
422,customer107,819121025,32.0,504460.0,1,16142720.0,2025-08-14,Thursday,3,2025-08
422,customer107,855341401,3.0,958540.0,2,2875620.0,2025-08-14,Thursday,3,2025-08
424,customer13,807261401,300.0,32340.0,1,9702000.0,2025-08-16,Saturday,5,2025-08
424,customer13,905,20.0,686840.0,2,13736800.0,2025-08-16,Saturday,5,2025-08
424,customer13,323095,1.0,20378160.0,3,20378160.0,2025-08-16,Saturday,5,2025-08
424,customer13,855162682,24.0,5200910.0,4,124821840.0,2025-08-16,Saturday,5,2025-08
424,customer13,855211312,32.0,2812700.0,5,90006400.0,2025-08-16,Saturday,5,2025-08
424,customer13,855311239,2.0,27581290.0,6,55162580.0,2025-08-16,Saturday,5,2025-08
424,customer13,323125,1.0,29100500.0,7,29100500.0,2025-08-16,Saturday,5,2025-08
424,customer13,855212436,8.0,5995660.0,8,47965280.0,2025-08-16,Saturday,5,2025-08
424,customer13,855121235,36.0,920370.0,9,33133320.0,2025-08-16,Saturday,5,2025-08
424,customer13,323055,2.0,12606880.0,10,25213760.0,2025-08-16,Saturday,5,2025-08
424,customer13,855162436,8.0,5598230.0,11,44785840.0,2025-08-16,Saturday,5,2025-08
424,customer13,813121016,800.0,360690.0,12,288552000.0,2025-08-16,Saturday,5,2025-08
424,customer13,855162402,48.0,1195370.0,13,57377760.0,2025-08-16,Saturday,5,2025-08
424,customer13,855162410,24.0,1635480.0,14,39251520.0,2025-08-16,Saturday,5,2025-08
424,customer13,855121106,24.0,1725570.0,15,41413680.0,2025-08-16,Saturday,5,2025-08
424,customer13,855121244,24.0,1708190.0,16,40996560.0,2025-08-16,Saturday,5,2025-08
424,customer13,807311110,100.0,60500.0,17,6050000.0,2025-08-16,Saturday,5,2025-08
424,customer13,855162424,24.0,3834820.0,18,92035680.0,2025-08-16,Saturday,5,2025-08
424,customer13,855121908,30.0,2045010.0,19,61350300.0,2025-08-16,Saturday,5,2025-08
424,customer13,855121906,36.0,1011340.0,20,36408240.0,2025-08-16,Saturday,5,2025-08
424,customer13,861641102,48.0,1577510.0,21,75720480.0,2025-08-16,Saturday,5,2025-08
424,customer13,855212402,48.0,1578060.0,22,75746880.0,2025-08-16,Saturday,5,2025-08
424,customer13,855121102,50.0,511500.0,23,25575000.0,2025-08-16,Saturday,5,2025-08
424,customer13,855121104,32.0,1091310.0,24,34921920.0,2025-08-16,Saturday,5,2025-08
424,customer13,855141502,20.0,1588400.0,25,31768000.0,2025-08-16,Saturday,5,2025-08
425,customer108,855321371,30.0,67210.0,1,2016300.0,2025-08-11,Monday,0,2025-08
425,customer108,855321705,6.0,38390.0,2,230340.0,2025-08-11,Monday,0,2025-08
425,customer108,819121025,120.0,504460.0,3,60535200.0,2025-08-11,Monday,0,2025-08
425,customer108,819121020,80.0,323620.0,4,25889600.0,2025-08-11,Monday,0,2025-08
425,customer108,855321305,40.0,68860.0,5,2754400.0,2025-08-11,Monday,0,2025-08
425,customer108,855321501,20.0,61270.0,6,1225400.0,2025-08-11,Monday,0,2025-08
425,customer108,855321101,10.0,32890.0,7,328900.0,2025-08-11,Monday,0,2025-08
425,customer108,855321505,25.0,86790.0,8,2169750.0,2025-08-11,Monday,0,2025-08
425,customer108,855341101,4.0,394240.0,9,1576960.0,2025-08-11,Monday,0,2025-08
425,customer108,855341301,7.0,414370.0,10,2900590.0,2025-08-11,Monday,0,2025-08
425,customer108,855341401,16.0,958540.0,11,15336640.0,2025-08-11,Monday,0,2025-08
425,customer108,861645155,2.0,2355870.0,12,4711740.0,2025-08-11,Monday,0,2025-08
425,customer108,855321301,30.0,43780.0,13,1313400.0,2025-08-11,Monday,0,2025-08
425,customer108,855321105,15.0,40480.0,14,607200.0,2025-08-11,Monday,0,2025-08
425,customer108,855341305,4.0,580910.0,15,2323640.0,2025-08-11,Monday,0,2025-08
425,customer108,855321605,25.0,75570.0,16,1889250.0,2025-08-11,Monday,0,2025-08
426,customer108,1271,30.0,122000.0,1,3660000.0,2025-08-12,Tuesday,1,2025-08
426,customer108,1266,6.0,6336000.0,2,38016000.0,2025-08-12,Tuesday,1,2025-08
426,customer108,1267,6.0,327000.0,3,1962000.0,2025-08-12,Tuesday,1,2025-08
426,customer108,1265,9.0,8955000.0,4,80595000.0,2025-08-12,Tuesday,1,2025-08
426,customer108,1264,4.0,11800000.0,5,47200000.0,2025-08-12,Tuesday,1,2025-08
426,customer108,1158,3.0,732000.0,6,2196000.0,2025-08-12,Tuesday,1,2025-08
426,customer108,1198,4.0,582000.0,7,2328000.0,2025-08-12,Tuesday,1,2025-08
426,customer108,1150,15.0,309000.0,8,4635000.0,2025-08-12,Tuesday,1,2025-08
426,customer108,1151,3.0,1014000.0,9,3042000.0,2025-08-12,Tuesday,1,2025-08
426,customer108,1145,20.0,210000.0,10,4200000.0,2025-08-12,Tuesday,1,2025-08
426,customer108,1146,6.0,1027000.0,11,6162000.0,2025-08-12,Tuesday,1,2025-08
426,customer108,1148,15.0,368000.0,12,5520000.0,2025-08-12,Tuesday,1,2025-08
426,customer108,962,30.0,656150.0,13,19684500.0,2025-08-12,Tuesday,1,2025-08
426,customer108,1140,25.0,473000.0,14,11825000.0,2025-08-12,Tuesday,1,2025-08
426,customer108,1142,55.0,175000.0,15,9625000.0,2025-08-12,Tuesday,1,2025-08
426,customer108,1141,20.0,364000.0,16,7280000.0,2025-08-12,Tuesday,1,2025-08
426,customer108,1138,4.0,282000.0,17,1128000.0,2025-08-12,Tuesday,1,2025-08
426,customer108,879112,4.0,332000.0,18,1328000.0,2025-08-12,Tuesday,1,2025-08
426,customer108,879101,2.0,1332000.0,19,2664000.0,2025-08-12,Tuesday,1,2025-08
426,customer108,1391,3.0,418000.0,20,1254000.0,2025-08-12,Tuesday,1,2025-08
426,customer108,1273,25.0,286000.0,21,7150000.0,2025-08-12,Tuesday,1,2025-08
426,customer108,1272,10.0,223000.0,22,2230000.0,2025-08-12,Tuesday,1,2025-08
426,customer108,879259,15.0,105000.0,23,1575000.0,2025-08-12,Tuesday,1,2025-08
426,customer108,879260,3.0,250000.0,24,750000.0,2025-08-12,Tuesday,1,2025-08
427,customer18,1264,8.0,11800000.0,1,94400000.0,2025-08-17,Sunday,6,2025-08
428,customer58,813121020,600.0,635690.0,1,381414000.0,2025-08-17,Sunday,6,2025-08
429,customer63,855321301,4.0,43780.0,1,175120.0,2025-08-17,Sunday,6,2025-08
429,customer63,855321401,2.0,42460.0,2,84920.0,2025-08-17,Sunday,6,2025-08
429,customer63,807211105,4.0,10670.0,3,42680.0,2025-08-17,Sunday,6,2025-08
429,customer63,819161020,4.0,242110.0,4,968440.0,2025-08-17,Sunday,6,2025-08
430,customer7,819161020,140.0,242110.0,1,33895400.0,2025-08-16,Saturday,5,2025-08
430,customer7,546,100.0,52360.0,2,5236000.0,2025-08-16,Saturday,5,2025-08
430,customer7,855321701,100.0,26510.0,3,2651000.0,2025-08-16,Saturday,5,2025-08
430,customer7,371020,100.0,41470.0,4,4147000.0,2025-08-16,Saturday,5,2025-08
430,customer7,1199,100.0,160000.0,5,16000000.0,2025-08-16,Saturday,5,2025-08
430,customer7,855341805,10.0,2637800.0,6,26378000.0,2025-08-16,Saturday,5,2025-08
430,customer7,855341113,10.0,585200.0,7,5852000.0,2025-08-16,Saturday,5,2025-08
430,customer7,855321905,10.0,266860.0,8,2668600.0,2025-08-16,Saturday,5,2025-08
430,customer7,855341213,10.0,795080.0,9,7950800.0,2025-08-16,Saturday,5,2025-08
430,customer7,855341101,20.0,394240.0,10,7884800.0,2025-08-16,Saturday,5,2025-08
430,customer7,855321301,200.0,43780.0,11,8756000.0,2025-08-16,Saturday,5,2025-08
430,customer7,343313,10.0,688270.0,12,6882700.0,2025-08-16,Saturday,5,2025-08
431,customer32,861645155,35.0,2355870.0,1,82455450.0,2025-08-16,Saturday,5,2025-08
431,customer32,807311113,200.0,113960.0,2,22792000.0,2025-08-16,Saturday,5,2025-08
431,customer32,855341805,25.0,2637800.0,3,65945000.0,2025-08-16,Saturday,5,2025-08
431,customer32,855321509,55.0,152460.0,4,8385300.0,2025-08-16,Saturday,5,2025-08
431,customer32,813121020,300.0,635690.0,5,190707000.0,2025-08-16,Saturday,5,2025-08
431,customer32,813121016,800.0,360690.0,6,288552000.0,2025-08-16,Saturday,5,2025-08
431,customer32,855212650,24.0,4083200.0,7,97996800.0,2025-08-16,Saturday,5,2025-08
431,customer32,855321109,140.0,66770.0,8,9347800.0,2025-08-16,Saturday,5,2025-08
431,customer32,807311150,15.0,723440.0,9,10851600.0,2025-08-16,Saturday,5,2025-08
431,customer32,641182,36.0,3189670.0,10,114828120.0,2025-08-16,Saturday,5,2025-08
431,customer32,641184,20.0,3702710.0,11,74054200.0,2025-08-16,Saturday,5,2025-08
431,customer32,855211602,11.0,3541560.0,12,38957160.0,2025-08-16,Saturday,5,2025-08
431,customer32,855181558,8.0,5114670.0,13,40917360.0,2025-08-16,Saturday,5,2025-08
431,customer32,819161020,420.0,242110.0,14,101686200.0,2025-08-16,Saturday,5,2025-08
431,customer32,819161025,100.0,383020.0,15,38302000.0,2025-08-16,Saturday,5,2025-08
432,customer109,855321621,30.0,136290.0,1,4088700.0,2025-08-16,Saturday,5,2025-08
432,customer109,861641102,48.0,1577510.0,2,75720480.0,2025-08-16,Saturday,5,2025-08
432,customer109,855321105,250.0,40480.0,3,10120000.0,2025-08-16,Saturday,5,2025-08
432,customer109,855121102,25.0,511500.0,4,12787500.0,2025-08-16,Saturday,5,2025-08
432,customer109,855321301,200.0,43780.0,5,8756000.0,2025-08-16,Saturday,5,2025-08
432,customer109,855321505,80.0,86790.0,6,6943200.0,2025-08-16,Saturday,5,2025-08
432,customer109,855321101,360.0,32890.0,7,11840400.0,2025-08-16,Saturday,5,2025-08
432,customer109,855321501,170.0,61270.0,8,10415900.0,2025-08-16,Saturday,5,2025-08
432,customer109,855321305,150.0,68860.0,9,10329000.0,2025-08-16,Saturday,5,2025-08
432,customer109,855181504,6.0,4561810.0,10,27370860.0,2025-08-16,Saturday,5,2025-08
435,customer94,1464,1.0,991000.0,1,991000.0,2025-08-10,Sunday,6,2025-08
435,customer94,1273,10.0,286000.0,2,2860000.0,2025-08-10,Sunday,6,2025-08
435,customer94,1264,1.0,11800000.0,3,11800000.0,2025-08-10,Sunday,6,2025-08
435,customer94,1146,2.0,1027000.0,4,2054000.0,2025-08-10,Sunday,6,2025-08
436,customer58,861645151,165.0,1572560.0,1,259472400.0,2025-08-03,Sunday,6,2025-08
436,customer58,855121104,32.0,1091310.0,2,34921920.0,2025-08-03,Sunday,6,2025-08
436,customer58,855321505,320.0,86790.0,3,27772800.0,2025-08-03,Sunday,6,2025-08
436,customer58,819141020,2100.0,269830.0,4,566643000.0,2025-08-03,Sunday,6,2025-08
436,customer58,855121906,72.0,1011340.0,5,72816480.0,2025-08-03,Sunday,6,2025-08
436,customer58,855121908,60.0,2045010.0,6,122700600.0,2025-08-03,Sunday,6,2025-08
436,customer58,855321605,240.0,75570.0,7,18136800.0,2025-08-03,Sunday,6,2025-08
436,customer58,323045,5.0,11620290.0,8,58101450.0,2025-08-03,Sunday,6,2025-08
436,customer58,861641110,80.0,1817640.0,9,145411200.0,2025-08-03,Sunday,6,2025-08
436,customer58,813121025,500.0,1075690.0,10,537845000.0,2025-08-03,Sunday,6,2025-08
436,customer58,813121020,300.0,635690.0,11,190707000.0,2025-08-03,Sunday,6,2025-08
436,customer58,855321105,750.0,40480.0,12,30360000.0,2025-08-03,Sunday,6,2025-08
436,customer58,323065,5.0,13808520.0,13,69042600.0,2025-08-03,Sunday,6,2025-08
436,customer58,855121142,60.0,996930.0,14,59815800.0,2025-08-03,Sunday,6,2025-08
436,customer58,323125,5.0,29100500.0,15,145502500.0,2025-08-03,Sunday,6,2025-08
436,customer58,807261201,800.0,25520.0,16,20416000.0,2025-08-03,Sunday,6,2025-08
436,customer58,855212650,24.0,3922490.0,17,94139760.0,2025-08-03,Sunday,6,2025-08
436,customer58,855212410,40.0,2916540.0,18,116661600.0,2025-08-03,Sunday,6,2025-08
436,customer58,855311238,8.0,25066360.0,19,200530880.0,2025-08-03,Sunday,6,2025-08
436,customer58,855212424,24.0,4609440.0,20,110626560.0,2025-08-03,Sunday,6,2025-08
436,customer58,855181106,16.0,4289340.0,21,68629440.0,2025-08-03,Sunday,6,2025-08
437,customer106,813121016,600.0,360690.0,1,216414000.0,2025-07-24,Thursday,3,2025-07
437,customer106,641940,2.0,10931140.0,2,21862280.0,2025-07-24,Thursday,3,2025-07
437,customer106,323065,1.0,13808520.0,3,13808520.0,2025-07-24,Thursday,3,2025-07
437,customer106,92632,30.0,1662430.0,4,49872900.0,2025-07-24,Thursday,3,2025-07
437,customer106,855311136,2.0,14983540.0,5,29967080.0,2025-07-24,Thursday,3,2025-07
437,customer106,855161436,2.0,5389010.0,6,10778020.0,2025-07-24,Thursday,3,2025-07
437,customer106,641202,12.0,2611400.0,7,31336800.0,2025-07-24,Thursday,3,2025-07
437,customer106,641436,2.0,11215930.0,8,22431860.0,2025-07-24,Thursday,3,2025-07
438,customer90,323095,2.0,20378160.0,1,40756320.0,2025-07-11,Friday,4,2025-07
438,customer90,747,2.0,950000.0,2,1900000.0,2025-07-11,Friday,4,2025-07
438,customer90,641326,4.0,6896890.0,3,27587560.0,2025-07-11,Friday,4,2025-07
438,customer90,371016,700.0,32780.0,4,22946000.0,2025-07-11,Friday,4,2025-07
438,customer90,371020,35.0,41470.0,5,1451450.0,2025-07-11,Friday,4,2025-07
438,customer90,855212650,4.0,3246210.0,6,12984840.0,2025-07-11,Friday,4,2025-07
438,customer90,546,5.0,52360.0,7,261800.0,2025-07-11,Friday,4,2025-07
438,customer90,855162642,35.0,1853280.0,8,64864800.0,2025-07-11,Friday,4,2025-07
438,customer90,807261405,4.0,48070.0,9,192280.0,2025-07-11,Friday,4,2025-07
438,customer90,641312,6.0,5886980.0,10,35321880.0,2025-07-11,Friday,4,2025-07
438,customer90,813121025,10.0,1075690.0,11,10756900.0,2025-07-11,Friday,4,2025-07
438,customer90,813121020,40.0,635690.0,12,25427600.0,2025-07-11,Friday,4,2025-07
438,customer90,855162402,49.0,1302730.0,13,63833770.0,2025-07-11,Friday,4,2025-07
438,customer90,813121016,600.0,360690.0,14,216414000.0,2025-07-11,Friday,4,2025-07
438,customer90,807311119,2.0,276210.0,15,552420.0,2025-07-11,Friday,4,2025-07
438,customer90,855162410,4.0,1782330.0,16,7129320.0,2025-07-11,Friday,4,2025-07
438,customer90,855162424,4.0,4407810.0,17,17631240.0,2025-07-11,Friday,4,2025-07
438,customer90,861641102,48.0,1719190.0,18,82521120.0,2025-07-11,Friday,4,2025-07
438,customer90,855311136,8.0,14983540.0,19,119868320.0,2025-07-11,Friday,4,2025-07
438,customer90,855121906,6.0,1102000.0,20,6612000.0,2025-07-11,Friday,4,2025-07
438,customer90,855161202,4.0,1944470.0,21,7777880.0,2025-07-11,Friday,4,2025-07
438,customer90,807311113,10.0,113960.0,22,1139600.0,2025-07-11,Friday,4,2025-07
438,customer90,807261401,59.0,24640.0,23,1453760.0,2025-07-11,Friday,4,2025-07
438,customer90,121234,6.0,2083620.0,24,12501720.0,2025-07-11,Friday,4,2025-07
438,customer90,879516143,1.0,1886040.0,25,1886040.0,2025-07-11,Friday,4,2025-07
439,customer35,855321109,2.0,70840.0,1,141680.0,2025-07-12,Saturday,5,2025-07
439,customer35,855341221,1.0,1492590.0,2,1492590.0,2025-07-12,Saturday,5,2025-07
439,customer35,819121032,8.0,1078660.0,3,8629280.0,2025-07-12,Saturday,5,2025-07
439,customer35,855321309,4.0,115830.0,4,463320.0,2025-07-12,Saturday,5,2025-07
439,customer35,855341121,1.0,902770.0,5,902770.0,2025-07-12,Saturday,5,2025-07
439,customer35,861645209,1.0,3915230.0,6,3915230.0,2025-07-12,Saturday,5,2025-07
439,customer35,855341917,1.0,1237830.0,7,1237830.0,2025-07-12,Saturday,5,2025-07
439,customer35,855341809,1.0,3573900.0,8,3573900.0,2025-07-12,Saturday,5,2025-07
440,customer63,813121025,3.0,1075690.0,1,3227070.0,2025-07-11,Friday,4,2025-07
441,customer1,819141020,30.0,291720.0,1,8751600.0,2025-07-03,Thursday,3,2025-07
441,customer1,855321501,30.0,61710.0,2,1851300.0,2025-07-03,Thursday,3,2025-07
442,customer93,818,1.0,1888920.0,1,1888920.0,2025-06-29,Sunday,6,2025-06
442,customer93,819,1.0,3301210.0,2,3301210.0,2025-06-29,Sunday,6,2025-06
442,customer93,862,5.0,961950.0,3,4809750.0,2025-06-29,Sunday,6,2025-06
442,customer93,821,5.0,8796590.0,4,43982950.0,2025-06-29,Sunday,6,2025-06
443,customer16,855311238,2.0,27581290.0,1,55162580.0,2025-08-18,Monday,0,2025-08
444,customer43,879273,200.0,173030.0,1,34606000.0,2025-08-18,Monday,0,2025-08
444,customer43,48080,150.0,248820.0,2,37323000.0,2025-08-18,Monday,0,2025-08
444,customer43,819121020,560.0,323620.0,3,181227200.0,2025-08-18,Monday,0,2025-08
444,customer43,819121025,100.0,504460.0,4,50446000.0,2025-08-18,Monday,0,2025-08
444,customer43,855321301,200.0,43780.0,5,8756000.0,2025-08-18,Monday,0,2025-08
445,customer96,813121020,14.0,635690.0,1,8899660.0,2025-08-18,Monday,0,2025-08
445,customer96,501081,2.0,131230.0,2,262460.0,2025-08-18,Monday,0,2025-08
446,customer18,855121502,1.0,1832490.0,1,1832490.0,2025-08-19,Tuesday,1,2025-08
446,customer18,855211102,1.0,1088560.0,2,1088560.0,2025-08-19,Tuesday,1,2025-08
446,customer18,855211112,1.0,1484120.0,3,1484120.0,2025-08-19,Tuesday,1,2025-08
446,customer18,855121102,1.0,511500.0,4,511500.0,2025-08-19,Tuesday,1,2025-08
447,customer40,819161020,140.0,242110.0,1,33895400.0,2025-08-19,Tuesday,1,2025-08
447,customer40,819161025,100.0,383020.0,2,38302000.0,2025-08-19,Tuesday,1,2025-08
447,customer40,807261401,48.0,32340.0,3,1552320.0,2025-08-19,Tuesday,1,2025-08
447,customer40,855321401,10.0,42460.0,4,424600.0,2025-08-19,Tuesday,1,2025-08
447,customer40,855321301,100.0,43780.0,5,4378000.0,2025-08-19,Tuesday,1,2025-08
447,customer40,855321305,25.0,68860.0,6,1721500.0,2025-08-19,Tuesday,1,2025-08
447,customer40,855321501,35.0,61270.0,7,2144450.0,2025-08-19,Tuesday,1,2025-08
447,customer40,855321101,20.0,32890.0,8,657800.0,2025-08-19,Tuesday,1,2025-08
447,customer40,855321505,10.0,86790.0,9,867900.0,2025-08-19,Tuesday,1,2025-08
447,customer40,855341301,18.0,414370.0,10,7458660.0,2025-08-19,Tuesday,1,2025-08
447,customer40,855341401,4.0,958540.0,11,3834160.0,2025-08-19,Tuesday,1,2025-08
447,customer40,855321605,25.0,75570.0,12,1889250.0,2025-08-19,Tuesday,1,2025-08
447,customer40,855341305,6.0,580910.0,13,3485460.0,2025-08-19,Tuesday,1,2025-08
447,customer40,855321105,20.0,40480.0,14,809600.0,2025-08-19,Tuesday,1,2025-08
447,customer40,807261405,6.0,61490.0,15,368940.0,2025-08-19,Tuesday,1,2025-08
447,customer40,855321371,16.0,67210.0,16,1075360.0,2025-08-19,Tuesday,1,2025-08
447,customer40,855341409,10.0,1229360.0,17,12293600.0,2025-08-19,Tuesday,1,2025-08
448,customer95,855162642,4.0,1700600.0,1,6802400.0,2025-08-22,Friday,4,2025-08
448,customer95,855162402,2.0,1195370.0,2,2390740.0,2025-08-22,Friday,4,2025-08
448,customer95,855161710,1.0,1198340.0,3,1198340.0,2025-08-22,Friday,4,2025-08
448,customer95,807311110,4.0,60500.0,4,242000.0,2025-08-22,Friday,4,2025-08
448,customer95,855141502,1.0,1588400.0,5,1588400.0,2025-08-22,Friday,4,2025-08
448,customer95,855141534,1.0,2367860.0,6,2367860.0,2025-08-22,Friday,4,2025-08
449,customer63,994,1.0,21000000.0,1,21000000.0,2025-08-22,Friday,4,2025-08
450,customer36,164,1.0,5850000.0,1,5850000.0,2025-08-22,Friday,4,2025-08
451,customer42,1134,15.0,6618000.0,1,99270000.0,2025-08-23,Saturday,5,2025-08
451,customer42,1135,30.0,4582000.0,2,137460000.0,2025-08-23,Saturday,5,2025-08
451,customer42,1136,30.0,3491000.0,3,104730000.0,2025-08-23,Saturday,5,2025-08
451,customer42,1142,200.0,175000.0,4,35000000.0,2025-08-23,Saturday,5,2025-08
452,customer42,855321301,200.0,43780.0,1,8756000.0,2025-08-23,Saturday,5,2025-08
452,customer42,819141020,560.0,269830.0,2,151104800.0,2025-08-23,Saturday,5,2025-08
452,customer42,855341301,120.0,414370.0,3,49724400.0,2025-08-23,Saturday,5,2025-08
452,customer42,855321501,170.0,61270.0,4,10415900.0,2025-08-23,Saturday,5,2025-08
453,customer17,855211210,2.0,1511510.0,1,3023020.0,2025-08-23,Saturday,5,2025-08
453,customer17,855211326,2.0,2917420.0,2,5834840.0,2025-08-23,Saturday,5,2025-08
453,customer17,163642,6.0,2605020.0,3,15630120.0,2025-08-23,Saturday,5,2025-08
453,customer17,855211312,2.0,2812700.0,4,5625400.0,2025-08-23,Saturday,5,2025-08
453,customer17,855211124,1.0,2630230.0,5,2630230.0,2025-08-23,Saturday,5,2025-08
453,customer17,5211212,2.0,2372700.0,6,4745400.0,2025-08-23,Saturday,5,2025-08
453,customer17,813121016,60.0,360690.0,7,21641400.0,2025-08-23,Saturday,5,2025-08
453,customer17,813121020,10.0,635690.0,8,6356900.0,2025-08-23,Saturday,5,2025-08
453,customer17,121234,2.0,1766160.0,9,3532320.0,2025-08-23,Saturday,5,2025-08
453,customer17,879516143,1.0,1886040.0,10,1886040.0,2025-08-23,Saturday,5,2025-08
454,customer63,855341301,1.0,414370.0,1,414370.0,2025-08-23,Saturday,5,2025-08
454,customer63,855321301,4.0,43780.0,2,175120.0,2025-08-23,Saturday,5,2025-08
454,customer63,855321101,1.0,32890.0,3,32890.0,2025-08-23,Saturday,5,2025-08
454,customer63,861645151,1.0,1572560.0,4,1572560.0,2025-08-23,Saturday,5,2025-08
454,customer63,681802,1.0,3060000.0,5,3060000.0,2025-08-23,Saturday,5,2025-08
454,customer63,819161020,8.0,242110.0,6,1936880.0,2025-08-23,Saturday,5,2025-08
455,customer18,879259,10.0,105000.0,1,1050000.0,2025-08-24,Sunday,6,2025-08
455,customer18,879260,2.0,250000.0,2,500000.0,2025-08-24,Sunday,6,2025-08
455,customer18,879101,2.0,1332000.0,3,2664000.0,2025-08-24,Sunday,6,2025-08
455,customer18,1391,1.0,418000.0,4,418000.0,2025-08-24,Sunday,6,2025-08
455,customer18,1142,35.0,175000.0,5,6125000.0,2025-08-24,Sunday,6,2025-08
455,customer18,1139,3.0,318000.0,6,954000.0,2025-08-24,Sunday,6,2025-08
455,customer18,1136,6.0,3491000.0,7,20946000.0,2025-08-24,Sunday,6,2025-08
455,customer18,1134,5.0,6618000.0,8,33090000.0,2025-08-24,Sunday,6,2025-08
455,customer18,1271,20.0,122000.0,9,2440000.0,2025-08-24,Sunday,6,2025-08
455,customer18,1158,6.0,732000.0,10,4392000.0,2025-08-24,Sunday,6,2025-08
455,customer18,1151,1.0,1014000.0,11,1014000.0,2025-08-24,Sunday,6,2025-08
455,customer18,1150,10.0,309000.0,12,3090000.0,2025-08-24,Sunday,6,2025-08
455,customer18,1148,10.0,368000.0,13,3680000.0,2025-08-24,Sunday,6,2025-08
455,customer18,1146,6.0,1027000.0,14,6162000.0,2025-08-24,Sunday,6,2025-08
455,customer18,1145,10.0,210000.0,15,2100000.0,2025-08-24,Sunday,6,2025-08
455,customer18,807261401,50.0,32340.0,1,1617000.0,2025-08-24,Sunday,6,2025-08
455,customer18,819121025,80.0,504460.0,2,40356800.0,2025-08-24,Sunday,6,2025-08
455,customer18,819121020,80.0,323620.0,3,25889600.0,2025-08-24,Sunday,6,2025-08
455,customer18,819121032,28.0,983840.0,4,27547520.0,2025-08-24,Sunday,6,2025-08
455,customer18,855341341,2.0,607970.0,5,1215940.0,2025-08-24,Sunday,6,2025-08
455,customer18,807261405,2.0,61490.0,6,122980.0,2025-08-24,Sunday,6,2025-08
455,customer18,855321205,6.0,34430.0,7,206580.0,2025-08-24,Sunday,6,2025-08
455,customer18,855321617,18.0,115170.0,8,2073060.0,2025-08-24,Sunday,6,2025-08
455,customer18,855321109,8.0,66770.0,9,534160.0,2025-08-24,Sunday,6,2025-08
455,customer18,855321605,16.0,75570.0,10,1209120.0,2025-08-24,Sunday,6,2025-08
455,customer18,855321309,8.0,110000.0,11,880000.0,2025-08-24,Sunday,6,2025-08
455,customer18,855321105,15.0,40480.0,12,607200.0,2025-08-24,Sunday,6,2025-08
455,customer18,855321201,4.0,30140.0,13,120560.0,2025-08-24,Sunday,6,2025-08
455,customer18,861645151,4.0,1572560.0,14,6290240.0,2025-08-24,Sunday,6,2025-08
455,customer18,855341301,25.0,414370.0,15,10359250.0,2025-08-24,Sunday,6,2025-08
455,customer18,855341401,10.0,958540.0,16,9585400.0,2025-08-24,Sunday,6,2025-08
455,customer18,861645155,1.0,2355870.0,17,2355870.0,2025-08-24,Sunday,6,2025-08
455,customer18,855321301,45.0,43780.0,18,1970100.0,2025-08-24,Sunday,6,2025-08
455,customer18,855321305,30.0,68860.0,19,2065800.0,2025-08-24,Sunday,6,2025-08
455,customer18,855321501,12.0,61270.0,20,735240.0,2025-08-24,Sunday,6,2025-08
455,customer18,855321505,20.0,86790.0,21,1735800.0,2025-08-24,Sunday,6,2025-08
455,customer18,855341101,4.0,394240.0,22,1576960.0,2025-08-24,Sunday,6,2025-08
455,customer18,855321101,10.0,32890.0,23,328900.0,2025-08-24,Sunday,6,2025-08
457,customer63,118,4.0,70000.0,1,280000.0,2025-08-24,Sunday,6,2025-08
457,customer63,855121102,6.0,511500.0,2,3069000.0,2025-08-24,Sunday,6,2025-08
457,customer63,417,3.0,1000000.0,3,3000000.0,2025-08-24,Sunday,6,2025-08
457,customer63,962,15.0,656150.0,4,9842250.0,2025-08-24,Sunday,6,2025-08
457,customer63,855121142,2.0,996930.0,5,1993860.0,2025-08-24,Sunday,6,2025-08
458,customer76,1265,5.0,8955000.0,1,44775000.0,2025-08-25,Monday,0,2025-08
458,customer76,1264,14.0,11800000.0,2,165200000.0,2025-08-25,Monday,0,2025-08
458,customer76,1266,9.0,6336000.0,3,57024000.0,2025-08-25,Monday,0,2025-08
458,customer76,1271,60.0,122000.0,4,7320000.0,2025-08-25,Monday,0,2025-08
458,customer76,1249,5.0,395000.0,5,1975000.0,2025-08-25,Monday,0,2025-08
458,customer76,1158,8.0,732000.0,6,5856000.0,2025-08-25,Monday,0,2025-08
458,customer76,1198,3.0,582000.0,7,1746000.0,2025-08-25,Monday,0,2025-08
458,customer76,1151,3.0,1014000.0,8,3042000.0,2025-08-25,Monday,0,2025-08
458,customer76,1156,3.0,636000.0,9,1908000.0,2025-08-25,Monday,0,2025-08
458,customer76,1149,4.0,573000.0,10,2292000.0,2025-08-25,Monday,0,2025-08
458,customer76,1150,17.0,309000.0,11,5253000.0,2025-08-25,Monday,0,2025-08
458,customer76,1148,15.0,368000.0,12,5520000.0,2025-08-25,Monday,0,2025-08
458,customer76,1147,4.0,750000.0,13,3000000.0,2025-08-25,Monday,0,2025-08
458,customer76,1146,1.0,1027000.0,14,1027000.0,2025-08-25,Monday,0,2025-08
458,customer76,1140,45.0,473000.0,15,21285000.0,2025-08-25,Monday,0,2025-08
458,customer76,1139,5.0,318000.0,16,1590000.0,2025-08-25,Monday,0,2025-08
458,customer76,1141,15.0,364000.0,17,5460000.0,2025-08-25,Monday,0,2025-08
458,customer76,1142,40.0,175000.0,18,7000000.0,2025-08-25,Monday,0,2025-08
458,customer76,1138,6.0,282000.0,19,1692000.0,2025-08-25,Monday,0,2025-08
458,customer76,1422,1.0,13500000.0,20,13500000.0,2025-08-25,Monday,0,2025-08
458,customer76,1272,10.0,223000.0,21,2230000.0,2025-08-25,Monday,0,2025-08
458,customer76,1273,50.0,286000.0,22,14300000.0,2025-08-25,Monday,0,2025-08
458,customer76,879112,3.0,332000.0,23,996000.0,2025-08-25,Monday,0,2025-08
458,customer76,879101,3.0,1332000.0,24,3996000.0,2025-08-25,Monday,0,2025-08
459,customer76,962,40.0,656150.0,1,26246000.0,2025-08-25,Monday,0,2025-08
459,customer76,807221711,20.0,477700.0,2,9554000.0,2025-08-25,Monday,0,2025-08
459,customer76,1111,30.0,371300.0,3,11139000.0,2025-08-25,Monday,0,2025-08
459,customer76,807221790,10.0,429600.0,4,4296000.0,2025-08-25,Monday,0,2025-08
459,customer76,891752193,18.0,420000.0,5,7560000.0,2025-08-25,Monday,0,2025-08
460,customer39,855311239,4.0,27581290.0,1,110325160.0,2025-08-28,Thursday,3,2025-08
460,customer39,855311240,4.0,30651390.0,2,122605560.0,2025-08-28,Thursday,3,2025-08
460,customer39,92632,60.0,1662430.0,3,99745800.0,2025-08-28,Thursday,3,2025-08
460,customer39,813121016,400.0,360690.0,4,144276000.0,2025-08-28,Thursday,3,2025-08
460,customer39,48080,600.0,248820.0,5,149292000.0,2025-08-28,Thursday,3,2025-08
460,customer39,1426,350.0,189530.0,6,66335500.0,2025-08-28,Thursday,3,2025-08
460,customer39,1405,500.0,58740.0,7,29370000.0,2025-08-28,Thursday,3,2025-08
460,customer39,879270,150.0,226160.0,8,33924000.0,2025-08-28,Thursday,3,2025-08
460,customer39,879272,1000.0,135190.0,9,135190000.0,2025-08-28,Thursday,3,2025-08
461,customer110,807261401,30.0,32340.0,1,970200.0,2025-08-28,Thursday,3,2025-08
461,customer110,855321201,16.0,30140.0,2,482240.0,2025-08-28,Thursday,3,2025-08
461,customer110,855341309,6.0,496430.0,3,2978580.0,2025-08-28,Thursday,3,2025-08
461,customer110,855321505,10.0,86790.0,4,867900.0,2025-08-28,Thursday,3,2025-08
461,customer110,855321101,16.0,32890.0,5,526240.0,2025-08-28,Thursday,3,2025-08
461,customer110,855321501,20.0,61270.0,6,1225400.0,2025-08-28,Thursday,3,2025-08
461,customer110,855321301,50.0,43780.0,7,2189000.0,2025-08-28,Thursday,3,2025-08
461,customer110,861645155,3.0,2355870.0,8,7067610.0,2025-08-28,Thursday,3,2025-08
461,customer110,855341301,30.0,414370.0,9,12431100.0,2025-08-28,Thursday,3,2025-08
461,customer110,855341401,4.0,958540.0,10,3834160.0,2025-08-28,Thursday,3,2025-08
461,customer110,855321605,20.0,75570.0,11,1511400.0,2025-08-28,Thursday,3,2025-08
461,customer110,855321509,2.0,152460.0,12,304920.0,2025-08-28,Thursday,3,2025-08
461,customer110,855321309,6.0,110000.0,13,660000.0,2025-08-28,Thursday,3,2025-08
461,customer110,855321105,10.0,40480.0,14,404800.0,2025-08-28,Thursday,3,2025-08
461,customer110,962,10.0,656150.0,15,6561500.0,2025-08-28,Thursday,3,2025-08
461,customer110,855341341,4.0,607970.0,16,2431880.0,2025-08-28,Thursday,3,2025-08
461,customer110,855341409,10.0,1229360.0,17,12293600.0,2025-08-28,Thursday,3,2025-08
461,customer110,855321109,6.0,66770.0,18,400620.0,2025-08-28,Thursday,3,2025-08
461,customer110,855321617,4.0,115170.0,19,460680.0,2025-08-28,Thursday,3,2025-08
461,customer110,855321209,8.0,43010.0,20,344080.0,2025-08-28,Thursday,3,2025-08
461,customer110,807261405,2.0,61490.0,21,122980.0,2025-08-28,Thursday,3,2025-08
461,customer110,819121032,40.0,983840.0,22,39353600.0,2025-08-28,Thursday,3,2025-08
461,customer110,819121020,140.0,323620.0,23,45306800.0,2025-08-28,Thursday,3,2025-08
461,customer110,819121025,100.0,504460.0,24,50446000.0,2025-08-28,Thursday,3,2025-08
462,customer110,1273,4.0,286000.0,1,1144000.0,2025-08-28,Thursday,3,2025-08
462,customer110,1146,4.0,1027000.0,2,4108000.0,2025-08-28,Thursday,3,2025-08
462,customer110,1142,20.0,175000.0,3,3500000.0,2025-08-28,Thursday,3,2025-08
462,customer110,1145,6.0,210000.0,4,1260000.0,2025-08-28,Thursday,3,2025-08
462,customer110,1151,2.0,1014000.0,5,2028000.0,2025-08-28,Thursday,3,2025-08
462,customer110,1148,8.0,368000.0,6,2944000.0,2025-08-28,Thursday,3,2025-08
462,customer110,1149,6.0,573000.0,7,3438000.0,2025-08-28,Thursday,3,2025-08
462,customer110,1150,10.0,309000.0,8,3090000.0,2025-08-28,Thursday,3,2025-08
462,customer110,1272,4.0,223000.0,9,892000.0,2025-08-28,Thursday,3,2025-08
462,customer110,1159,4.0,973000.0,10,3892000.0,2025-08-28,Thursday,3,2025-08
462,customer110,1141,10.0,364000.0,11,3640000.0,2025-08-28,Thursday,3,2025-08
462,customer110,1140,16.0,473000.0,12,7568000.0,2025-08-28,Thursday,3,2025-08
462,customer110,1136,4.0,3491000.0,13,13964000.0,2025-08-28,Thursday,3,2025-08
462,customer110,1135,6.0,4582000.0,14,27492000.0,2025-08-28,Thursday,3,2025-08
462,customer110,1134,3.0,6618000.0,15,19854000.0,2025-08-28,Thursday,3,2025-08
463,customer111,855162682,4.0,6178700.0,1,24714800.0,2025-08-28,Thursday,3,2025-08
463,customer111,855161726,4.0,3001680.0,2,12006720.0,2025-08-28,Thursday,3,2025-08
463,customer111,813121016,200.0,415800.0,3,83160000.0,2025-08-28,Thursday,3,2025-08
463,customer111,855161702,30.0,1179420.0,4,35382600.0,2025-08-28,Thursday,3,2025-08
463,customer111,855141502,10.0,2049190.0,5,20491900.0,2025-08-28,Thursday,3,2025-08
464,customer30,547,500.0,67650.0,1,33825000.0,2025-08-29,Friday,4,2025-08
464,customer30,546,600.0,52360.0,2,31416000.0,2025-08-29,Friday,4,2025-08
464,customer30,371016,16000.0,32780.0,3,524480000.0,2025-08-29,Friday,4,2025-08
464,customer30,371020,400.0,41470.0,4,16588000.0,2025-08-29,Friday,4,2025-08
465,customer69,855321201,400.0,30140.0,1,12056000.0,2025-08-29,Friday,4,2025-08
465,customer69,855321301,200.0,43780.0,2,8756000.0,2025-08-29,Friday,4,2025-08
465,customer69,855341401,30.0,958540.0,3,28756200.0,2025-08-29,Friday,4,2025-08
465,customer69,861645155,10.0,2355870.0,4,23558700.0,2025-08-29,Friday,4,2025-08
465,customer69,819141020,140.0,269830.0,5,37776200.0,2025-08-29,Friday,4,2025-08
465,customer69,819141025,200.0,423940.0,6,84788000.0,2025-08-29,Friday,4,2025-08
465,customer69,855341301,120.0,414370.0,7,49724400.0,2025-08-29,Friday,4,2025-08
465,customer69,819141032,80.0,783310.0,8,62664800.0,2025-08-29,Friday,4,2025-08
465,customer69,855321505,100.0,86790.0,9,8679000.0,2025-08-29,Friday,4,2025-08
465,customer69,855341709,20.0,613800.0,10,12276000.0,2025-08-29,Friday,4,2025-08
465,customer69,855341705,20.0,495770.0,11,9915400.0,2025-08-29,Friday,4,2025-08
466,customer88,681802,12.0,3060000.0,1,36720000.0,2025-08-29,Friday,4,2025-08
466,customer88,855341213,10.0,795080.0,2,7950800.0,2025-08-29,Friday,4,2025-08
466,customer88,861645151,15.0,1572560.0,3,23588400.0,2025-08-29,Friday,4,2025-08
466,customer88,855341301,25.0,414370.0,4,10359250.0,2025-08-29,Friday,4,2025-08
466,customer88,855321301,250.0,43780.0,5,10945000.0,2025-08-29,Friday,4,2025-08
467,customer67,1405,1000.0,58740.0,1,58740000.0,2025-08-29,Friday,4,2025-08
467,customer67,1407,2000.0,84480.0,2,168960000.0,2025-08-29,Friday,4,2025-08
467,customer67,819161032,80.0,708950.0,3,56716000.0,2025-08-29,Friday,4,2025-08
467,customer67,819161020,280.0,242110.0,4,67790800.0,2025-08-29,Friday,4,2025-08
468,customer1,819121025,48.0,504460.0,1,24214080.0,2025-08-29,Friday,4,2025-08
468,customer1,819121020,48.0,323620.0,2,15533760.0,2025-08-29,Friday,4,2025-08
469,customer112,879516203,7.0,200000.0,1,1400000.0,2025-08-29,Friday,4,2025-08
469,customer112,12220,90.0,974000.0,2,87660000.0,2025-08-29,Friday,4,2025-08
469,customer112,879091,9.0,325600.0,3,2930400.0,2025-08-29,Friday,4,2025-08
469,customer112,807211141,150.0,56600.0,4,8490000.0,2025-08-29,Friday,4,2025-08
469,customer112,641202,12.0,946500.0,5,11358000.0,2025-08-29,Friday,4,2025-08
469,customer112,641436,2.0,3994400.0,6,7988800.0,2025-08-29,Friday,4,2025-08
469,customer112,547,26.0,28900.0,7,751400.0,2025-08-29,Friday,4,2025-08
469,customer112,855121232,2.0,449000.0,8,898000.0,2025-08-29,Friday,4,2025-08
469,customer112,855311136,2.0,7413500.0,9,14827000.0,2025-08-29,Friday,4,2025-08
469,customer112,92632,27.7,777500.0,10,21536750.0,2025-08-29,Friday,4,2025-08
469,customer112,323065,1.0,6322050.0,11,6322050.0,2025-08-29,Friday,4,2025-08
469,customer112,641940,2.0,4960900.0,12,9921800.0,2025-08-29,Friday,4,2025-08
469,customer112,855162436,2.0,2614600.0,13,5229200.0,2025-08-29,Friday,4,2025-08
469,customer112,813121016,583.0,164900.0,14,96136700.0,2025-08-29,Friday,4,2025-08
470,customer63,855321301,6.0,43780.0,1,262680.0,2025-08-30,Saturday,5,2025-08
470,customer63,855321501,2.0,61270.0,2,122540.0,2025-08-30,Saturday,5,2025-08
470,customer63,855321101,8.0,32890.0,3,263120.0,2025-08-30,Saturday,5,2025-08
470,customer63,1134,1.5,6618000.0,4,9927000.0,2025-08-30,Saturday,5,2025-08
470,customer63,819161020,24.0,242110.0,5,5810640.0,2025-08-30,Saturday,5,2025-08
471,customer63,1137,0.166,7782000.0,1,1291812.0,2025-08-30,Saturday,5,2025-08
471,customer63,1414,2.0,841000.0,2,1682000.0,2025-08-30,Saturday,5,2025-08
472,customer43,861645151,55.0,1572560.0,1,86490800.0,2025-08-30,Saturday,5,2025-08
474,customer40,641604,1.0,4493280.0,1,4493280.0,2025-08-05,Tuesday,1,2025-08
474,customer40,855341201,160.0,642510.0,2,102801600.0,2025-08-05,Tuesday,1,2025-08
474,customer40,855321401,300.0,42460.0,3,12738000.0,2025-08-05,Tuesday,1,2025-08
474,customer40,855321501,170.0,61270.0,4,10415900.0,2025-08-05,Tuesday,1,2025-08
474,customer40,855341101,190.0,394240.0,5,74905600.0,2025-08-05,Tuesday,1,2025-08
474,customer40,855321301,200.0,43780.0,6,8756000.0,2025-08-05,Tuesday,1,2025-08
474,customer40,641602,3.0,3073840.0,7,9221520.0,2025-08-05,Tuesday,1,2025-08
475,customer40,879516143,20.0,1886040.0,1,37720800.0,2025-08-30,Saturday,5,2025-08
475,customer40,641602,48.0,3073840.0,2,147544320.0,2025-08-30,Saturday,5,2025-08
476,customer111,371016,48.0,35970.0,1,1726560.0,2025-08-30,Saturday,5,2025-08
476,customer111,323095,2.0,23088455.0,2,46176910.0,2025-08-30,Saturday,5,2025-08
476,customer111,855121190,4.0,1274460.0,3,5097840.0,2025-08-30,Saturday,5,2025-08
476,customer111,855162402,8.0,1537910.0,4,12303280.0,2025-08-30,Saturday,5,2025-08
476,customer111,855141102,38.0,1343430.0,5,51050340.0,2025-08-30,Saturday,5,2025-08
476,customer111,681802,3.0,3640780.0,6,10922340.0,2025-08-30,Saturday,5,2025-08
476,customer111,118,3.0,70000.0,7,210000.0,2025-08-30,Saturday,5,2025-08
476,customer111,807261401,12.0,35750.0,8,429000.0,2025-08-30,Saturday,5,2025-08
476,customer111,855121192,5.0,1725460.0,9,8627300.0,2025-08-30,Saturday,5,2025-08
476,customer111,879516143,2.0,2261300.0,10,4522600.0,2025-08-30,Saturday,5,2025-08
477,customer76,1142,40.0,175000.0,1,7000000.0,2025-08-30,Saturday,5,2025-08
477,customer76,891752193,10.0,420000.0,2,4200000.0,2025-08-30,Saturday,5,2025-08
478,customer6,855121502,2.0,1832490.0,1,3664980.0,2025-09-01,Monday,0,2025-09
478,customer6,855213410,3.0,3932500.0,2,11797500.0,2025-09-01,Monday,0,2025-09
478,customer6,641642,2.0,3307480.0,3,6614960.0,2025-09-01,Monday,0,2025-09
478,customer6,855161710,4.0,1198340.0,4,4793360.0,2025-09-01,Monday,0,2025-09
478,customer6,855121102,4.0,511500.0,5,2046000.0,2025-09-01,Monday,0,2025-09
478,customer6,681802,3.0,3060530.0,6,9181590.0,2025-09-01,Monday,0,2025-09
479,customer93,962,1.0,656150.0,1,656150.0,2025-09-01,Monday,0,2025-09
479,customer93,1233,1.0,500000.0,2,500000.0,2025-09-01,Monday,0,2025-09
479,customer93,115,2.0,70000.0,3,140000.0,2025-09-01,Monday,0,2025-09
479,customer93,116,1.0,1800000.0,4,1800000.0,2025-09-01,Monday,0,2025-09
479,customer93,118,2.0,70000.0,5,140000.0,2025-09-01,Monday,0,2025-09
479,customer93,365,1.0,900000.0,6,900000.0,2025-09-01,Monday,0,2025-09
479,customer93,855121502,1.0,1832490.0,7,1832490.0,2025-09-01,Monday,0,2025-09
479,customer93,879164,1.0,3200000.0,8,3200000.0,2025-09-01,Monday,0,2025-09
479,customer93,879516054,1.0,1800000.0,9,1800000.0,2025-09-01,Monday,0,2025-09
480,customer36,879516055,2.0,1800000.0,1,3600000.0,2025-09-01,Monday,0,2025-09
480,customer36,127,2.0,950000.0,2,1900000.0,2025-09-01,Monday,0,2025-09
481,customer43,819161063,16.0,3087370.0,1,49397920.0,2025-09-01,Monday,0,2025-09
481,customer43,819121020,280.0,323620.0,2,90613600.0,2025-09-01,Monday,0,2025-09
481,customer43,855321321,2.0,624690.0,3,1249380.0,2025-09-01,Monday,0,2025-09
481,customer43,343313,20.0,688270.0,4,13765400.0,2025-09-01,Monday,0,2025-09
482,customer100,819161025,100.0,383020.0,1,38302000.0,2025-09-02,Tuesday,1,2025-09
483,customer42,855321747,50.0,362450.0,1,18122500.0,2025-09-02,Tuesday,1,2025-09
483,customer42,819161025,200.0,383020.0,2,76604000.0,2025-09-02,Tuesday,1,2025-09
483,customer42,855321105,250.0,40480.0,3,10120000.0,2025-09-02,Tuesday,1,2025-09
483,customer42,855341305,30.0,580910.0,4,17427300.0,2025-09-02,Tuesday,1,2025-09
483,customer42,855341709,30.0,613800.0,5,18414000.0,2025-09-02,Tuesday,1,2025-09
484,customer9,855121402,15.0,1291730.0,1,19375950.0,2025-08-29,Friday,4,2025-08
484,customer9,855121162,20.0,955790.0,2,19115800.0,2025-08-29,Friday,4,2025-08
484,customer9,855311239,2.0,27581290.0,3,55162580.0,2025-08-29,Friday,4,2025-08
484,customer9,813121016,600.0,360690.0,4,216414000.0,2025-08-29,Friday,4,2025-08
484,customer9,813121020,300.0,635690.0,5,190707000.0,2025-08-29,Friday,4,2025-08
484,customer9,813121025,100.0,1075690.0,6,107569000.0,2025-08-29,Friday,4,2025-08
484,customer9,855212402,48.0,1578060.0,7,75746880.0,2025-08-29,Friday,4,2025-08
484,customer9,861641102,48.0,1577510.0,8,75720480.0,2025-08-29,Friday,4,2025-08
485,customer83,809,3.0,3407690.0,1,10223070.0,2025-09-03,Wednesday,2,2025-09
485,customer83,821,1.0,8796590.0,2,8796590.0,2025-09-03,Wednesday,2,2025-09
485,customer83,840,3.0,8899660.0,3,26698980.0,2025-09-03,Wednesday,2,2025-09
485,customer83,879516009,45.0,721000.0,4,32445000.0,2025-09-03,Wednesday,2,2025-09
486,customer14,323095,2.0,20378160.0,1,40756320.0,2025-09-03,Wednesday,2,2025-09
487,customer109,861645209,12.0,3653870.0,1,43846440.0,2025-09-04,Thursday,3,2025-09
487,customer109,861645205,45.0,2081640.0,2,93673800.0,2025-09-04,Thursday,3,2025-09
487,customer109,861645201,65.0,1531860.0,3,99570900.0,2025-09-04,Thursday,3,2025-09
487,customer109,855321905,6.0,266860.0,4,1601160.0,2025-09-04,Thursday,3,2025-09
487,customer109,855321901,40.0,195140.0,5,7805600.0,2025-09-04,Thursday,3,2025-09
487,customer109,855321909,10.0,466400.0,6,4664000.0,2025-09-04,Thursday,3,2025-09
488,customer32,855121102,25.0,511500.0,1,12787500.0,2025-09-03,Wednesday,2,2025-09
488,customer32,807211125,800.0,16830.0,2,13464000.0,2025-09-03,Wednesday,2,2025-09
488,customer32,855341201,160.0,642510.0,3,102801600.0,2025-09-03,Wednesday,2,2025-09
488,customer32,855341317,80.0,767800.0,4,61424000.0,2025-09-03,Wednesday,2,2025-09
488,customer32,855311135,2.0,10818500.0,5,21637000.0,2025-09-03,Wednesday,2,2025-09
488,customer32,855121908,2.0,2045010.0,6,4090020.0,2025-09-03,Wednesday,2,2025-09
488,customer32,855121906,2.0,1011340.0,7,2022680.0,2025-09-03,Wednesday,2,2025-09
488,customer32,855212402,32.0,1578060.0,8,50497920.0,2025-09-03,Wednesday,2,2025-09
488,customer32,861641102,27.0,1577510.0,9,42592770.0,2025-09-03,Wednesday,2,2025-09
488,customer32,855121232,2.0,993410.0,10,1986820.0,2025-09-03,Wednesday,2,2025-09
488,customer32,323045,1.0,11620290.0,11,11620290.0,2025-09-03,Wednesday,2,2025-09
488,customer32,807311119,15.0,276210.0,12,4143150.0,2025-09-03,Wednesday,2,2025-09
488,customer32,807311125,10.0,340890.0,13,3408900.0,2025-09-03,Wednesday,2,2025-09
488,customer32,855121244,2.0,1708190.0,14,3416380.0,2025-09-03,Wednesday,2,2025-09
488,customer32,813121025,100.0,1075690.0,15,107569000.0,2025-09-03,Wednesday,2,2025-09
488,customer32,813121020,150.0,635690.0,16,95353500.0,2025-09-03,Wednesday,2,2025-09
488,customer32,813121016,400.0,360690.0,17,144276000.0,2025-09-03,Wednesday,2,2025-09
488,customer32,855121142,2.0,996930.0,18,1993860.0,2025-09-03,Wednesday,2,2025-09
488,customer32,855321209,40.0,43010.0,19,1720400.0,2025-09-03,Wednesday,2,2025-09
488,customer32,855212410,2.0,2916540.0,20,5833080.0,2025-09-03,Wednesday,2,2025-09
488,customer32,855311238,2.0,25066360.0,21,50132720.0,2025-09-03,Wednesday,2,2025-09
488,customer32,641326,1.0,6328520.0,22,6328520.0,2025-09-03,Wednesday,2,2025-09
488,customer32,855211310,2.0,2479730.0,23,4959460.0,2025-09-03,Wednesday,2,2025-09
488,customer32,323075,1.0,15999720.0,24,15999720.0,2025-09-03,Wednesday,2,2025-09
488,customer32,855212424,2.0,4609440.0,25,9218880.0,2025-09-03,Wednesday,2,2025-09
488,customer32,855211324,2.0,3487220.0,26,6974440.0,2025-09-03,Wednesday,2,2025-09
488,customer32,855212682,15.0,5812510.0,27,87187650.0,2025-09-03,Wednesday,2,2025-09
488,customer32,855321351,40.0,50930.0,28,2037200.0,2025-09-03,Wednesday,2,2025-09
488,customer32,819161020,560.0,242110.0,29,135581600.0,2025-09-03,Wednesday,2,2025-09
488,customer32,879516127,20.0,5761250.0,30,115225000.0,2025-09-03,Wednesday,2,2025-09
489,customer58,855341113,300.0,585200.0,1,175560000.0,2025-09-03,Wednesday,2,2025-09
489,customer58,855121102,25.0,511500.0,2,12787500.0,2025-09-03,Wednesday,2,2025-09
489,customer58,807311113,125.0,113960.0,3,14245000.0,2025-09-03,Wednesday,2,2025-09
489,customer58,819141032,160.0,783310.0,4,125329600.0,2025-09-03,Wednesday,2,2025-09
489,customer58,819141025,500.0,423940.0,5,211970000.0,2025-09-03,Wednesday,2,2025-09
489,customer58,819141020,700.0,269830.0,6,188881000.0,2025-09-03,Wednesday,2,2025-09
489,customer58,861641102,144.0,1577510.0,7,227161440.0,2025-09-03,Wednesday,2,2025-09
489,customer58,855212402,144.0,1578060.0,8,227240640.0,2025-09-03,Wednesday,2,2025-09
489,customer58,813121016,2000.0,360690.0,9,721380000.0,2025-09-03,Wednesday,2,2025-09
489,customer58,813121025,300.0,1075690.0,10,322707000.0,2025-09-03,Wednesday,2,2025-09
489,customer58,807311119,75.0,276210.0,11,20715750.0,2025-09-03,Wednesday,2,2025-09
489,customer58,163642,96.0,2605020.0,12,250081920.0,2025-09-03,Wednesday,2,2025-09
489,customer58,855311133,15.0,6523110.0,13,97846650.0,2025-09-03,Wednesday,2,2025-09
489,customer58,855211236,24.0,4384600.0,14,105230400.0,2025-09-03,Wednesday,2,2025-09
489,customer58,341213,220.0,795080.0,15,174917600.0,2025-09-03,Wednesday,2,2025-09
490,customer63,48140,100.0,910690.0,1,91069000.0,2025-09-05,Friday,4,2025-09
494,customer63,129,1.0,2100000.0,1,2100000.0,2025-09-07,Sunday,6,2025-09
494,customer63,855121102,1.0,611050.0,2,611050.0,2025-09-07,Sunday,6,2025-09
494,customer63,813121020,1.0,693000.0,3,693000.0,2025-09-07,Sunday,6,2025-09
494,customer63,855211112,1.0,1765610.0,4,1765610.0,2025-09-07,Sunday,6,2025-09
494,customer63,855213410,1.0,4325750.0,5,4325750.0,2025-09-07,Sunday,6,2025-09
494,customer63,855121502,1.0,2015750.0,6,2015750.0,2025-09-07,Sunday,6,2025-09
495,customer12,807261401,10.0,32340.0,1,323400.0,2025-09-08,Monday,0,2025-09
495,customer12,855141504,2.0,2684000.0,2,5368000.0,2025-09-08,Monday,0,2025-09
495,customer12,855162650,2.0,3218930.0,3,6437860.0,2025-09-08,Monday,0,2025-09
495,customer12,371020,30.0,45540.0,4,1366200.0,2025-09-08,Monday,0,2025-09
495,customer12,855211112,1.0,1765610.0,5,1765610.0,2025-09-08,Monday,0,2025-09
495,customer12,807311113,2.0,113960.0,6,227920.0,2025-09-08,Monday,0,2025-09
495,customer12,855141534,1.0,2604690.0,7,2604690.0,2025-09-08,Monday,0,2025-09
495,customer12,855141104,1.0,1867250.0,8,1867250.0,2025-09-08,Monday,0,2025-09
495,customer12,855162410,2.0,1945570.0,9,3891140.0,2025-09-08,Monday,0,2025-09
495,customer12,813121020,20.0,693000.0,10,13860000.0,2025-09-08,Monday,0,2025-09
495,customer12,855162402,1.0,1422080.0,11,1422080.0,2025-09-08,Monday,0,2025-09
496,customer12,879516044,1.0,3500000.0,1,3500000.0,2025-09-08,Monday,0,2025-09
496,customer12,879516154,1.0,47000000.0,2,47000000.0,2025-09-08,Monday,0,2025-09
496,customer12,879516155,1.0,14700000.0,3,14700000.0,2025-09-08,Monday,0,2025-09
496,customer12,879516167,1.0,18000000.0,4,18000000.0,2025-09-08,Monday,0,2025-09
496,customer12,879516058,1.0,18940000.0,5,18940000.0,2025-09-08,Monday,0,2025-09
496,customer12,879516059,1.0,25450000.0,6,25450000.0,2025-09-08,Monday,0,2025-09
496,customer12,879516060,1.0,18650000.0,7,18650000.0,2025-09-08,Monday,0,2025-09
496,customer12,879516192,1.0,32000000.0,8,32000000.0,2025-09-08,Monday,0,2025-09
496,customer12,641754,3.0,1980000.0,9,5940000.0,2025-09-08,Monday,0,2025-09
496,customer12,1003,1.0,68000000.0,10,68000000.0,2025-09-08,Monday,0,2025-09
496,customer12,129,1.0,2300000.0,11,2300000.0,2025-09-08,Monday,0,2025-09
497,customer63,962,6.0,656150.0,1,3936900.0,2025-09-09,Tuesday,1,2025-09
497,customer63,1134,1.0,7620000.0,2,7620000.0,2025-09-09,Tuesday,1,2025-09
497,customer63,1135,3.0,5270000.0,3,15810000.0,2025-09-09,Tuesday,1,2025-09
497,customer63,1136,2.0,4020000.0,4,8040000.0,2025-09-09,Tuesday,1,2025-09
497,customer63,1137,0.0833,8950000.0,5,745535.0,2025-09-09,Tuesday,1,2025-09
497,customer63,1138,2.0,325000.0,6,650000.0,2025-09-09,Tuesday,1,2025-09
497,customer63,1141,1.0,419000.0,7,419000.0,2025-09-09,Tuesday,1,2025-09
497,customer63,1142,5.0,202000.0,8,1010000.0,2025-09-09,Tuesday,1,2025-09
497,customer63,1143,1.0,497000.0,9,497000.0,2025-09-09,Tuesday,1,2025-09
497,customer63,1145,2.0,242000.0,10,484000.0,2025-09-09,Tuesday,1,2025-09
497,customer63,1147,2.0,863000.0,11,1726000.0,2025-09-09,Tuesday,1,2025-09
497,customer63,1148,3.0,424000.0,12,1272000.0,2025-09-09,Tuesday,1,2025-09
497,customer63,1149,1.0,659000.0,13,659000.0,2025-09-09,Tuesday,1,2025-09
497,customer63,1150,3.0,356000.0,14,1068000.0,2025-09-09,Tuesday,1,2025-09
497,customer63,1151,1.0,1167000.0,15,1167000.0,2025-09-09,Tuesday,1,2025-09
498,customer63,819141020,20.0,269830.0,1,5396600.0,2025-09-09,Tuesday,1,2025-09
498,customer63,855341301,5.0,463210.0,2,2316050.0,2025-09-09,Tuesday,1,2025-09
498,customer63,861645155,2.0,2684990.0,3,5369980.0,2025-09-09,Tuesday,1,2025-09
498,customer63,855321305,9.0,68860.0,4,619740.0,2025-09-09,Tuesday,1,2025-09
498,customer63,855341801,1.0,2118050.0,5,2118050.0,2025-09-09,Tuesday,1,2025-09
498,customer63,855341701,3.0,486090.0,6,1458270.0,2025-09-09,Tuesday,1,2025-09
498,customer63,855321201,8.0,30360.0,7,242880.0,2025-09-09,Tuesday,1,2025-09
498,customer63,855321605,13.0,75570.0,8,982410.0,2025-09-09,Tuesday,1,2025-09
498,customer63,855321371,8.0,67210.0,9,537680.0,2025-09-09,Tuesday,1,2025-09
499,customer7,1249,50.0,455000.0,1,22750000.0,2025-09-09,Tuesday,1,2025-09
499,customer7,1271,50.0,141000.0,2,7050000.0,2025-09-09,Tuesday,1,2025-09
499,customer7,1144,48.0,707000.0,3,33936000.0,2025-09-09,Tuesday,1,2025-09
499,customer7,1136,20.0,4020000.0,4,80400000.0,2025-09-09,Tuesday,1,2025-09
499,customer7,1134,20.0,7620000.0,5,152400000.0,2025-09-09,Tuesday,1,2025-09
499,customer7,1141,100.0,419000.0,6,41900000.0,2025-09-09,Tuesday,1,2025-09
499,customer7,1140,60.0,544000.0,7,32640000.0,2025-09-09,Tuesday,1,2025-09
500,customer7,855341201,20.0,727980.0,1,14559600.0,2025-09-09,Tuesday,1,2025-09
500,customer7,855321105,250.0,40480.0,2,10120000.0,2025-09-09,Tuesday,1,2025-09
501,customer107,1264,2.0,13570000.0,1,27140000.0,2025-09-10,Wednesday,2,2025-09
502,customer113,879516066,1.0,42160000.0,1,42160000.0,2025-09-11,Thursday,3,2025-09
502,customer113,879516183,2.0,31250000.0,2,62500000.0,2025-09-11,Thursday,3,2025-09
503,customer113,807261401,10.0,32340.0,1,323400.0,2025-09-11,Thursday,3,2025-09
503,customer113,855321605,6.0,75570.0,2,453420.0,2025-09-11,Thursday,3,2025-09
503,customer113,855212402,10.0,1877370.0,3,18773700.0,2025-09-11,Thursday,3,2025-09
503,customer113,807311119,1.0,276210.0,4,276210.0,2025-09-11,Thursday,3,2025-09
503,customer113,855321301,15.0,43780.0,5,656700.0,2025-09-11,Thursday,3,2025-09
503,customer113,855341401,2.0,1061280.0,6,2122560.0,2025-09-11,Thursday,3,2025-09
503,customer113,855341101,6.0,443190.0,7,2659140.0,2025-09-11,Thursday,3,2025-09
503,customer113,819121020,20.0,323620.0,8,6472400.0,2025-09-11,Thursday,3,2025-09
503,customer113,819121025,28.0,504460.0,9,14124880.0,2025-09-11,Thursday,3,2025-09
503,customer113,371016,50.0,35970.0,10,1798500.0,2025-09-11,Thursday,3,2025-09
503,customer113,855211102,6.0,1295030.0,11,7770180.0,2025-09-11,Thursday,3,2025-09
503,customer113,807261405,2.0,61490.0,12,122980.0,2025-09-11,Thursday,3,2025-09
504,customer113,879259,3.0,121000.0,1,363000.0,2025-09-11,Thursday,3,2025-09
504,customer113,1272,3.0,257000.0,2,771000.0,2025-09-11,Thursday,3,2025-09
504,customer113,1141,10.0,419000.0,3,4190000.0,2025-09-11,Thursday,3,2025-09
504,customer113,1142,7.0,202000.0,4,1414000.0,2025-09-11,Thursday,3,2025-09
504,customer113,1140,4.0,544000.0,5,2176000.0,2025-09-11,Thursday,3,2025-09
504,customer113,1150,3.0,356000.0,6,1068000.0,2025-09-11,Thursday,3,2025-09
504,customer113,1148,1.0,424000.0,7,424000.0,2025-09-11,Thursday,3,2025-09
504,customer113,1264,2.0,13570000.0,8,27140000.0,2025-09-11,Thursday,3,2025-09
504,customer113,1266,1.0,7290000.0,9,7290000.0,2025-09-11,Thursday,3,2025-09
504,customer113,1271,7.0,141000.0,10,987000.0,2025-09-11,Thursday,3,2025-09
504,customer113,962,5.0,656150.0,11,3280750.0,2025-09-11,Thursday,3,2025-09
505,customer18,879411205,211.0,391270.0,1,82557970.0,2025-09-11,Thursday,3,2025-09
505,customer18,400,200.0,350000.0,2,70000000.0,2025-09-11,Thursday,3,2025-09
506,customer43,879272,400.0,140800.0,1,56320000.0,2025-09-11,Thursday,3,2025-09
506,customer43,48080,300.0,259050.0,2,77715000.0,2025-09-11,Thursday,3,2025-09
506,customer43,1426,400.0,197340.0,3,78936000.0,2025-09-11,Thursday,3,2025-09
507,customer17,813121016,48.0,392700.0,1,18849600.0,2025-09-11,Thursday,3,2025-09
508,customer44,163,2.0,900000.0,1,1800000.0,2025-09-11,Thursday,3,2025-09
508,customer44,855121180,2.0,458700.0,2,917400.0,2025-09-11,Thursday,3,2025-09
508,customer44,879516055,2.0,1900000.0,3,3800000.0,2025-09-11,Thursday,3,2025-09
509,customer6,879516055,2.0,1900000.0,1,3800000.0,2025-09-11,Thursday,3,2025-09
509,customer6,879516085,2.0,45600000.0,2,91200000.0,2025-09-11,Thursday,3,2025-09
509,customer6,879516086,2.0,63400000.0,3,126800000.0,2025-09-11,Thursday,3,2025-09
509,customer6,717,2.0,166000000.0,4,332000000.0,2025-09-11,Thursday,3,2025-09
509,customer6,73,2.0,66200000.0,5,132400000.0,2025-09-11,Thursday,3,2025-09
510,customer44,366,2.0,900000.0,1,1800000.0,2025-08-20,Wednesday,2,2025-08
511,customer13,879516132,1.0,58260000.0,1,58260000.0,2025-08-19,Tuesday,1,2025-08
511,customer13,879516133,1.0,46780000.0,2,46780000.0,2025-08-19,Tuesday,1,2025-08
511,customer13,879516134,1.0,62190000.0,3,62190000.0,2025-08-19,Tuesday,1,2025-08
511,customer13,879516135,1.0,57480000.0,4,57480000.0,2025-08-19,Tuesday,1,2025-08
511,customer13,879516062,1.0,74830000.0,5,74830000.0,2025-08-19,Tuesday,1,2025-08
511,customer13,879516063,1.0,70280000.0,6,70280000.0,2025-08-19,Tuesday,1,2025-08
511,customer13,879516197,1.0,74450000.0,7,74450000.0,2025-08-19,Tuesday,1,2025-08
512,customer13,855341805,3.0,2637800.0,1,7913400.0,2025-09-12,Friday,4,2025-09
512,customer13,855321305,10.0,68860.0,2,688600.0,2025-09-12,Friday,4,2025-09
512,customer13,855321505,10.0,86790.0,3,867900.0,2025-09-12,Friday,4,2025-09
513,customer1,855321101,50.0,32890.0,1,1644500.0,2025-09-01,Monday,0,2025-09
513,customer1,855321501,50.0,61270.0,2,3063500.0,2025-09-01,Monday,0,2025-09
514,customer96,855212402,2.0,1578060.0,1,3156120.0,2025-08-27,Wednesday,2,2025-08
514,customer96,163642,3.0,2605020.0,2,7815060.0,2025-08-27,Wednesday,2,2025-08
515,customer96,807261401,30.0,32340.0,1,970200.0,2025-08-09,Saturday,5,2025-08
516,customer1,819141025,40.0,423940.0,1,16957600.0,2025-09-12,Friday,4,2025-09
517,customer96,855341201,12.0,727980.0,1,8735760.0,2025-09-13,Saturday,5,2025-09
518,customer63,962,3.0,656150.0,1,1968450.0,2025-09-14,Sunday,6,2025-09
518,customer63,1137,0.0833,8950000.0,2,745535.0,2025-09-14,Sunday,6,2025-09
518,customer63,1141,11.0,419000.0,3,4609000.0,2025-09-14,Sunday,6,2025-09
518,customer63,1249,1.0,455000.0,4,455000.0,2025-09-14,Sunday,6,2025-09
518,customer63,1265,5.0,4020000.0,5,20100000.0,2025-09-14,Sunday,6,2025-09
518,customer63,879114,1.0,555000.0,6,555000.0,2025-09-14,Sunday,6,2025-09
519,customer63,830,4.0,1567720.0,1,6270880.0,2025-09-16,Tuesday,1,2025-09
519,customer63,829,4.0,665170.0,2,2660680.0,2025-09-16,Tuesday,1,2025-09
519,customer63,840,6.0,9348240.0,3,56089440.0,2025-09-16,Tuesday,1,2025-09
519,customer63,836,6.0,6600550.0,4,39603300.0,2025-09-16,Tuesday,1,2025-09
519,customer63,851,5.0,515020.0,5,2575100.0,2025-09-16,Tuesday,1,2025-09
519,customer63,862,5.0,1073710.0,6,5368550.0,2025-09-16,Tuesday,1,2025-09
519,customer63,863,4.0,1243000.0,7,4972000.0,2025-09-16,Tuesday,1,2025-09
519,customer63,871,3.0,1263900.0,8,3791700.0,2025-09-16,Tuesday,1,2025-09
519,customer63,874,1.0,2056450.0,9,2056450.0,2025-09-16,Tuesday,1,2025-09
519,customer63,888,1.0,6832760.0,10,6832760.0,2025-09-16,Tuesday,1,2025-09
519,customer63,928,3.0,2346300.0,11,7038900.0,2025-09-16,Tuesday,1,2025-09
519,customer63,944,3.0,1056220.0,12,3168660.0,2025-09-16,Tuesday,1,2025-09
521,customer63,855321505,1.0,88550.0,1,88550.0,2025-09-16,Tuesday,1,2025-09
521,customer63,855341805,1.0,2637800.0,2,2637800.0,2025-09-16,Tuesday,1,2025-09
521,customer63,855341113,1.0,658020.0,3,658020.0,2025-09-16,Tuesday,1,2025-09
521,customer63,855121104,3.0,1200000.0,4,3600000.0,2025-09-16,Tuesday,1,2025-09
521,customer63,855341201,2.0,2996620.0,5,5993240.0,2025-09-16,Tuesday,1,2025-09
521,customer63,521,1.0,5220000.0,6,5220000.0,2025-09-16,Tuesday,1,2025-09
521,customer63,807211121,2.0,17930.0,7,35860.0,2025-09-16,Tuesday,1,2025-09
521,customer63,121234,2.0,1800000.0,8,3600000.0,2025-09-16,Tuesday,1,2025-09
521,customer63,879516054,1.0,1900000.0,9,1900000.0,2025-09-16,Tuesday,1,2025-09
522,customer12,879259,6.0,121000.0,1,726000.0,2025-09-17,Wednesday,2,2025-09
522,customer12,879243,10.0,617000.0,2,6170000.0,2025-09-17,Wednesday,2,2025-09
522,customer12,879244,4.0,429000.0,3,1716000.0,2025-09-17,Wednesday,2,2025-09
522,customer12,1272,1.0,257000.0,4,257000.0,2025-09-17,Wednesday,2,2025-09
522,customer12,1273,2.0,330000.0,5,660000.0,2025-09-17,Wednesday,2,2025-09
522,customer12,879239,12.0,241000.0,6,2892000.0,2025-09-17,Wednesday,2,2025-09
522,customer12,879241,1.0,952000.0,7,952000.0,2025-09-17,Wednesday,2,2025-09
522,customer12,879242,1.0,1460000.0,8,1460000.0,2025-09-17,Wednesday,2,2025-09
522,customer12,879101,1.0,1532000.0,9,1532000.0,2025-09-17,Wednesday,2,2025-09
522,customer12,962,7.0,656150.0,10,4593050.0,2025-09-17,Wednesday,2,2025-09
522,customer12,1264,3.0,13570000.0,11,40710000.0,2025-09-17,Wednesday,2,2025-09
522,customer12,1265,2.0,10300000.0,12,20600000.0,2025-09-17,Wednesday,2,2025-09
522,customer12,1266,2.0,7290000.0,13,14580000.0,2025-09-17,Wednesday,2,2025-09
522,customer12,1147,3.0,863000.0,14,2589000.0,2025-09-17,Wednesday,2,2025-09
522,customer12,1148,4.0,424000.0,15,1696000.0,2025-09-17,Wednesday,2,2025-09
522,customer12,1150,3.0,356000.0,16,1068000.0,2025-09-17,Wednesday,2,2025-09
522,customer12,1151,1.0,1167000.0,17,1167000.0,2025-09-17,Wednesday,2,2025-09
522,customer12,1156,2.0,732000.0,18,1464000.0,2025-09-17,Wednesday,2,2025-09
522,customer12,1153,1.0,329000.0,19,329000.0,2025-09-17,Wednesday,2,2025-09
522,customer12,1141,6.0,419000.0,20,2514000.0,2025-09-17,Wednesday,2,2025-09
522,customer12,1142,8.0,202000.0,21,1616000.0,2025-09-17,Wednesday,2,2025-09
522,customer12,1140,8.0,544000.0,22,4352000.0,2025-09-17,Wednesday,2,2025-09
522,customer12,1138,3.0,325000.0,23,975000.0,2025-09-17,Wednesday,2,2025-09
522,customer12,879516143,1.0,2261300.0,1,2261300.0,2025-09-17,Wednesday,2,2025-09
522,customer12,641412,3.0,6182550.0,2,18547650.0,2025-09-17,Wednesday,2,2025-09
522,customer12,855162682,6.0,5720990.0,3,34325940.0,2025-09-17,Wednesday,2,2025-09
522,customer12,855162642,2.0,2023010.0,4,4046020.0,2025-09-17,Wednesday,2,2025-09
522,customer12,855121235,3.0,1012330.0,5,3036990.0,2025-09-17,Wednesday,2,2025-09
522,customer12,641202,8.0,2640220.0,6,21121760.0,2025-09-17,Wednesday,2,2025-09
522,customer12,807311113,6.0,113960.0,7,683760.0,2025-09-17,Wednesday,2,2025-09
522,customer12,855121102,2.0,611050.0,8,1222100.0,2025-09-17,Wednesday,2,2025-09
522,customer12,855311134,2.0,10191500.0,9,20383000.0,2025-09-17,Wednesday,2,2025-09
522,customer12,855121906,1.0,1203070.0,10,1203070.0,2025-09-17,Wednesday,2,2025-09
522,customer12,323045,1.0,12782319.0,11,12782319.0,2025-09-17,Wednesday,2,2025-09
522,customer12,807311110,4.0,60500.0,12,242000.0,2025-09-17,Wednesday,2,2025-09
522,customer12,855162410,2.0,1945570.0,13,3891140.0,2025-09-17,Wednesday,2,2025-09
522,customer12,813121020,20.0,693000.0,14,13860000.0,2025-09-17,Wednesday,2,2025-09
522,customer12,813121016,15.0,392700.0,15,5890500.0,2025-09-17,Wednesday,2,2025-09
522,customer12,855162402,7.0,1422080.0,16,9954560.0,2025-09-17,Wednesday,2,2025-09
522,customer12,747,1.0,950000.0,747,950000.0,2025-09-17,Wednesday,2,2025-09
522,customer12,118,4.0,70000.0,118,280000.0,2025-09-17,Wednesday,2,2025-09
522,customer12,417,2.0,1000000.0,417,2000000.0,2025-09-17,Wednesday,2,2025-09
525,customer63,846,5.0,766370.0,1,3831850.0,2025-09-18,Thursday,3,2025-09
525,customer63,847,5.0,1094610.0,2,5473050.0,2025-09-18,Thursday,3,2025-09
525,customer63,858,7.0,392810.0,3,2749670.0,2025-09-18,Thursday,3,2025-09
525,customer63,860,10.0,714010.0,4,7140100.0,2025-09-18,Thursday,3,2025-09
526,customer42,1146,20.0,1190000.0,1,23800000.0,2025-09-18,Thursday,3,2025-09
526,customer42,1145,200.0,242000.0,2,48400000.0,2025-09-18,Thursday,3,2025-09
526,customer42,1155,30.0,1030000.0,3,30900000.0,2025-09-18,Thursday,3,2025-09
526,customer42,1134,30.0,762000.0,4,22860000.0,2025-09-18,Thursday,3,2025-09
526,customer42,1136,30.0,4020000.0,5,120600000.0,2025-09-18,Thursday,3,2025-09
526,customer42,1140,60.0,544000.0,6,32640000.0,2025-09-18,Thursday,3,2025-09
527,customer42,855321505,200.0,88550.0,1,17710000.0,2025-09-18,Thursday,3,2025-09
527,customer42,855321305,300.0,68860.0,2,20658000.0,2025-09-18,Thursday,3,2025-09
527,customer42,855341309,190.0,547470.0,3,104019300.0,2025-09-18,Thursday,3,2025-09
528,customer1,819141020,60.0,269830.0,1,16189800.0,2025-09-18,Thursday,3,2025-09
528,customer1,855341701,2.0,486090.0,2,972180.0,2025-09-18,Thursday,3,2025-09
528,customer1,819161020,20.0,242110.0,3,4842200.0,2025-09-18,Thursday,3,2025-09
529,customer114,962,2.0,656150.0,1,1312300.0,2025-09-19,Friday,4,2025-09
529,customer114,1149,2.0,659000.0,2,1318000.0,2025-09-19,Friday,4,2025-09
529,customer114,1153,1.0,329000.0,3,329000.0,2025-09-19,Friday,4,2025-09
529,customer114,1152,2.0,136000.0,4,272000.0,2025-09-19,Friday,4,2025-09
529,customer114,1146,1.0,1190000.0,5,1190000.0,2025-09-19,Friday,4,2025-09
529,customer114,1140,2.0,544000.0,6,1088000.0,2025-09-19,Friday,4,2025-09
529,customer114,1142,2.0,202000.0,7,404000.0,2025-09-19,Friday,4,2025-09
529,customer114,1141,4.0,419000.0,8,1676000.0,2025-09-19,Friday,4,2025-09
529,customer114,1135,0.5,5270000.0,9,2635000.0,2025-09-19,Friday,4,2025-09
529,customer114,1134,0.666,7620000.0,10,5074920.0,2025-09-19,Friday,4,2025-09
530,customer43,1407,600.0,97130.0,1,58278000.0,2025-09-19,Friday,4,2025-09
531,customer11,819161020,140.0,242110.0,1,33895400.0,2025-09-11,Thursday,3,2025-09
532,customer8,855212402,48.0,1877370.0,1,90113760.0,2025-09-19,Friday,4,2025-09
532,customer8,861641102,48.0,1876600.0,2,90076800.0,2025-09-19,Friday,4,2025-09
532,customer8,163642,32.0,3098920.0,3,99165440.0,2025-09-19,Friday,4,2025-09
533,customer32,855121242,5.0,2267100.0,1,11335500.0,2025-09-19,Friday,4,2025-09
533,customer32,855212402,24.0,1877370.0,2,45056880.0,2025-09-19,Friday,4,2025-09
533,customer32,861641102,48.0,1876600.0,3,90076800.0,2025-09-19,Friday,4,2025-09
533,customer32,807311110,100.0,60500.0,4,6050000.0,2025-09-19,Friday,4,2025-09
533,customer32,323065,1.0,15189372.0,5,15189372.0,2025-09-19,Friday,4,2025-09
533,customer32,813121016,400.0,392700.0,6,157080000.0,2025-09-19,Friday,4,2025-09
533,customer32,855211302,2.0,2496670.0,7,4993340.0,2025-09-19,Friday,4,2025-09
533,customer32,855212424,2.0,5070340.0,8,10140680.0,2025-09-19,Friday,4,2025-09
533,customer32,855211324,2.0,3835920.0,9,7671840.0,2025-09-19,Friday,4,2025-09
534,customer58,855341801,150.0,2118050.0,1,317707500.0,2025-09-19,Friday,4,2025-09
534,customer58,855341309,95.0,547470.0,2,52009650.0,2025-09-19,Friday,4,2025-09
534,customer58,855121102,100.0,611050.0,3,61105000.0,2025-09-19,Friday,4,2025-09
534,customer58,807211125,400.0,16170.0,4,6468000.0,2025-09-19,Friday,4,2025-09
534,customer58,855321501,1700.0,61270.0,5,104159000.0,2025-09-19,Friday,4,2025-09
534,customer58,855321305,450.0,68860.0,6,30987000.0,2025-09-19,Friday,4,2025-09
534,customer58,819141032,320.0,783310.0,7,250659200.0,2025-09-19,Friday,4,2025-09
534,customer58,855311135,10.0,12625910.0,8,126259100.0,2025-09-19,Friday,4,2025-09
534,customer58,855311136,5.0,15148540.0,9,75742700.0,2025-09-19,Friday,4,2025-09
534,customer58,855311134,10.0,10191500.0,10,101915000.0,2025-09-19,Friday,4,2025-09
534,customer58,855121404,20.0,2329030.0,11,46580600.0,2025-09-19,Friday,4,2025-09
534,customer58,855121232,14.0,1092740.0,12,15298360.0,2025-09-19,Friday,4,2025-09
534,customer58,855211424,32.0,3882230.0,13,124231360.0,2025-09-19,Friday,4,2025-09
534,customer58,861645201,65.0,1732060.0,14,112583900.0,2025-09-19,Friday,4,2025-09
534,customer58,855181302,20.0,3049090.0,15,60981800.0,2025-09-19,Friday,4,2025-09
534,customer58,855162402,40.0,1422080.0,16,56883200.0,2025-09-19,Friday,4,2025-09
534,customer58,855121106,12.0,1898160.0,17,22777920.0,2025-09-19,Friday,4,2025-09
534,customer58,855162424,16.0,4580730.0,18,73291680.0,2025-09-19,Friday,4,2025-09
534,customer58,807311110,200.0,60500.0,19,12100000.0,2025-09-19,Friday,4,2025-09
534,customer58,641202,20.0,2640220.0,20,52804400.0,2025-09-19,Friday,4,2025-09
534,customer58,855121235,36.0,1012330.0,21,36443880.0,2025-09-19,Friday,4,2025-09
534,customer58,855162642,16.0,2023010.0,22,32368160.0,2025-09-19,Friday,4,2025-09
534,customer58,855321209,250.0,43010.0,23,10752500.0,2025-09-19,Friday,4,2025-09
534,customer58,855321205,300.0,34430.0,24,10329000.0,2025-09-19,Friday,4,2025-09
534,customer58,323095,5.0,22415976.0,25,112079880.0,2025-09-19,Friday,4,2025-09
535,customer13,879516127,20.0,6337320.0,1,126746400.0,2025-09-19,Friday,4,2025-09
535,customer13,855321601,108.0,75900.0,2,8197200.0,2025-09-19,Friday,4,2025-09
535,customer13,855321605,120.0,75570.0,3,9068400.0,2025-09-19,Friday,4,2025-09
535,customer13,855311135,5.0,12625910.0,4,63129550.0,2025-09-19,Friday,4,2025-09
536,customer31,861645201,20.0,1732060.0,1,34641200.0,2025-09-09,Tuesday,1,2025-09
536,customer31,807211109,600.0,11660.0,2,6996000.0,2025-09-09,Tuesday,1,2025-09
536,customer31,807211113,350.0,20350.0,3,7122500.0,2025-09-09,Tuesday,1,2025-09
536,customer31,855341317,80.0,864820.0,4,69185600.0,2025-09-09,Tuesday,1,2025-09
536,customer31,855321605,240.0,75570.0,5,18136800.0,2025-09-09,Tuesday,1,2025-09
536,customer31,855341301,360.0,463210.0,6,166755600.0,2025-09-09,Tuesday,1,2025-09
536,customer31,819141020,1120.0,269830.0,7,302209600.0,2025-09-09,Tuesday,1,2025-09
536,customer31,819141025,400.0,423940.0,8,169576000.0,2025-09-09,Tuesday,1,2025-09
536,customer31,855341401,30.0,1061280.0,9,31838400.0,2025-09-09,Tuesday,1,2025-09
536,customer31,861645155,35.0,2684990.0,10,93974650.0,2025-09-09,Tuesday,1,2025-09
536,customer31,855321301,1000.0,43780.0,11,43780000.0,2025-09-09,Tuesday,1,2025-09
536,customer31,819141032,80.0,783310.0,12,62664800.0,2025-09-09,Tuesday,1,2025-09
536,customer31,855321101,720.0,32890.0,13,23680800.0,2025-09-09,Tuesday,1,2025-09
536,customer31,855321305,150.0,68860.0,14,10329000.0,2025-09-09,Tuesday,1,2025-09
536,customer31,855321501,340.0,61270.0,15,20831800.0,2025-09-09,Tuesday,1,2025-09
536,customer31,807211125,400.0,16170.0,16,6468000.0,2025-09-09,Tuesday,1,2025-09
536,customer31,855341201,160.0,727980.0,17,116476800.0,2025-09-09,Tuesday,1,2025-09
536,customer31,855341121,10.0,913220.0,18,9132200.0,2025-09-09,Tuesday,1,2025-09
536,customer31,861645151,55.0,1789810.0,19,98439550.0,2025-09-09,Tuesday,1,2025-09
536,customer31,855321741,80.0,196350.0,20,15708000.0,2025-09-09,Tuesday,1,2025-09
536,customer31,855341805,10.0,2996620.0,21,29966200.0,2025-09-09,Tuesday,1,2025-09
536,customer31,855341701,120.0,488290.0,22,58594800.0,2025-09-09,Tuesday,1,2025-09
536,customer31,855341801,40.0,2118050.0,23,84722000.0,2025-09-09,Tuesday,1,2025-09
536,customer31,819121025,300.0,504460.0,24,151338000.0,2025-09-09,Tuesday,1,2025-09
536,customer31,819121020,420.0,323620.0,25,135920400.0,2025-09-09,Tuesday,1,2025-09
536,customer31,819121032,80.0,983840.0,26,78707200.0,2025-09-09,Tuesday,1,2025-09
536,customer31,855321371,180.0,67210.0,27,12097800.0,2025-09-09,Tuesday,1,2025-09
536,customer31,855341221,15.0,1505020.0,28,22575300.0,2025-09-09,Tuesday,1,2025-09
536,customer31,807261401,750.0,32340.0,29,24255000.0,2025-09-09,Tuesday,1,2025-09
537,customer31,813121016,1000.0,392700.0,1,392700000.0,2025-09-09,Tuesday,1,2025-09
537,customer31,813121020,450.0,693000.0,2,311850000.0,2025-09-09,Tuesday,1,2025-09
537,customer31,813121025,300.0,1171940.0,3,351582000.0,2025-09-09,Tuesday,1,2025-09
537,customer31,92632,120.0,1811040.0,4,217324800.0,2025-09-09,Tuesday,1,2025-09
537,customer31,855121244,12.0,1879020.0,5,22548240.0,2025-09-09,Tuesday,1,2025-09
537,customer31,855121242,12.0,2267100.0,6,27205200.0,2025-09-09,Tuesday,1,2025-09
537,customer31,855212402,96.0,1877370.0,7,180227520.0,2025-09-09,Tuesday,1,2025-09
537,customer31,855211424,16.0,3882230.0,8,62115680.0,2025-09-09,Tuesday,1,2025-09
537,customer31,855211436,12.0,6930440.0,9,83165280.0,2025-09-09,Tuesday,1,2025-09
537,customer31,855121232,30.0,1092740.0,10,32782200.0,2025-09-09,Tuesday,1,2025-09
537,customer31,323045,3.0,12782319.0,11,38346957.0,2025-09-09,Tuesday,1,2025-09
537,customer31,861641102,96.0,1876600.0,12,180153600.0,2025-09-09,Tuesday,1,2025-09
537,customer31,855121404,10.0,2329030.0,13,23290300.0,2025-09-09,Tuesday,1,2025-09
537,customer31,855141304,10.0,3446410.0,14,34464100.0,2025-09-09,Tuesday,1,2025-09
537,customer31,855121102,75.0,611050.0,15,45828750.0,2025-09-09,Tuesday,1,2025-09
537,customer31,855121936,10.0,2737130.0,16,27371300.0,2025-09-09,Tuesday,1,2025-09
537,customer31,855181502,12.0,3514390.0,17,42172680.0,2025-09-09,Tuesday,1,2025-09
537,customer31,855211112,32.0,1765610.0,18,56499520.0,2025-09-09,Tuesday,1,2025-09
537,customer31,855213402,10.0,3125430.0,19,31254300.0,2025-09-09,Tuesday,1,2025-09
537,customer31,855211412,12.0,3256770.0,20,39081240.0,2025-09-09,Tuesday,1,2025-09
537,customer31,855212410,40.0,3208260.0,21,128330400.0,2025-09-09,Tuesday,1,2025-09
537,customer31,855311133,5.0,11701250.0,22,58506250.0,2025-09-09,Tuesday,1,2025-09
537,customer31,855213410,40.0,4325750.0,23,173030000.0,2025-09-09,Tuesday,1,2025-09
537,customer31,855181104,20.0,3175370.0,24,63507400.0,2025-09-09,Tuesday,1,2025-09
537,customer31,855311237,4.0,25041720.0,25,100166880.0,2025-09-09,Tuesday,1,2025-09
537,customer31,855211122,20.0,2885960.0,26,57719200.0,2025-09-09,Tuesday,1,2025-09
537,customer31,163642,32.0,3098920.0,27,99165440.0,2025-09-09,Tuesday,1,2025-09
537,customer31,855211210,30.0,1662650.0,28,49879500.0,2025-09-09,Tuesday,1,2025-09
537,customer31,855212650,24.0,4314750.0,29,103554000.0,2025-09-09,Tuesday,1,2025-09
537,customer31,855181102,16.0,2251700.0,30,36027200.0,2025-09-09,Tuesday,1,2025-09
537,customer31,855181508,12.0,11349580.0,31,136194960.0,2025-09-09,Tuesday,1,2025-09
537,customer31,855311236,4.0,21469140.0,32,85876560.0,2025-09-09,Tuesday,1,2025-09
537,customer31,855181504,12.0,5017980.0,33,60215760.0,2025-09-09,Tuesday,1,2025-09
537,customer31,323075,4.0,17599692.0,34,70398768.0,2025-09-09,Tuesday,1,2025-09
537,customer31,855181106,32.0,4718340.0,35,150986880.0,2025-09-09,Tuesday,1,2025-09
537,customer31,855181556,12.0,5354250.0,36,64251000.0,2025-09-09,Tuesday,1,2025-09
537,customer31,855181308,15.0,8638740.0,37,129581100.0,2025-09-09,Tuesday,1,2025-09
537,customer31,855213602,10.0,4065490.0,38,40654900.0,2025-09-09,Tuesday,1,2025-09
537,customer31,181126,24.0,3729550.0,39,89509200.0,2025-09-09,Tuesday,1,2025-09
537,customer31,855181580,20.0,9708930.0,40,194178600.0,2025-09-09,Tuesday,1,2025-09
537,customer31,855121402,15.0,1420870.0,41,21313050.0,2025-09-09,Tuesday,1,2025-09
537,customer31,855121502,10.0,2015750.0,42,20157500.0,2025-09-09,Tuesday,1,2025-09
538,customer56,323095,4.0,22415976.0,1,89663904.0,2025-09-19,Friday,4,2025-09
538,customer56,323045,2.0,12782319.0,2,25564638.0,2025-09-19,Friday,4,2025-09
539,customer63,641522,1.0,3521980.0,1,3521980.0,2025-09-19,Friday,4,2025-09
539,customer63,417,3.0,1000000.0,2,3000000.0,2025-09-19,Friday,4,2025-09
539,customer63,516,1.0,2300000.0,3,2300000.0,2025-09-19,Friday,4,2025-09
539,customer63,611,1.0,600000.0,4,600000.0,2025-09-19,Friday,4,2025-09
539,customer63,1080,1.0,17000000.0,5,17000000.0,2025-09-19,Friday,4,2025-09
539,customer63,879148,10.0,500000.0,6,5000000.0,2025-09-19,Friday,4,2025-09
539,customer63,879516044,2.0,3500000.0,7,7000000.0,2025-09-19,Friday,4,2025-09
539,customer63,879516054,4.0,1900000.0,8,7600000.0,2025-09-19,Friday,4,2025-09
539,customer63,879516055,4.0,1900000.0,9,7600000.0,2025-09-19,Friday,4,2025-09
539,customer63,879516056,4.0,1800000.0,10,7200000.0,2025-09-19,Friday,4,2025-09
539,customer63,879516173,1.0,18480000.0,11,18480000.0,2025-09-19,Friday,4,2025-09
540,customer16,879516127,40.0,6337320.0,1,253492800.0,2025-09-20,Saturday,5,2025-09
540,customer16,855121224,20.0,2005520.0,2,40110400.0,2025-09-20,Saturday,5,2025-09
541,customer49,1177,1.0,35000000.0,1,35000000.0,2025-09-20,Saturday,5,2025-09
541,customer49,770,1.0,38994000.0,2,38994000.0,2025-09-20,Saturday,5,2025-09
541,customer49,623,1.0,40200000.0,3,40200000.0,2025-09-20,Saturday,5,2025-09
541,customer49,99,1.0,32469000.0,4,32469000.0,2025-09-20,Saturday,5,2025-09
541,customer49,100,1.0,57516000.0,5,57516000.0,2025-09-20,Saturday,5,2025-09
541,customer49,879516044,1.0,3500000.0,6,3500000.0,2025-09-20,Saturday,5,2025-09
542,customer12,879475531,75.0,2980000.0,1,223500000.0,2025-09-20,Saturday,5,2025-09
542,customer12,807211133,1600.0,2900.0,2,4640000.0,2025-09-20,Saturday,5,2025-09
543,customer1,807211113,40.0,20350.0,1,814000.0,2025-09-21,Sunday,6,2025-09
543,customer1,855321409,20.0,108790.0,2,2175800.0,2025-09-21,Sunday,6,2025-09
543,customer1,819141032,100.0,783310.0,3,78331000.0,2025-09-21,Sunday,6,2025-09
543,customer1,855341345,6.0,950950.0,4,5705700.0,2025-09-21,Sunday,6,2025-09
543,customer1,855341221,4.0,1505020.0,5,6020080.0,2025-09-21,Sunday,6,2025-09
544,customer115,861641624,2.0,3520000.0,1,7040000.0,2025-09-21,Sunday,6,2025-09
544,customer115,641524,2.0,4600000.0,2,9200000.0,2025-09-21,Sunday,6,2025-09
544,customer115,879066,1.0,46000000.0,3,46000000.0,2025-09-21,Sunday,6,2025-09
544,customer115,879044,1.0,9500000.0,4,9500000.0,2025-09-21,Sunday,6,2025-09
544,customer115,879001,1.0,9500000.0,5,9500000.0,2025-09-21,Sunday,6,2025-09
544,customer115,1409,1.0,190000000.0,6,190000000.0,2025-09-21,Sunday,6,2025-09
544,customer115,1285,1.0,335000000.0,7,335000000.0,2025-09-21,Sunday,6,2025-09
544,customer115,879162,2.0,3500000.0,8,7000000.0,2025-09-21,Sunday,6,2025-09
544,customer115,879161,2.0,3200000.0,9,6400000.0,2025-09-21,Sunday,6,2025-09
544,customer115,879181,8.0,56000000.0,10,448000000.0,2025-09-21,Sunday,6,2025-09
544,customer115,879516118,1.0,11500000.0,11,11500000.0,2025-09-21,Sunday,6,2025-09
544,customer115,879516127,8.0,6350000.0,12,50800000.0,2025-09-21,Sunday,6,2025-09
544,customer115,879245,1.0,3000000.0,13,3000000.0,2025-09-21,Sunday,6,2025-09
548,customer63,845,4.0,528990.0,1,2115960.0,2025-09-22,Monday,0,2025-09
548,customer63,858,5.0,392810.0,2,1964050.0,2025-09-22,Monday,0,2025-09
548,customer63,871,2.0,1263900.0,3,2527800.0,2025-09-22,Monday,0,2025-09
548,customer63,928,2.0,2346300.0,4,4692600.0,2025-09-22,Monday,0,2025-09
549,customer58,819141025,500.0,423940.0,1,211970000.0,2025-09-22,Monday,0,2025-09
549,customer58,819141020,2100.0,269830.0,2,566643000.0,2025-09-22,Monday,0,2025-09
549,customer58,813121016,1000.0,392700.0,3,392700000.0,2025-09-22,Monday,0,2025-09
549,customer58,813121020,450.0,693000.0,4,311850000.0,2025-09-22,Monday,0,2025-09
580,customer63,855321321,24.0,242000.0,1,5808000.0,2025-09-10,Wednesday,2,2025-09
580,customer63,1134,5.0,7620000.0,2,38100000.0,2025-09-10,Wednesday,2,2025-09
580,customer63,1136,5.0,4020000.0,3,20100000.0,2025-09-10,Wednesday,2,2025-09
580,customer63,1138,3.0,325000.0,4,975000.0,2025-09-10,Wednesday,2,2025-09
580,customer63,1139,1.0,366000.0,5,366000.0,2025-09-10,Wednesday,2,2025-09
580,customer63,1140,35.0,544000.0,6,19040000.0,2025-09-10,Wednesday,2,2025-09
580,customer63,1141,8.0,419000.0,7,3352000.0,2025-09-10,Wednesday,2,2025-09
580,customer63,1142,30.0,202000.0,8,6060000.0,2025-09-10,Wednesday,2,2025-09
580,customer63,1144,10.0,707000.0,9,7070000.0,2025-09-10,Wednesday,2,2025-09
580,customer63,1146,8.0,1190000.0,10,9520000.0,2025-09-10,Wednesday,2,2025-09
580,customer63,1147,2.0,863000.0,11,1726000.0,2025-09-10,Wednesday,2,2025-09
580,customer63,1148,10.0,424000.0,12,4240000.0,2025-09-10,Wednesday,2,2025-09
580,customer63,1149,10.0,659000.0,13,6590000.0,2025-09-10,Wednesday,2,2025-09
580,customer63,1150,8.0,356000.0,14,2848000.0,2025-09-10,Wednesday,2,2025-09
580,customer63,1151,3.0,1167000.0,15,3501000.0,2025-09-10,Wednesday,2,2025-09
580,customer63,1155,4.0,1030000.0,16,4120000.0,2025-09-10,Wednesday,2,2025-09
580,customer63,1156,2.0,732000.0,17,1464000.0,2025-09-10,Wednesday,2,2025-09
580,customer63,1158,8.0,842000.0,18,6736000.0,2025-09-10,Wednesday,2,2025-09
580,customer63,1159,8.0,1119000.0,19,8952000.0,2025-09-10,Wednesday,2,2025-09
580,customer63,1249,3.0,455000.0,20,1365000.0,2025-09-10,Wednesday,2,2025-09
580,customer63,1264,8.0,13570000.0,21,108560000.0,2025-09-10,Wednesday,2,2025-09
580,customer63,1265,2.0,10300000.0,22,20600000.0,2025-09-10,Wednesday,2,2025-09
580,customer63,1266,5.0,7290000.0,23,36450000.0,2025-09-10,Wednesday,2,2025-09
580,customer63,1267,14.0,380000.0,24,5320000.0,2025-09-10,Wednesday,2,2025-09
580,customer63,1271,3.0,141000.0,25,423000.0,2025-09-10,Wednesday,2,2025-09
580,customer63,1464,1.0,1140000.0,26,1140000.0,2025-09-10,Wednesday,2,2025-09
580,customer63,879104,4.0,764000.0,27,3056000.0,2025-09-10,Wednesday,2,2025-09
644,customer1,819141025,40.0,557700.0,1,22308000.0,2025-07-19,Saturday,5,2025-07
645,customer1,807211113,40.0,24420.0,1,976800.0,2025-09-20,Saturday,5,2025-09
645,customer1,855321409,20.0,131450.0,2,2629000.0,2025-09-20,Saturday,5,2025-09
645,customer1,855341345,6.0,1208900.0,3,7253400.0,2025-09-20,Saturday,5,2025-09
645,customer1,855341221,4.0,1922580.0,4,7690320.0,2025-09-20,Saturday,5,2025-09
645,customer1,819161032,100.0,938190.0,5,93819000.0,2025-09-20,Saturday,5,2025-09
659,customer35,819121032,4.0,1150600.0,1,4602400.0,2025-07-19,Saturday,5,2025-07
670,customer116,164,1.0,6900000.0,1,6900000.0,2025-08-10,Sunday,6,2025-08
