invoice_id,customer_code,product_code,quantity,unit_price,invoice_date,row_id,revenue,date,weekday,weekday_num,year_month
3,customer1,879200,10.0,950000,10/01/1404,1,9500000,2025-03-30,Sunday,6,2025-03
3,customer1,879193,8.0,1400000,10/01/1404,2,11200000,2025-03-30,Sunday,6,2025-03
3,customer1,879516052,5.0,450000,10/01/1404,3,2250000,2025-03-30,Sunday,6,2025-03
5,customer3,115,4.0,70000,12/01/1404,1,280000,2025-04-01,Tuesday,1,2025-04
5,customer3,855341113,1.0,617000,12/01/1404,2,617000,2025-04-01,Tuesday,1,2025-04
5,customer3,855341805,1.0,2750000,12/01/1404,3,2750000,2025-04-01,Tuesday,1,2025-04
5,customer3,160,2.0,48000000,12/01/1404,4,96000000,2025-04-01,Tuesday,1,2025-04
5,customer3,118,12.0,60000,12/01/1404,5,720000,2025-04-01,Tuesday,1,2025-04
5,customer3,855321201,2.0,32000,12/01/1404,6,64000,2025-04-01,Tuesday,1,2025-04
5,customer3,855121104,2.0,1250000,12/01/1404,7,2500000,2025-04-01,Tuesday,1,2025-04
5,customer3,256,4.0,250000,12/01/1404,8,1000000,2025-04-01,Tuesday,1,2025-04
5,customer3,855321105,5.0,40000,12/01/1404,9,200000,2025-04-01,Tuesday,1,2025-04
5,customer3,855121404,2.0,2500000,12/01/1404,10,5000000,2025-04-01,Tuesday,1,2025-04
5,customer3,641522,2.0,3500000,12/01/1404,11,7000000,2025-04-01,Tuesday,1,2025-04
5,customer3,470,4.0,3300000,12/01/1404,12,13200000,2025-04-01,Tuesday,1,2025-04
5,customer3,611,2.0,500000,12/01/1404,13,1000000,2025-04-01,Tuesday,1,2025-04
5,customer3,646,1.0,2700000,12/01/1404,14,2700000,2025-04-01,Tuesday,1,2025-04
5,customer3,647,4.0,2200000,12/01/1404,15,8800000,2025-04-01,Tuesday,1,2025-04
5,customer3,855121162,4.0,1100000,12/01/1404,16,4400000,2025-04-01,Tuesday,1,2025-04
5,customer3,641642,2.0,3600000,12/01/1404,17,7200000,2025-04-01,Tuesday,1,2025-04
5,customer3,1233,2.0,450000,12/01/1404,18,900000,2025-04-01,Tuesday,1,2025-04
5,customer3,855121235,2.0,1050000,12/01/1404,19,2100000,2025-04-01,Tuesday,1,2025-04
5,customer3,855121402,4.0,1500000,12/01/1404,20,6000000,2025-04-01,Tuesday,1,2025-04
5,customer3,819161025,32.0,411730,12/01/1404,21,13175360,2025-04-01,Tuesday,1,2025-04
5,customer3,879163,3.0,3400000,12/01/1404,22,10200000,2025-04-01,Tuesday,1,2025-04
5,customer3,879164,4.0,2600000,12/01/1404,23,10400000,2025-04-01,Tuesday,1,2025-04
5,customer3,879177,2.0,6000000,12/01/1404,24,12000000,2025-04-01,Tuesday,1,2025-04
5,customer3,879001,2.0,6000000,12/01/1404,25,12000000,2025-04-01,Tuesday,1,2025-04
5,customer3,879516116,1.5,1400000,12/01/1404,26,2100000,2025-04-01,Tuesday,1,2025-04
6,customer4,879516186,1.0,447000000,18/01/1404,1,447000000,2025-04-07,Monday,0,2025-04
6,customer4,149,1.0,45000000,18/01/1404,2,45000000,2025-04-07,Monday,0,2025-04
7,customer5,819141020,16.0,291720,18/01/1404,1,4667520,2025-04-07,Monday,0,2025-04
7,customer5,855321101,10.0,33330,18/01/1404,2,333300,2025-04-07,Monday,0,2025-04
7,customer5,855321301,10.0,43890,18/01/1404,3,438900,2025-04-07,Monday,0,2025-04
7,customer5,341901,1.0,654000,18/01/1404,4,654000,2025-04-07,Monday,0,2025-04
7,customer5,1199,10.0,50000,18/01/1404,5,500000,2025-04-07,Monday,0,2025-04
8,customer5,819141020,20.0,291720,16/01/1404,1,5834400,2025-04-05,Saturday,5,2025-04
9,customer6,855141504,1.0,2587420,18/01/1404,1,2587420,2025-04-07,Monday,0,2025-04
9,customer6,807261401,29.0,22330,18/01/1404,2,647570,2025-04-07,Monday,0,2025-04
9,customer6,641412,1.0,5570400,18/01/1404,3,5570400,2025-04-07,Monday,0,2025-04
9,customer6,747,3.0,950000,18/01/1404,4,2850000,2025-04-07,Monday,0,2025-04
9,customer6,516,1.0,1500000,18/01/1404,5,1500000,2025-04-07,Monday,0,2025-04
9,customer6,855162642,2.0,1860320,18/01/1404,6,3720640,2025-04-07,Monday,0,2025-04
9,customer6,855161302,6.0,1813570,18/01/1404,7,10881420,2025-04-07,Monday,0,2025-04
9,customer6,855161102,2.0,1139050,18/01/1404,8,2278100,2025-04-07,Monday,0,2025-04
9,customer6,371016,212.0,24310,18/01/1404,9,5153720,2025-04-07,Monday,0,2025-04
9,customer6,371020,28.0,30800,18/01/1404,10,862400,2025-04-07,Monday,0,2025-04
9,customer6,855311138,2.0,18185860,18/01/1404,11,36371720,2025-04-07,Monday,0,2025-04
9,customer6,641642,1.0,3277890,18/01/1404,12,3277890,2025-04-07,Monday,0,2025-04
9,customer6,641436,2.0,10216690,18/01/1404,13,20433380,2025-04-07,Monday,0,2025-04
9,customer6,855121142,2.0,960190,18/01/1404,14,1920380,2025-04-07,Monday,0,2025-04
9,customer6,323035,1.0,7851690,18/01/1404,15,7851690,2025-04-07,Monday,0,2025-04
9,customer6,855121235,3.0,886490,18/01/1404,16,2659470,2025-04-07,Monday,0,2025-04
9,customer6,855121432,2.0,2409880,18/01/1404,17,4819760,2025-04-07,Monday,0,2025-04
9,customer6,855311134,2.0,9182360,18/01/1404,18,18364720,2025-04-07,Monday,0,2025-04
9,customer6,855121906,3.0,1159840,18/01/1404,19,3479520,2025-04-07,Monday,0,2025-04
9,customer6,417,3.0,700000,18/01/1404,20,2100000,2025-04-07,Monday,0,2025-04
9,customer6,855141104,1.0,1634930,18/01/1404,21,1634930,2025-04-07,Monday,0,2025-04
9,customer6,855162410,3.0,1789150,18/01/1404,22,5367450,2025-04-07,Monday,0,2025-04
9,customer6,92632,1.8,1404150,18/01/1404,23,2527470,2025-04-07,Monday,0,2025-04
9,customer6,807311119,8.0,259380,18/01/1404,24,2075040,2025-04-07,Monday,0,2025-04
9,customer6,807311125,1.0,320100,18/01/1404,25,320100,2025-04-07,Monday,0,2025-04
9,customer6,855163402,4.0,2631200,18/01/1404,26,10524800,2025-04-07,Monday,0,2025-04
9,customer6,323065,1.0,11018700,18/01/1404,27,11018700,2025-04-07,Monday,0,2025-04
9,customer6,807311110,5.0,56760,18/01/1404,28,283800,2025-04-07,Monday,0,2025-04
9,customer6,813121020,65.5,533830,18/01/1404,29,34965865,2025-04-07,Monday,0,2025-04
9,customer6,855161710,4.0,1154230,18/01/1404,30,4616920,2025-04-07,Monday,0,2025-04
9,customer6,855162402,23.0,1307680,18/01/1404,31,30076640,2025-04-07,Monday,0,2025-04
9,customer6,855141502,3.0,1864830,18/01/1404,32,5594490,2025-04-07,Monday,0,2025-04
9,customer6,855121102,6.0,572550,18/01/1404,33,3435300,2025-04-07,Monday,0,2025-04
9,customer6,807311113,2.0,107030,18/01/1404,34,214060,2025-04-07,Monday,0,2025-04
9,customer6,813121016,309.0,301730,18/01/1404,35,93234570,2025-04-07,Monday,0,2025-04
10,customer7,807261401,300.0,24640,21/01/1404,1,7392000,2025-04-10,Thursday,3,2025-04
10,customer7,819161020,280.0,258280,21/01/1404,2,72318400,2025-04-10,Thursday,3,2025-04
10,customer7,546,100.0,52360,21/01/1404,3,5236000,2025-04-10,Thursday,3,2025-04
10,customer7,371020,100.0,41470,21/01/1404,4,4147000,2025-04-10,Thursday,3,2025-04
10,customer7,861645151,10.0,1600060,21/01/1404,5,16000600,2025-04-10,Thursday,3,2025-04
10,customer7,855341201,20.0,680020,21/01/1404,6,13600400,2025-04-10,Thursday,3,2025-04
10,customer7,855321301,250.0,43890,21/01/1404,7,10972500,2025-04-10,Thursday,3,2025-04
10,customer7,855321101,360.0,33330,21/01/1404,8,11998800,2025-04-10,Thursday,3,2025-04
10,customer7,855341101,20.0,414920,21/01/1404,9,8298400,2025-04-10,Thursday,3,2025-04
10,customer7,861645155,10.0,2375560,21/01/1404,10,23755600,2025-04-10,Thursday,3,2025-04
12,customer8,855311134,10.0,8268480,18/01/1404,1,82684800,2025-04-07,Monday,0,2025-04
12,customer8,371016,2000.0,32780,18/01/1404,2,65560000,2025-04-07,Monday,0,2025-04
12,customer8,371020,1000.0,41470,18/01/1404,3,41470000,2025-04-07,Monday,0,2025-04
13,customer9,855211326,24.0,3179440,19/01/1404,1,76306560,2025-04-08,Tuesday,1,2025-04
13,customer9,855311237,2.0,24768920,19/01/1404,2,49537840,2025-04-08,Tuesday,1,2025-04
13,customer9,855311238,4.0,28935500,19/01/1404,3,115742000,2025-04-08,Tuesday,1,2025-04
13,customer9,855311239,3.0,31838730,19/01/1404,4,95516190,2025-04-08,Tuesday,1,2025-04
13,customer9,962,36.0,547580,19/01/1404,5,19712880,2025-04-08,Tuesday,1,2025-04
13,customer9,323085,2.0,15389400,19/01/1404,6,30778800,2025-04-08,Tuesday,1,2025-04
13,customer9,855121906,40.0,1102200,19/01/1404,7,44088000,2025-04-08,Tuesday,1,2025-04
13,customer9,855121908,15.0,2337060,19/01/1404,8,35055900,2025-04-08,Tuesday,1,2025-04
13,customer9,855121242,12.0,2335320,19/01/1404,9,28023840,2025-04-08,Tuesday,1,2025-04
13,customer9,861641102,96.0,1719190,19/01/1404,10,165042240,2025-04-08,Tuesday,1,2025-04
14,customer9,1273,100.0,360000,19/01/1404,1,36000000,2025-04-08,Tuesday,1,2025-04
14,customer9,1281,12.0,342000,19/01/1404,2,4104000,2025-04-08,Tuesday,1,2025-04
14,customer9,1142,50.0,222000,19/01/1404,3,11100000,2025-04-08,Tuesday,1,2025-04
14,customer9,1140,60.0,595000,19/01/1404,4,35700000,2025-04-08,Tuesday,1,2025-04
14,customer9,1148,25.0,463000,19/01/1404,5,11575000,2025-04-08,Tuesday,1,2025-04
14,customer9,1146,40.0,1290000,19/01/1404,6,51600000,2025-04-08,Tuesday,1,2025-04
14,customer9,1144,48.0,770000,19/01/1404,7,36960000,2025-04-08,Tuesday,1,2025-04
14,customer9,1145,20.0,264000,19/01/1404,8,5280000,2025-04-08,Tuesday,1,2025-04
14,customer9,1155,12.0,1120000,19/01/1404,9,13440000,2025-04-08,Tuesday,1,2025-04
14,customer9,1151,14.0,1275000,19/01/1404,10,17850000,2025-04-08,Tuesday,1,2025-04
14,customer9,1150,20.0,393000,19/01/1404,11,7860000,2025-04-08,Tuesday,1,2025-04
14,customer9,1271,50.0,152000,19/01/1404,12,7600000,2025-04-08,Tuesday,1,2025-04
14,customer9,1158,20.0,920000,19/01/1404,13,18400000,2025-04-08,Tuesday,1,2025-04
15,customer10,879516158,1.0,53500000,21/01/1404,1,53500000,2025-04-10,Thursday,3,2025-04
15,customer10,879516167,1.0,18000000,21/01/1404,2,18000000,2025-04-10,Thursday,3,2025-04
15,customer10,879516159,1.0,31000000,21/01/1404,3,31000000,2025-04-10,Thursday,3,2025-04
15,customer10,879516160,1.0,18636000,21/01/1404,4,18636000,2025-04-10,Thursday,3,2025-04
15,customer10,417,3.0,1000000,21/01/1404,5,3000000,2025-04-10,Thursday,3,2025-04
15,customer10,516,1.0,1500000,21/01/1404,6,1500000,2025-04-10,Thursday,3,2025-04
15,customer10,747,3.0,950000,21/01/1404,7,2850000,2025-04-10,Thursday,3,2025-04
16,customer10,855121442,1.0,2699070,21/01/1404,1,2699070,2025-04-10,Thursday,3,2025-04
16,customer10,807261401,25.0,24640,21/01/1404,2,616000,2025-04-10,Thursday,3,2025-04
16,customer10,641412,2.0,6115230,21/01/1404,3,12230460,2025-04-10,Thursday,3,2025-04
16,customer10,807311113,6.0,113960,21/01/1404,4,683760,2025-04-10,Thursday,3,2025-04
16,customer10,855121102,4.0,587950,21/01/1404,5,2351800,2025-04-10,Thursday,3,2025-04
16,customer10,855121908,2.0,2337060,21/01/1404,6,4674120,2025-04-10,Thursday,3,2025-04
16,customer10,855121906,1.0,1102200,21/01/1404,7,1102200,2025-04-10,Thursday,3,2025-04
16,customer10,855311134,2.0,10080400,21/01/1404,8,20160800,2025-04-10,Thursday,3,2025-04
16,customer10,807311110,5.0,60500,21/01/1404,9,302500,2025-04-10,Thursday,3,2025-04
16,customer10,323065,1.0,12841700,21/01/1404,10,12841700,2025-04-10,Thursday,3,2025-04
16,customer10,807311125,1.0,340890,21/01/1404,11,340890,2025-04-10,Thursday,3,2025-04
16,customer10,855162410,2.0,1782330,21/01/1404,12,3564660,2025-04-10,Thursday,3,2025-04
16,customer10,807311119,8.0,276210,21/01/1404,13,2209680,2025-04-10,Thursday,3,2025-04
16,customer10,855161710,1.0,1369500,21/01/1404,14,1369500,2025-04-10,Thursday,3,2025-04
16,customer10,855162436,2.0,6397710,21/01/1404,15,12795420,2025-04-10,Thursday,3,2025-04
16,customer10,641642,1.0,3598540,21/01/1404,16,3598540,2025-04-10,Thursday,3,2025-04
16,customer10,855121142,2.0,1139270,21/01/1404,17,2278540,2025-04-10,Thursday,3,2025-04
16,customer10,641436,2.0,11215930,21/01/1404,18,22431860,2025-04-10,Thursday,3,2025-04
16,customer10,323035,1.0,9238800,21/01/1404,19,9238800,2025-04-10,Thursday,3,2025-04
16,customer10,855121235,4.0,1051710,21/01/1404,20,4206840,2025-04-10,Thursday,3,2025-04
16,customer10,855162642,2.0,1853280,21/01/1404,21,3706560,2025-04-10,Thursday,3,2025-04
16,customer10,547,20.0,67650,21/01/1404,22,1353000,2025-04-10,Thursday,3,2025-04
16,customer10,371016,300.0,32780,21/01/1404,23,9834000,2025-04-10,Thursday,3,2025-04
16,customer10,371020,30.0,41470,21/01/1404,24,1244100,2025-04-10,Thursday,3,2025-04
16,customer10,855311238,2.0,28935500,21/01/1404,25,57871000,2025-04-10,Thursday,3,2025-04
17,customer11,1140,60.0,595000,21/01/1404,1,35700000,2025-04-10,Thursday,3,2025-04
17,customer11,1142,50.0,222000,21/01/1404,2,11100000,2025-04-10,Thursday,3,2025-04
17,customer11,1141,30.0,452000,21/01/1404,3,13560000,2025-04-10,Thursday,3,2025-04
17,customer11,1135,15.0,5670000,21/01/1404,4,85050000,2025-04-10,Thursday,3,2025-04
17,customer11,1134,20.0,8190000,21/01/1404,5,163800000,2025-04-10,Thursday,3,2025-04
17,customer11,1136,20.0,4320000,21/01/1404,6,86400000,2025-04-10,Thursday,3,2025-04
17,customer11,1155,10.0,1120000,21/01/1404,7,11200000,2025-04-10,Thursday,3,2025-04
17,customer11,1147,20.0,934000,21/01/1404,8,18680000,2025-04-10,Thursday,3,2025-04
17,customer11,1148,25.0,463000,21/01/1404,9,11575000,2025-04-10,Thursday,3,2025-04
17,customer11,1146,20.0,1290000,21/01/1404,10,25800000,2025-04-10,Thursday,3,2025-04
17,customer11,1145,40.0,264000,21/01/1404,11,10560000,2025-04-10,Thursday,3,2025-04
17,customer11,1143,20.0,545000,21/01/1404,12,10900000,2025-04-10,Thursday,3,2025-04
17,customer11,1144,30.0,770000,21/01/1404,13,23100000,2025-04-10,Thursday,3,2025-04
17,customer11,1267,15.0,413000,21/01/1404,14,6195000,2025-04-10,Thursday,3,2025-04
17,customer11,1198,15.0,730000,21/01/1404,15,10950000,2025-04-10,Thursday,3,2025-04
18,customer11,855321761,20.0,82280,21/01/1404,1,1645600,2025-04-10,Thursday,3,2025-04
18,customer11,855341301,120.0,436370,21/01/1404,2,52364400,2025-04-10,Thursday,3,2025-04
18,customer11,855341401,10.0,992970,21/01/1404,3,9929700,2025-04-10,Thursday,3,2025-04
18,customer11,861645155,10.0,2375560,21/01/1404,4,23755600,2025-04-10,Thursday,3,2025-04
18,customer11,855321501,170.0,61710,21/01/1404,5,10490700,2025-04-10,Thursday,3,2025-04
18,customer11,855341101,15.0,414920,21/01/1404,6,6223800,2025-04-10,Thursday,3,2025-04
18,customer11,855321301,250.0,43890,21/01/1404,7,10972500,2025-04-10,Thursday,3,2025-04
18,customer11,855341201,10.0,680020,21/01/1404,8,6800200,2025-04-10,Thursday,3,2025-04
18,customer11,855321201,50.0,31900,21/01/1404,9,1595000,2025-04-10,Thursday,3,2025-04
18,customer11,861645151,10.0,1600060,21/01/1404,10,16000600,2025-04-10,Thursday,3,2025-04
18,customer11,855341701,10.0,481140,21/01/1404,11,4811400,2025-04-10,Thursday,3,2025-04
18,customer11,962,36.0,547580,21/01/1404,12,19712880,2025-04-10,Thursday,3,2025-04
18,customer11,819161020,280.0,258280,21/01/1404,13,72318400,2025-04-10,Thursday,3,2025-04
18,customer11,819161025,100.0,411730,21/01/1404,14,41173000,2025-04-10,Thursday,3,2025-04
19,customer12,641412,3.0,6115230,23/01/1404,1,18345690,2025-04-12,Saturday,5,2025-04
19,customer12,641436,4.0,11215930,23/01/1404,2,44863720,2025-04-12,Saturday,5,2025-04
19,customer12,855141534,2.0,2576310,23/01/1404,3,5152620,2025-04-12,Saturday,5,2025-04
19,customer12,855161702,3.0,1134650,23/01/1404,4,3403950,2025-04-12,Saturday,5,2025-04
19,customer12,813121016,100.0,339240,23/01/1404,5,33924000,2025-04-12,Saturday,5,2025-04
19,customer12,855121906,2.0,1102200,23/01/1404,6,2204400,2025-04-12,Saturday,5,2025-04
21,customer13,879516185,1.0,88550000,23/01/1404,1,88550000,2025-04-12,Saturday,5,2025-04
21,customer13,879516179,1.0,95380000,23/01/1404,2,95380000,2025-04-12,Saturday,5,2025-04
21,customer13,879516170,2.0,19520000,23/01/1404,3,39040000,2025-04-12,Saturday,5,2025-04
21,customer13,879516171,2.0,18770000,23/01/1404,4,37540000,2025-04-12,Saturday,5,2025-04
21,customer13,879516172,2.0,25280000,23/01/1404,5,50560000,2025-04-12,Saturday,5,2025-04
21,customer13,879516173,2.0,18480000,23/01/1404,6,36960000,2025-04-12,Saturday,5,2025-04
21,customer13,879516061,1.0,74830000,23/01/1404,7,74830000,2025-04-12,Saturday,5,2025-04
21,customer13,879516062,1.0,74830000,23/01/1404,8,74830000,2025-04-12,Saturday,5,2025-04
21,customer13,879516063,1.0,70280000,23/01/1404,9,70280000,2025-04-12,Saturday,5,2025-04
21,customer13,879516197,1.0,74450000,23/01/1404,10,74450000,2025-04-12,Saturday,5,2025-04
22,customer13,879516127,10.0,6268350,23/01/1404,1,62683500,2025-04-12,Saturday,5,2025-04
22,customer13,962,36.0,547580,23/01/1404,2,19712880,2025-04-12,Saturday,5,2025-04
23,customer14,879157,10.0,250000,23/01/1404,1,2500000,2025-04-12,Saturday,5,2025-04
23,customer14,1422,3.0,16600000,23/01/1404,2,49800000,2025-04-12,Saturday,5,2025-04
23,customer14,400,60.0,310000,23/01/1404,3,18600000,2025-04-12,Saturday,5,2025-04
23,customer14,323095,2.0,19044700,23/01/1404,4,38089400,2025-04-12,Saturday,5,2025-04
23,customer14,1264,4.0,12770000,23/01/1404,5,51080000,2025-04-12,Saturday,5,2025-04
23,customer14,1266,4.0,6760000,23/01/1404,6,27040000,2025-04-12,Saturday,5,2025-04
24,customer15,546,20.0,52360,23/01/1404,1,1047200,2025-04-12,Saturday,5,2025-04
24,customer15,547,90.0,67650,23/01/1404,2,6088500,2025-04-12,Saturday,5,2025-04
25,customer7,1144,60.0,770000,23/01/1404,1,46200000,2025-04-12,Saturday,5,2025-04
25,customer7,1143,100.0,545000,23/01/1404,2,54500000,2025-04-12,Saturday,5,2025-04
25,customer7,1136,20.0,4320000,23/01/1404,3,86400000,2025-04-12,Saturday,5,2025-04
25,customer7,1134,10.0,8190000,23/01/1404,4,81900000,2025-04-12,Saturday,5,2025-04
25,customer7,1135,10.0,5670000,23/01/1404,5,56700000,2025-04-12,Saturday,5,2025-04
25,customer7,1140,60.0,595000,23/01/1404,6,35700000,2025-04-12,Saturday,5,2025-04
26,customer16,962,144.0,547580,23/01/1404,1,78851520,2025-04-12,Saturday,5,2025-04
27,customer17,676,1.0,3500000,24/01/1404,1,3500000,2025-04-13,Sunday,6,2025-04
27,customer17,879516117,1.0,35000000,24/01/1404,2,35000000,2025-04-13,Sunday,6,2025-04
28,customer9,905,20.0,654170,24/01/1404,1,13083400,2025-04-13,Sunday,6,2025-04
28,customer9,962,36.0,547580,24/01/1404,2,19712880,2025-04-13,Sunday,6,2025-04
28,customer9,1140,120.0,595000,24/01/1404,3,71400000,2025-04-13,Sunday,6,2025-04
28,customer9,1144,60.0,770000,24/01/1404,4,46200000,2025-04-13,Sunday,6,2025-04
28,customer9,1266,13.0,8110000,24/01/1404,5,105430000,2025-04-13,Sunday,6,2025-04
28,customer9,1271,70.0,152000,24/01/1404,6,10640000,2025-04-13,Sunday,6,2025-04
28,customer9,1264,25.0,15100000,24/01/1404,7,377500000,2025-04-13,Sunday,6,2025-04
29,customer18,855121235,3.0,1051710,25/01/1404,1,3155130,2025-04-14,Monday,0,2025-04
29,customer18,641312,1.0,5886980,25/01/1404,2,5886980,2025-04-14,Monday,0,2025-04
29,customer18,855211336,2.0,7241630,25/01/1404,3,14483260,2025-04-14,Monday,0,2025-04
29,customer18,547,10.0,67650,25/01/1404,4,676500,2025-04-14,Monday,0,2025-04
29,customer18,855311238,2.0,28935500,25/01/1404,5,57871000,2025-04-14,Monday,0,2025-04
29,customer18,92632,10.0,1567720,25/01/1404,6,15677200,2025-04-14,Monday,0,2025-04
29,customer18,855121244,2.0,1952170,25/01/1404,7,3904340,2025-04-14,Monday,0,2025-04
30,customer18,879157,6.0,250000,25/01/1404,1,1500000,2025-04-14,Monday,0,2025-04
30,customer18,747,1.0,950000,25/01/1404,2,950000,2025-04-14,Monday,0,2025-04
31,customer19,855321309,4.0,115830,24/01/1404,1,463320,2025-04-13,Sunday,6,2025-04
31,customer19,855311134,2.0,10080400,24/01/1404,2,20160800,2025-04-13,Sunday,6,2025-04
31,customer19,807261409,2.0,72160,24/01/1404,3,144320,2025-04-13,Sunday,6,2025-04
31,customer19,855211336,4.0,7241630,24/01/1404,4,28966520,2025-04-13,Sunday,6,2025-04
31,customer19,819121032,4.0,1078660,24/01/1404,5,4314640,2025-04-13,Sunday,6,2025-04
31,customer19,323035,1.0,9238800,24/01/1404,6,9238800,2025-04-13,Sunday,6,2025-04
32,customer19,516,1.0,1500000,25/01/1404,1,1500000,2025-04-14,Monday,0,2025-04
34,customer18,879516116,1.0,1500000,25/01/1404,1,1500000,2025-04-14,Monday,0,2025-04
34,customer18,879245,1.0,2400000,25/01/1404,2,2400000,2025-04-14,Monday,0,2025-04
34,customer18,879516017,1.0,9000000,25/01/1404,3,9000000,2025-04-14,Monday,0,2025-04
34,customer18,879162,2.0,3200000,25/01/1404,4,6400000,2025-04-14,Monday,0,2025-04
34,customer18,879161,2.0,2500000,25/01/1404,5,5000000,2025-04-14,Monday,0,2025-04
34,customer18,879001,1.0,7000000,25/01/1404,6,7000000,2025-04-14,Monday,0,2025-04
34,customer18,1233,1.0,500000,25/01/1404,7,500000,2025-04-14,Monday,0,2025-04
34,customer18,611,1.0,600000,25/01/1404,8,600000,2025-04-14,Monday,0,2025-04
34,customer18,684,1.0,9500000,25/01/1404,9,9500000,2025-04-14,Monday,0,2025-04
34,customer18,641522,2.0,3521980,25/01/1404,10,7043960,2025-04-14,Monday,0,2025-04
34,customer18,641524,2.0,3967700,25/01/1404,11,7935400,2025-04-14,Monday,0,2025-04
36,customer20,855321701,2.0,28160,26/01/1404,1,56320,2025-04-15,Tuesday,1,2025-04
36,customer20,855321371,15.0,71390,26/01/1404,2,1070850,2025-04-15,Tuesday,1,2025-04
36,customer20,855321705,2.0,40700,26/01/1404,3,81400,2025-04-15,Tuesday,1,2025-04
36,customer20,1158,3.0,920000,26/01/1404,4,2760000,2025-04-15,Tuesday,1,2025-04
36,customer20,1265,2.0,11340000,26/01/1404,5,22680000,2025-04-15,Tuesday,1,2025-04
36,customer20,1266,3.0,8110000,26/01/1404,6,24330000,2025-04-15,Tuesday,1,2025-04
36,customer20,1264,2.5,15100000,26/01/1404,7,37750000,2025-04-15,Tuesday,1,2025-04
36,customer20,1153,1.0,365000,26/01/1404,8,365000,2025-04-15,Tuesday,1,2025-04
36,customer20,1152,7.0,148000,26/01/1404,9,1036000,2025-04-15,Tuesday,1,2025-04
36,customer20,1151,1.0,1275000,26/01/1404,10,1275000,2025-04-15,Tuesday,1,2025-04
36,customer20,1150,6.0,393000,26/01/1404,11,2358000,2025-04-15,Tuesday,1,2025-04
36,customer20,1146,2.0,1290000,26/01/1404,12,2580000,2025-04-15,Tuesday,1,2025-04
36,customer20,1145,7.0,264000,26/01/1404,13,1848000,2025-04-15,Tuesday,1,2025-04
36,customer20,819121020,40.0,338140,26/01/1404,14,13525600,2025-04-15,Tuesday,1,2025-04
36,customer20,819121025,60.0,536470,26/01/1404,15,32188200,2025-04-15,Tuesday,1,2025-04
36,customer20,962,12.0,547580,26/01/1404,16,6570960,2025-04-15,Tuesday,1,2025-04
36,customer20,1140,10.0,595000,26/01/1404,17,5950000,2025-04-15,Tuesday,1,2025-04
36,customer20,1141,10.0,452000,26/01/1404,18,4520000,2025-04-15,Tuesday,1,2025-04
36,customer20,1142,25.0,222000,26/01/1404,19,5550000,2025-04-15,Tuesday,1,2025-04
36,customer20,1138,2.0,355000,26/01/1404,20,710000,2025-04-15,Tuesday,1,2025-04
36,customer20,855321105,10.0,40700,26/01/1404,21,407000,2025-04-15,Tuesday,1,2025-04
36,customer20,855321605,10.0,80190,26/01/1404,22,801900,2025-04-15,Tuesday,1,2025-04
36,customer20,855341309,2.0,520080,26/01/1404,23,1040160,2025-04-15,Tuesday,1,2025-04
36,customer20,855321505,10.0,87340,26/01/1404,24,873400,2025-04-15,Tuesday,1,2025-04
36,customer20,855341101,3.0,414920,26/01/1404,25,1244760,2025-04-15,Tuesday,1,2025-04
36,customer20,855321101,8.0,33330,26/01/1404,26,266640,2025-04-15,Tuesday,1,2025-04
36,customer20,855321501,10.0,61710,26/01/1404,27,617100,2025-04-15,Tuesday,1,2025-04
36,customer20,855321305,15.0,69080,26/01/1404,28,1036200,2025-04-15,Tuesday,1,2025-04
36,customer20,855321301,15.0,43890,26/01/1404,29,658350,2025-04-15,Tuesday,1,2025-04
36,customer20,855645155,1.0,2375560,26/01/1404,30,2375560,2025-04-15,Tuesday,1,2025-04
36,customer20,855341401,10.0,992970,26/01/1404,31,9929700,2025-04-15,Tuesday,1,2025-04
36,customer20,855341301,4.0,436370,26/01/1404,32,1745480,2025-04-15,Tuesday,1,2025-04
36,customer20,1273,8.0,360000,26/01/1404,33,2880000,2025-04-15,Tuesday,1,2025-04
36,customer20,1391,1.0,519000,26/01/1404,34,519000,2025-04-15,Tuesday,1,2025-04
36,customer20,807261401,20.0,24640,26/01/1404,35,492800,2025-04-15,Tuesday,1,2025-04
36,customer20,879284,20.0,152000,26/01/1404,36,3040000,2025-04-15,Tuesday,1,2025-04
36,customer20,879285,7.0,280000,26/01/1404,37,1960000,2025-04-15,Tuesday,1,2025-04
38,customer21,819121020,140.0,338140,24/01/1404,1,47339600,2025-04-13,Sunday,6,2025-04
40,customer22,129,4.0,1900000,24/01/1404,1,7600000,2025-04-13,Sunday,6,2025-04
40,customer22,149,1.0,45000000,24/01/1404,2,45000000,2025-04-13,Sunday,6,2025-04
40,customer22,134,1.0,600000,24/01/1404,3,600000,2025-04-13,Sunday,6,2025-04
40,customer22,855161702,8.0,1134650,24/01/1404,4,9077200,2025-04-13,Sunday,6,2025-04
40,customer22,344,1.0,600000,24/01/1404,5,600000,2025-04-13,Sunday,6,2025-04
40,customer22,417,4.0,600000,24/01/1404,6,2400000,2025-04-13,Sunday,6,2025-04
40,customer22,855121132,8.0,1376540,24/01/1404,7,11012320,2025-04-13,Sunday,6,2025-04
40,customer22,855121235,2.0,1051710,24/01/1404,8,2103420,2025-04-13,Sunday,6,2025-04
40,customer22,855121190,10.0,1226060,24/01/1404,9,12260600,2025-04-13,Sunday,6,2025-04
40,customer22,855121186,7.0,849970,24/01/1404,10,5949790,2025-04-13,Sunday,6,2025-04
40,customer22,855121188,13.0,927410,24/01/1404,11,12056330,2025-04-13,Sunday,6,2025-04
40,customer22,855121182,6.0,631400,24/01/1404,12,3788400,2025-04-13,Sunday,6,2025-04
40,customer22,121180,5.0,476520,24/01/1404,13,2382600,2025-04-13,Sunday,6,2025-04
40,customer22,516,1.0,1200000,24/01/1404,14,1200000,2025-04-13,Sunday,6,2025-04
40,customer22,500,1.0,1000000,24/01/1404,15,1000000,2025-04-13,Sunday,6,2025-04
40,customer22,879148,11.0,500000,24/01/1404,16,5500000,2025-04-13,Sunday,6,2025-04
40,customer22,879516054,15.0,1700000,24/01/1404,17,25500000,2025-04-13,Sunday,6,2025-04
40,customer22,879516122,1.0,600000,24/01/1404,18,600000,2025-04-13,Sunday,6,2025-04
41,customer6,879516174,1.0,12550000,29/01/1404,1,12550000,2025-04-18,Friday,4,2025-04
42,customer6,879516183,2.0,25000000,19/01/1404,1,50000000,2025-04-08,Tuesday,1,2025-04
42,customer6,879516184,2.0,30368000,19/01/1404,2,60736000,2025-04-08,Tuesday,1,2025-04
42,customer6,879516066,2.0,33728000,19/01/1404,3,67456000,2025-04-08,Tuesday,1,2025-04
42,customer6,879516140,2.0,79912000,19/01/1404,4,159824000,2025-04-08,Tuesday,1,2025-04
44,customer2,879232,1.0,36000000,30/01/1404,1,36000000,2025-04-19,Saturday,5,2025-04
45,customer23,641642,1.0,3598540,26/01/1404,1,3598540,2025-04-15,Tuesday,1,2025-04
45,customer23,641602,1.0,3073840,26/01/1404,2,3073840,2025-04-15,Tuesday,1,2025-04
45,customer23,855121132,15.0,1376540,26/01/1404,3,20648100,2025-04-15,Tuesday,1,2025-04
45,customer23,1233,1.0,500000,26/01/1404,4,500000,2025-04-15,Tuesday,1,2025-04
45,customer23,611,1.0,600000,26/01/1404,5,600000,2025-04-15,Tuesday,1,2025-04
45,customer23,855121162,2.0,1092190,26/01/1404,6,2184380,2025-04-15,Tuesday,1,2025-04
45,customer23,855121188,7.0,927410,26/01/1404,7,6491870,2025-04-15,Tuesday,1,2025-04
45,customer23,121180,8.0,476520,26/01/1404,8,3812160,2025-04-15,Tuesday,1,2025-04
45,customer23,500,5.0,1000000,26/01/1404,9,5000000,2025-04-15,Tuesday,1,2025-04
45,customer23,516,1.0,1500000,26/01/1404,10,1500000,2025-04-15,Tuesday,1,2025-04
45,customer23,855163402,1.0,3121910,26/01/1404,11,3121910,2025-04-15,Tuesday,1,2025-04
45,customer23,237,1.0,600000,26/01/1404,12,600000,2025-04-15,Tuesday,1,2025-04
45,customer23,855161710,2.0,1369500,26/01/1404,13,2739000,2025-04-15,Tuesday,1,2025-04
45,customer23,641524,2.0,3967700,26/01/1404,14,7935400,2025-04-15,Tuesday,1,2025-04
45,customer23,641522,3.0,2524940,26/01/1404,15,7574820,2025-04-15,Tuesday,1,2025-04
45,customer23,855121102,2.0,587950,26/01/1404,16,1175900,2025-04-15,Tuesday,1,2025-04
45,customer23,879248,1.0,2885410,26/01/1404,17,2885410,2025-04-15,Tuesday,1,2025-04
45,customer23,879516122,1.0,600000,26/01/1404,18,600000,2025-04-15,Tuesday,1,2025-04
45,customer23,879516116,1.0,1500000,26/01/1404,19,1500000,2025-04-15,Tuesday,1,2025-04
45,customer23,879044,1.0,9000000,26/01/1404,20,9000000,2025-04-15,Tuesday,1,2025-04
45,customer23,879001,1.0,7000000,26/01/1404,21,7000000,2025-04-15,Tuesday,1,2025-04
45,customer23,855121502,1.0,2094180,26/01/1404,22,2094180,2025-04-15,Tuesday,1,2025-04
45,customer23,879161,2.0,2500000,26/01/1404,23,5000000,2025-04-15,Tuesday,1,2025-04
45,customer23,879148,10.0,500000,26/01/1404,24,5000000,2025-04-15,Tuesday,1,2025-04
45,customer23,879162,2.0,3200000,26/01/1404,25,6400000,2025-04-15,Tuesday,1,2025-04
46,customer24,647,2.0,2200000,30/01/1404,1,4400000,2025-04-19,Saturday,5,2025-04
46,customer24,855121102,1.0,587950,30/01/1404,2,587950,2025-04-19,Saturday,5,2025-04
46,customer24,118,1.0,60000,30/01/1404,3,60000,2025-04-19,Saturday,5,2025-04
46,customer24,879001,1.0,7000000,30/01/1404,4,7000000,2025-04-19,Saturday,5,2025-04
47,customer25,641412,4.0,6115230,30/01/1404,1,24460920,2025-04-19,Saturday,5,2025-04
47,customer25,879516152,2.0,1667930,30/01/1404,2,3335860,2025-04-19,Saturday,5,2025-04
47,customer25,371020,32.0,41470,30/01/1404,3,1327040,2025-04-19,Saturday,5,2025-04
47,customer25,371016,50.0,32780,30/01/1404,4,1639000,2025-04-19,Saturday,5,2025-04
47,customer25,516,1.0,1500000,30/01/1404,5,1500000,2025-04-19,Saturday,5,2025-04
47,customer25,855162642,6.0,1853280,30/01/1404,6,11119680,2025-04-19,Saturday,5,2025-04
47,customer25,641202,12.0,2611400,30/01/1404,7,31336800,2025-04-19,Saturday,5,2025-04
47,customer25,855161112,2.0,2676960,30/01/1404,8,5353920,2025-04-19,Saturday,5,2025-04
47,customer25,855121235,4.0,1051710,30/01/1404,9,4206840,2025-04-19,Saturday,5,2025-04
47,customer25,855162402,10.0,1307680,30/01/1404,10,13076800,2025-04-19,Saturday,5,2025-04
47,customer25,855161710,3.0,1369500,30/01/1404,11,4108500,2025-04-19,Saturday,5,2025-04
47,customer25,813121020,36.0,598950,30/01/1404,12,21562200,2025-04-19,Saturday,5,2025-04
47,customer25,807211110,3.0,60500,30/01/1404,13,181500,2025-04-19,Saturday,5,2025-04
47,customer25,855163402,1.0,3121910,30/01/1404,14,3121910,2025-04-19,Saturday,5,2025-04
47,customer25,323045,1.0,10862700,30/01/1404,15,10862700,2025-04-19,Saturday,5,2025-04
47,customer25,855311136,2.0,14983540,30/01/1404,16,29967080,2025-04-19,Saturday,5,2025-04
47,customer25,855341201,2.0,680020,30/01/1404,17,1360040,2025-04-19,Saturday,5,2025-04
47,customer25,813121016,105.5,339240,30/01/1404,18,35789820,2025-04-19,Saturday,5,2025-04
47,customer25,807311113,6.0,113960,30/01/1404,19,683760,2025-04-19,Saturday,5,2025-04
47,customer25,855141534,1.0,2576310,30/01/1404,20,2576310,2025-04-19,Saturday,5,2025-04
47,customer25,855341113,2.0,617000,30/01/1404,21,1234000,2025-04-19,Saturday,5,2025-04
47,customer25,855321501,2.0,55539,30/01/1404,22,111078,2025-04-19,Saturday,5,2025-04
48,customer6,879516174,1.0,12000000,24/01/1404,1,12000000,2025-04-13,Sunday,6,2025-04
48,customer6,807261401,30.0,24640,24/01/1404,2,739200,2025-04-13,Sunday,6,2025-04
48,customer6,855121235,2.0,1051710,24/01/1404,3,2103420,2025-04-13,Sunday,6,2025-04
49,customer26,819161020,8.0,258280,30/01/1404,1,2066240,2025-04-19,Saturday,5,2025-04
49,customer26,879516173,1.0,18480000,30/01/1404,2,18480000,2025-04-19,Saturday,5,2025-04
49,customer26,855211610,1.0,4546740,30/01/1404,3,4546740,2025-04-19,Saturday,5,2025-04
49,customer26,855321617,1.0,122100,30/01/1404,4,122100,2025-04-19,Saturday,5,2025-04
49,customer26,855211112,2.0,1617440,30/01/1404,5,3234880,2025-04-19,Saturday,5,2025-04
49,customer26,861645151,1.0,1600060,30/01/1404,6,1600060,2025-04-19,Saturday,5,2025-04
49,customer26,855321401,2.0,44990,30/01/1404,7,89980,2025-04-19,Saturday,5,2025-04
49,customer26,855341201,1.0,680020,30/01/1404,8,680020,2025-04-19,Saturday,5,2025-04
49,customer26,807211125,10.0,17160,30/01/1404,9,171600,2025-04-19,Saturday,5,2025-04
49,customer26,855321301,13.0,43890,30/01/1404,10,570570,2025-04-19,Saturday,5,2025-04
49,customer26,855341317,2.0,853600,30/01/1404,11,1707200,2025-04-19,Saturday,5,2025-04
49,customer26,641522,1.0,3521980,30/01/1404,12,3521980,2025-04-19,Saturday,5,2025-04
50,customer27,855141104,4.0,1939850,30/01/1404,1,7759400,2025-04-19,Saturday,5,2025-04
50,customer27,855141904,1.0,1533510,30/01/1404,2,1533510,2025-04-19,Saturday,5,2025-04
50,customer27,855141504,1.0,2458830,30/01/1404,3,2458830,2025-04-19,Saturday,5,2025-04
53,customer28,879001,1.0,7500000,31/01/1404,1,7500000,2025-04-20,Sunday,6,2025-04
53,customer28,879161,2.0,2000000,31/01/1404,2,4000000,2025-04-20,Sunday,6,2025-04
53,customer28,879162,2.0,3000000,31/01/1404,3,6000000,2025-04-20,Sunday,6,2025-04
53,customer28,879516116,0.5,1500000,31/01/1404,4,750000,2025-04-20,Sunday,6,2025-04
53,customer28,684,1.0,6500000,31/01/1404,5,6500000,2025-04-20,Sunday,6,2025-04
53,customer28,1259,1.0,25000000,31/01/1404,6,25000000,2025-04-20,Sunday,6,2025-04
54,customer21,855321201,20.0,31900,01/02/1404,1,638000,2025-04-21,Monday,0,2025-04
54,customer21,855321101,20.0,33330,01/02/1404,2,666600,2025-04-21,Monday,0,2025-04
54,customer21,855321305,20.0,69080,01/02/1404,3,1381600,2025-04-21,Monday,0,2025-04
54,customer21,855341401,6.0,992970,01/02/1404,4,5957820,2025-04-21,Monday,0,2025-04
54,customer21,861645155,4.0,2375560,01/02/1404,5,9502240,2025-04-21,Monday,0,2025-04
54,customer21,855341305,6.0,639870,01/02/1404,6,3839220,2025-04-21,Monday,0,2025-04
54,customer21,855321105,20.0,40700,01/02/1404,7,814000,2025-04-21,Monday,0,2025-04
54,customer21,855321371,20.0,64251,01/02/1404,8,1285020,2025-04-21,Monday,0,2025-04
54,customer21,855321701,20.0,28160,01/02/1404,9,563200,2025-04-21,Monday,0,2025-04
54,customer21,962,12.0,492822,01/02/1404,10,5913864,2025-04-21,Monday,0,2025-04
55,customer21,1271,10.0,152000,01/02/1404,1,1520000,2025-04-21,Monday,0,2025-04
55,customer21,1150,7.0,393000,01/02/1404,2,2751000,2025-04-21,Monday,0,2025-04
55,customer21,1148,4.0,463000,01/02/1404,3,1852000,2025-04-21,Monday,0,2025-04
55,customer21,1151,1.0,1275000,01/02/1404,4,1275000,2025-04-21,Monday,0,2025-04
55,customer21,1147,4.0,934000,01/02/1404,5,3736000,2025-04-21,Monday,0,2025-04
55,customer21,1145,6.0,264000,01/02/1404,6,1584000,2025-04-21,Monday,0,2025-04
55,customer21,1142,10.0,222000,01/02/1404,7,2220000,2025-04-21,Monday,0,2025-04
55,customer21,1138,3.0,355000,01/02/1404,8,1065000,2025-04-21,Monday,0,2025-04
55,customer21,1136,2.0,4320000,01/02/1404,9,8640000,2025-04-21,Monday,0,2025-04
55,customer21,1135,2.0,5670000,01/02/1404,10,11340000,2025-04-21,Monday,0,2025-04
56,customer29,1391,10.0,519000,01/02/1404,1,5190000,2025-04-21,Monday,0,2025-04
56,customer29,1158,40.0,920000,01/02/1404,2,36800000,2025-04-21,Monday,0,2025-04
57,customer29,855181558,4.0,5845070,01/02/1404,1,23380280,2025-04-21,Monday,0,2025-04
57,customer29,855213410,20.0,4278670,01/02/1404,2,85573400,2025-04-21,Monday,0,2025-04
57,customer29,855213402,20.0,3091330,01/02/1404,3,61826600,2025-04-21,Monday,0,2025-04
57,customer29,855213534,10.0,4513300,01/02/1404,4,45133000,2025-04-21,Monday,0,2025-04
57,customer29,855181522,10.0,3257870,01/02/1404,5,32578700,2025-04-21,Monday,0,2025-04
58,customer9,807261401,300.0,22176,01/02/1404,1,6652800,2025-04-21,Monday,0,2025-04
58,customer9,855121402,20.0,1210880,01/02/1404,2,24217600,2025-04-21,Monday,0,2025-04
58,customer9,855311233,4.0,9078850,01/02/1404,3,36315400,2025-04-21,Monday,0,2025-04
58,customer9,855121164,10.0,1818190,01/02/1404,4,18181900,2025-04-21,Monday,0,2025-04
58,customer9,855181306,16.0,5032280,01/02/1404,5,80516480,2025-04-21,Monday,0,2025-04
58,customer9,855212424,8.0,5267680,01/02/1404,6,42141440,2025-04-21,Monday,0,2025-04
58,customer9,855311236,4.0,17418280,01/02/1404,7,69673120,2025-04-21,Monday,0,2025-04
58,customer9,855181304,16.0,3017740,01/02/1404,8,48283840,2025-04-21,Monday,0,2025-04
58,customer9,855121160,30.0,648010,01/02/1404,9,19440300,2025-04-21,Monday,0,2025-04
58,customer9,855311133,5.0,6176500,01/02/1404,10,30882500,2025-04-21,Monday,0,2025-04
58,customer9,641326,10.0,5368900,01/02/1404,11,53689000,2025-04-21,Monday,0,2025-04
58,customer9,807311110,50.0,60500,01/02/1404,12,3025000,2025-04-21,Monday,0,2025-04
58,customer9,855121232,16.0,846780,01/02/1404,13,13548480,2025-04-21,Monday,0,2025-04
58,customer9,861641102,96.0,1719190,01/02/1404,14,165042240,2025-04-21,Monday,0,2025-04
58,customer9,813121016,600.0,339240,01/02/1404,15,203544000,2025-04-21,Monday,0,2025-04
59,customer9,1142,100.0,222000,01/02/1404,1,22200000,2025-04-21,Monday,0,2025-04
59,customer9,1148,50.0,463000,01/02/1404,2,23150000,2025-04-21,Monday,0,2025-04
61,customer12,855321905,1.0,281490,02/02/1404,1,281490,2025-04-22,Tuesday,1,2025-04
61,customer12,855341113,1.0,885940,02/02/1404,2,885940,2025-04-22,Tuesday,1,2025-04
61,customer12,855321201,1.0,31900,02/02/1404,3,31900,2025-04-22,Tuesday,1,2025-04
61,customer12,855121104,1.0,1247070,02/02/1404,4,1247070,2025-04-22,Tuesday,1,2025-04
61,customer12,807211129,10.0,18590,02/02/1404,5,185900,2025-04-22,Tuesday,1,2025-04
61,customer12,819141025,12.0,460350,02/02/1404,6,5524200,2025-04-22,Tuesday,1,2025-04
61,customer12,561645155,2.0,2375560,02/02/1404,7,4751120,2025-04-22,Tuesday,1,2025-04
61,customer12,855321501,1.0,61710,02/02/1404,8,61710,2025-04-22,Tuesday,1,2025-04
61,customer12,855321301,2.0,43890,02/02/1404,9,87780,2025-04-22,Tuesday,1,2025-04
61,customer12,855321305,10.0,69080,02/02/1404,10,690800,2025-04-22,Tuesday,1,2025-04
61,customer12,855321605,1.0,80190,02/02/1404,11,80190,2025-04-22,Tuesday,1,2025-04
61,customer12,855321105,3.0,40700,02/02/1404,12,122100,2025-04-22,Tuesday,1,2025-04
62,customer10,879516196,1.0,99890000,02/02/1404,1,99890000,2025-04-22,Tuesday,1,2025-04
62,customer10,879516184,2.0,37960000,02/02/1404,2,75920000,2025-04-22,Tuesday,1,2025-04
62,customer10,879516183,2.0,31250000,02/02/1404,3,62500000,2025-04-22,Tuesday,1,2025-04
62,customer10,879516066,1.0,42160000,02/02/1404,4,42160000,2025-04-22,Tuesday,1,2025-04
66,customer30,879516103,24.0,6395730,03/02/1404,1,153497520,2025-04-23,Wednesday,2,2025-04
66,customer30,813121016,3000.0,339240,03/02/1404,2,1017720000,2025-04-23,Wednesday,2,2025-04
66,customer30,855211424,7.0,3839880,03/02/1404,3,26879160,2025-04-23,Wednesday,2,2025-04
66,customer30,855212402,192.0,1719850,03/02/1404,4,330211200,2025-04-23,Wednesday,2,2025-04
66,customer30,861641102,144.0,1719190,03/02/1404,5,247563360,2025-04-23,Wednesday,2,2025-04
66,customer30,813121025,200.0,1014530,03/02/1404,6,202906000,2025-04-23,Wednesday,2,2025-04
66,customer30,807311119,120.0,276210,03/02/1404,7,33145200,2025-04-23,Wednesday,2,2025-04
66,customer30,92632,120.0,1567720,03/02/1404,8,188126400,2025-04-23,Wednesday,2,2025-04
66,customer30,323065,5.0,12841700,03/02/1404,9,64208500,2025-04-23,Wednesday,2,2025-04
66,customer30,807211141,640.0,104390,03/02/1404,10,66809600,2025-04-23,Wednesday,2,2025-04
66,customer30,855321751,85.0,252670,03/02/1404,11,21476950,2025-04-23,Wednesday,2,2025-04
66,customer30,855311139,5.0,21965680,03/02/1404,12,109828400,2025-04-23,Wednesday,2,2025-04
66,customer30,855211336,14.0,7241630,03/02/1404,13,101382820,2025-04-23,Wednesday,2,2025-04
66,customer30,855311137,6.0,17473500,03/02/1404,14,104841000,2025-04-23,Wednesday,2,2025-04
67,customer31,861645201,20.0,1636030,27/01/1404,1,32720600,2025-04-16,Wednesday,2,2025-04
67,customer31,855341301,120.0,436370,27/01/1404,2,52364400,2025-04-16,Wednesday,2,2025-04
67,customer31,819141025,400.0,460350,27/01/1404,3,184140000,2025-04-16,Wednesday,2,2025-04
67,customer31,819141020,1400.0,291720,27/01/1404,4,408408000,2025-04-16,Wednesday,2,2025-04
67,customer31,861645155,10.0,2375560,27/01/1404,5,23755600,2025-04-16,Wednesday,2,2025-04
67,customer31,855321501,170.0,61710,27/01/1404,6,10490700,2025-04-16,Wednesday,2,2025-04
67,customer31,855321505,100.0,87340,27/01/1404,7,8734000,2025-04-16,Wednesday,2,2025-04
67,customer31,819141032,80.0,868230,27/01/1404,8,69458400,2025-04-16,Wednesday,2,2025-04
67,customer31,855321301,250.0,43890,27/01/1404,9,10972500,2025-04-16,Wednesday,2,2025-04
67,customer31,855321305,150.0,69080,27/01/1404,10,10362000,2025-04-16,Wednesday,2,2025-04
67,customer31,807211125,400.0,17160,27/01/1404,11,6864000,2025-04-16,Wednesday,2,2025-04
67,customer31,861645151,20.0,1600060,27/01/1404,12,32001200,2025-04-16,Wednesday,2,2025-04
67,customer31,819121025,100.0,536470,27/01/1404,13,53647000,2025-04-16,Wednesday,2,2025-04
67,customer31,819121020,140.0,338140,27/01/1404,14,47339600,2025-04-16,Wednesday,2,2025-04
67,customer31,855321617,75.0,122100,27/01/1404,15,9157500,2025-04-16,Wednesday,2,2025-04
68,customer31,811,3.0,314000,04/02/1404,1,942000,2025-04-24,Thursday,3,2025-04
68,customer31,860,30.0,614570,04/02/1404,2,18437100,2025-04-24,Thursday,3,2025-04
68,customer31,861,4.0,707080,04/02/1404,3,2828320,2025-04-24,Thursday,3,2025-04
68,customer31,854,6.0,743710,04/02/1404,4,4462260,2025-04-24,Thursday,3,2025-04
68,customer31,847,6.0,892100,04/02/1404,5,5352600,2025-04-24,Thursday,3,2025-04
68,customer31,833,4.0,1436820,04/02/1404,6,5747280,2025-04-24,Thursday,3,2025-04
69,customer30,879259,250.0,115000,04/02/1404,1,28750000,2025-04-24,Thursday,3,2025-04
69,customer30,1392,45.0,720000,04/02/1404,2,32400000,2025-04-24,Thursday,3,2025-04
69,customer30,879154,30.0,630000,04/02/1404,3,18900000,2025-04-24,Thursday,3,2025-04
69,customer30,516,20.0,1200000,04/02/1404,4,24000000,2025-04-24,Thursday,3,2025-04
72,customer32,855321301,750.0,43890,07/02/1404,1,32917500,2025-04-27,Sunday,6,2025-04
72,customer32,855321101,720.0,33330,07/02/1404,2,23997600,2025-04-27,Sunday,6,2025-04
72,customer32,855211436,8.0,7200050,07/02/1404,3,57600400,2025-04-27,Sunday,6,2025-04
72,customer32,855121106,32.0,1971970,07/02/1404,4,63103040,2025-04-27,Sunday,6,2025-04
72,customer32,855181508,4.0,11791230,07/02/1404,5,47164920,2025-04-27,Sunday,6,2025-04
72,customer32,819161020,280.0,258280,07/02/1404,6,72318400,2025-04-27,Sunday,6,2025-04
73,customer16,855121192,15.0,1659790,06/02/1404,1,24896850,2025-04-26,Saturday,5,2025-04
73,customer16,879148,100.0,400000,06/02/1404,2,40000000,2025-04-26,Saturday,5,2025-04
73,customer16,813121016,600.0,339240,06/02/1404,3,203544000,2025-04-26,Saturday,5,2025-04
73,customer16,855212402,96.0,1719850,06/02/1404,4,165105600,2025-04-26,Saturday,5,2025-04
73,customer16,323065,2.0,12841700,06/02/1404,5,25683400,2025-04-26,Saturday,5,2025-04
73,customer16,807311110,100.0,60500,06/02/1404,6,6050000,2025-04-26,Saturday,5,2025-04
73,customer16,641752,48.0,1915980,06/02/1404,7,91967040,2025-04-26,Saturday,5,2025-04
73,customer16,962,180.0,547580,06/02/1404,8,98564400,2025-04-26,Saturday,5,2025-04
73,customer16,855121186,20.0,849970,06/02/1404,9,16999400,2025-04-26,Saturday,5,2025-04
73,customer16,121180,25.0,476520,06/02/1404,10,11913000,2025-04-26,Saturday,5,2025-04
73,customer16,855121182,30.0,631400,06/02/1404,11,18942000,2025-04-26,Saturday,5,2025-04
73,customer16,323095,2.0,19044700,06/02/1404,12,38089400,2025-04-26,Saturday,5,2025-04
73,customer16,323075,2.0,14951400,06/02/1404,13,29902800,2025-04-26,Saturday,5,2025-04
73,customer16,163642,64.0,2838990,06/02/1404,14,181695360,2025-04-26,Saturday,5,2025-04
73,customer16,371016,1000.0,32780,06/02/1404,15,32780000,2025-04-26,Saturday,5,2025-04
74,customer9,323095,2.0,19044700,07/02/1404,1,38089400,2025-04-27,Sunday,6,2025-04
75,customer9,879104,48.0,730000,07/02/1404,1,35040000,2025-04-27,Sunday,6,2025-04
75,customer9,1273,30.0,315000,07/02/1404,2,9450000,2025-04-27,Sunday,6,2025-04
75,customer9,1142,35.0,194000,07/02/1404,3,6790000,2025-04-27,Sunday,6,2025-04
75,customer9,1140,35.0,520000,07/02/1404,4,18200000,2025-04-27,Sunday,6,2025-04
75,customer9,1146,5.0,1130000,07/02/1404,5,5650000,2025-04-27,Sunday,6,2025-04
75,customer9,1144,12.0,675000,07/02/1404,6,8100000,2025-04-27,Sunday,6,2025-04
75,customer9,1145,20.0,230000,07/02/1404,7,4600000,2025-04-27,Sunday,6,2025-04
75,customer9,1151,2.0,1115000,07/02/1404,8,2230000,2025-04-27,Sunday,6,2025-04
75,customer9,1148,18.0,405000,07/02/1404,9,7290000,2025-04-27,Sunday,6,2025-04
75,customer9,1150,12.0,340000,07/02/1404,10,4080000,2025-04-27,Sunday,6,2025-04
75,customer9,1266,7.0,6970000,07/02/1404,11,48790000,2025-04-27,Sunday,6,2025-04
75,customer9,1271,30.0,134000,07/02/1404,12,4020000,2025-04-27,Sunday,6,2025-04
75,customer9,1264,12.0,13100000,07/02/1404,13,157200000,2025-04-27,Sunday,6,2025-04
75,customer9,1158,8.0,805000,07/02/1404,14,6440000,2025-04-27,Sunday,6,2025-04
76,customer9,962,36.0,547580,07/02/1404,1,19712880,2025-04-27,Sunday,6,2025-04
78,customer31,813121020,750.0,598950,24/01/1404,1,449212500,2025-04-13,Sunday,6,2025-04
78,customer31,813121025,300.0,1014530,24/01/1404,2,304359000,2025-04-13,Sunday,6,2025-04
78,customer31,807311119,30.0,276210,24/01/1404,3,8286300,2025-04-13,Sunday,6,2025-04
78,customer31,92632,60.0,1567720,24/01/1404,4,94063200,2025-04-13,Sunday,6,2025-04
78,customer31,855211424,20.0,3839880,24/01/1404,5,76797600,2025-04-13,Sunday,6,2025-04
78,customer31,855212402,96.0,1719850,24/01/1404,6,165105600,2025-04-13,Sunday,6,2025-04
78,customer31,861641102,96.0,1719190,24/01/1404,7,165042240,2025-04-13,Sunday,6,2025-04
78,customer31,861641110,40.0,1980990,24/01/1404,8,79239600,2025-04-13,Sunday,6,2025-04
78,customer31,855121908,15.0,2337060,24/01/1404,9,35055900,2025-04-13,Sunday,6,2025-04
78,customer31,855121906,20.0,1102200,24/01/1404,10,22044000,2025-04-13,Sunday,6,2025-04
78,customer31,855311134,10.0,10080400,24/01/1404,11,100804000,2025-04-13,Sunday,6,2025-04
78,customer31,813121016,1600.0,339240,24/01/1404,12,542784000,2025-04-13,Sunday,6,2025-04
78,customer31,807311113,50.0,113960,24/01/1404,13,5698000,2025-04-13,Sunday,6,2025-04
78,customer31,855121102,40.0,587950,24/01/1404,14,23518000,2025-04-13,Sunday,6,2025-04
78,customer31,323125,3.0,24231800,24/01/1404,15,72695400,2025-04-13,Sunday,6,2025-04
78,customer31,855213402,10.0,3091330,24/01/1404,16,30913300,2025-04-13,Sunday,6,2025-04
78,customer31,855211124,10.0,3005970,24/01/1404,17,30059700,2025-04-13,Sunday,6,2025-04
78,customer31,855211102,30.0,1186350,24/01/1404,18,35590500,2025-04-13,Sunday,6,2025-04
78,customer31,855211112,20.0,1617440,24/01/1404,19,32348800,2025-04-13,Sunday,6,2025-04
78,customer31,855121222,20.0,724240,24/01/1404,20,14484800,2025-04-13,Sunday,6,2025-04
78,customer31,855211610,10.0,1047340,24/01/1404,21,10473400,2025-04-13,Sunday,6,2025-04
78,customer31,855181102,30.0,2339370,24/01/1404,22,70181100,2025-04-13,Sunday,6,2025-04
78,customer31,855213410,10.0,4278670,24/01/1404,23,42786700,2025-04-13,Sunday,6,2025-04
78,customer31,855211410,20.0,2828100,24/01/1404,24,56562000,2025-04-13,Sunday,6,2025-04
78,customer31,855211210,22.0,1644500,24/01/1404,25,36179000,2025-04-13,Sunday,6,2025-04
78,customer31,163642,32.0,2838990,24/01/1404,26,90847680,2025-04-13,Sunday,6,2025-04
78,customer31,516,20.0,1281940,24/01/1404,27,25638800,2025-04-13,Sunday,6,2025-04
78,customer31,855211324,20.0,3985190,24/01/1404,28,79703800,2025-04-13,Sunday,6,2025-04
78,customer31,5211212,13.0,2711500,24/01/1404,29,35249500,2025-04-13,Sunday,6,2025-04
78,customer31,855121402,20.0,1476200,24/01/1404,30,29524000,2025-04-13,Sunday,6,2025-04
79,customer31,855162402,10.0,1302730,08/02/1404,1,13027300,2025-04-28,Monday,0,2025-04
79,customer31,813121020,300.0,598950,08/02/1404,2,179685000,2025-04-28,Monday,0,2025-04
79,customer31,813121025,300.0,1014530,08/02/1404,3,304359000,2025-04-28,Monday,0,2025-04
79,customer31,855211424,15.0,3839880,08/02/1404,4,57598200,2025-04-28,Monday,0,2025-04
79,customer31,855212402,96.0,1719850,08/02/1404,5,165105600,2025-04-28,Monday,0,2025-04
79,customer31,861641102,96.0,1719190,08/02/1404,6,165042240,2025-04-28,Monday,0,2025-04
79,customer31,855311240,7.0,35382710,08/02/1404,7,247678970,2025-04-28,Monday,0,2025-04
79,customer31,855321309,80.0,115830,08/02/1404,8,9266400,2025-04-28,Monday,0,2025-04
79,customer31,819141025,200.0,460350,08/02/1404,9,92070000,2025-04-28,Monday,0,2025-04
79,customer31,819141020,420.0,291720,08/02/1404,10,122522400,2025-04-28,Monday,0,2025-04
79,customer31,819141032,80.0,868230,08/02/1404,11,69458400,2025-04-28,Monday,0,2025-04
79,customer31,813121016,1600.0,339240,08/02/1404,12,542784000,2025-04-28,Monday,0,2025-04
79,customer31,855121936,10.0,2358730,08/02/1404,13,23587300,2025-04-28,Monday,0,2025-04
79,customer31,323125,2.0,24231800,08/02/1404,14,48463600,2025-04-28,Monday,0,2025-04
79,customer31,855311234,4.0,14485130,08/02/1404,15,57940520,2025-04-28,Monday,0,2025-04
79,customer31,855212410,20.0,3173280,08/02/1404,16,63465600,2025-04-28,Monday,0,2025-04
79,customer31,855211124,10.0,3005970,08/02/1404,17,30059700,2025-04-28,Monday,0,2025-04
79,customer31,855121222,9.0,724240,08/02/1404,18,6518160,2025-04-28,Monday,0,2025-04
79,customer31,855211410,10.0,2828100,08/02/1404,19,28281000,2025-04-28,Monday,0,2025-04
79,customer31,855341345,10.0,939840,08/02/1404,20,9398400,2025-04-28,Monday,0,2025-04
79,customer31,855311235,4.0,18098410,08/02/1404,21,72393640,2025-04-28,Monday,0,2025-04
79,customer31,855311236,6.0,21235280,08/02/1404,22,127411680,2025-04-28,Monday,0,2025-04
79,customer31,323075,1.0,14951400,08/02/1404,23,14951400,2025-04-28,Monday,0,2025-04
79,customer31,855311233,2.0,10863820,08/02/1404,24,21727640,2025-04-28,Monday,0,2025-04
79,customer31,211122,10.0,2998380,08/02/1404,25,29983800,2025-04-28,Monday,0,2025-04
80,customer9,879516143,10.0,1371150,09/02/1404,1,13711500,2025-04-29,Tuesday,1,2025-04
80,customer9,163642,32.0,2838990,09/02/1404,2,90847680,2025-04-29,Tuesday,1,2025-04
80,customer9,855311237,4.0,24768920,09/02/1404,3,99075680,2025-04-29,Tuesday,1,2025-04
80,customer9,855212402,48.0,1719850,09/02/1404,4,82552800,2025-04-29,Tuesday,1,2025-04
80,customer9,855321501,170.0,61710,09/02/1404,5,10490700,2025-04-29,Tuesday,1,2025-04
80,customer9,855321301,250.0,43890,09/02/1404,6,10972500,2025-04-29,Tuesday,1,2025-04
81,customer33,1407,300.0,73920,09/02/1404,1,22176000,2025-04-29,Tuesday,1,2025-04
81,customer33,1406,300.0,61050,09/02/1404,2,18315000,2025-04-29,Tuesday,1,2025-04
81,customer33,1405,300.0,51480,09/02/1404,3,15444000,2025-04-29,Tuesday,1,2025-04
83,customer32,1111,30.0,314900,09/02/1404,1,9447000,2025-04-29,Tuesday,1,2025-04
83,customer32,807221790,30.0,382100,09/02/1404,2,11463000,2025-04-29,Tuesday,1,2025-04
83,customer32,807221711,30.0,417600,09/02/1404,3,12528000,2025-04-29,Tuesday,1,2025-04
83,customer32,855321701,100.0,28160,09/02/1404,4,2816000,2025-04-29,Tuesday,1,2025-04
84,customer32,807311113,12.0,113960,07/02/1404,1,1367520,2025-04-27,Sunday,6,2025-04
84,customer32,813121016,1000.0,339240,07/02/1404,2,339240000,2025-04-27,Sunday,6,2025-04
84,customer32,855121906,6.0,1102200,07/02/1404,3,6613200,2025-04-27,Sunday,6,2025-04
84,customer32,855311135,2.0,12488410,07/02/1404,4,24976820,2025-04-27,Sunday,6,2025-04
84,customer32,855121908,6.0,2337060,07/02/1404,5,14022360,2025-04-27,Sunday,6,2025-04
84,customer32,855121242,6.0,2355320,07/02/1404,6,14131920,2025-04-27,Sunday,6,2025-04
84,customer32,855212402,85.0,1719850,07/02/1404,7,146187250,2025-04-27,Sunday,6,2025-04
84,customer32,861641110,10.0,1980990,07/02/1404,8,19809900,2025-04-27,Sunday,6,2025-04
84,customer32,855121232,10.0,1135200,07/02/1404,9,11352000,2025-04-27,Sunday,6,2025-04
84,customer32,861641102,82.0,1719190,07/02/1404,10,140973580,2025-04-27,Sunday,6,2025-04
84,customer32,323045,2.0,10862700,07/02/1404,11,21725400,2025-04-27,Sunday,6,2025-04
84,customer32,807311119,3.0,276210,07/02/1404,12,828630,2025-04-27,Sunday,6,2025-04
84,customer32,807311110,100.0,60500,07/02/1404,13,6050000,2025-04-27,Sunday,6,2025-04
84,customer32,807311125,3.0,340890,07/02/1404,14,1022670,2025-04-27,Sunday,6,2025-04
84,customer32,813121020,150.0,598950,07/02/1404,15,89842500,2025-04-27,Sunday,6,2025-04
84,customer32,163642,40.0,2838990,07/02/1404,16,113559600,2025-04-27,Sunday,6,2025-04
84,customer32,855211202,6.0,1457280,07/02/1404,17,8743680,2025-04-27,Sunday,6,2025-04
84,customer32,855212410,6.0,3173280,07/02/1404,18,19039680,2025-04-27,Sunday,6,2025-04
84,customer32,855311239,4.0,31838730,07/02/1404,19,127354920,2025-04-27,Sunday,6,2025-04
84,customer32,855211112,6.0,1617440,07/02/1404,20,9704640,2025-04-27,Sunday,6,2025-04
84,customer32,855311238,2.0,28935500,07/02/1404,21,57871000,2025-04-27,Sunday,6,2025-04
84,customer32,371020,200.0,41470,07/02/1404,22,8294000,2025-04-27,Sunday,6,2025-04
84,customer32,855211310,6.0,2833820,07/02/1404,23,17002920,2025-04-27,Sunday,6,2025-04
84,customer32,323095,3.0,19044700,07/02/1404,24,57134100,2025-04-27,Sunday,6,2025-04
84,customer32,855212424,6.0,5267680,07/02/1404,25,31606080,2025-04-27,Sunday,6,2025-04
84,customer32,855211324,6.0,3985190,07/02/1404,26,23911140,2025-04-27,Sunday,6,2025-04
84,customer32,855121402,5.0,1476200,07/02/1404,27,7381000,2025-04-27,Sunday,6,2025-04
85,customer34,807211125,3.0,17160,26/01/1404,1,51480,2025-04-15,Tuesday,1,2025-04
85,customer34,807211129,1.0,18590,26/01/1404,2,18590,2025-04-15,Tuesday,1,2025-04
85,customer34,855311134,2.0,10080400,26/01/1404,3,20160800,2025-04-15,Tuesday,1,2025-04
85,customer34,855121906,3.0,1102200,26/01/1404,4,3306600,2025-04-15,Tuesday,1,2025-04
85,customer34,855212410,2.0,3173280,26/01/1404,5,6346560,2025-04-15,Tuesday,1,2025-04
85,customer34,861641102,14.0,1719190,26/01/1404,6,24068660,2025-04-15,Tuesday,1,2025-04
85,customer34,813121020,10.0,598950,26/01/1404,7,5989500,2025-04-15,Tuesday,1,2025-04
85,customer34,641312,1.0,5886980,26/01/1404,8,5886980,2025-04-15,Tuesday,1,2025-04
85,customer34,855121235,3.0,1051710,26/01/1404,9,3155130,2025-04-15,Tuesday,1,2025-04
85,customer34,855211312,2.0,3214420,26/01/1404,10,6428840,2025-04-15,Tuesday,1,2025-04
85,customer34,855211102,2.0,1186350,26/01/1404,11,2372700,2025-04-15,Tuesday,1,2025-04
85,customer34,855311133,2.0,7529940,26/01/1404,12,15059880,2025-04-15,Tuesday,1,2025-04
86,customer34,879102,0.166,2240000,09/02/1404,1,371840,2025-04-29,Tuesday,1,2025-04
86,customer34,154,1.0,400000,09/02/1404,2,400000,2025-04-29,Tuesday,1,2025-04
86,customer34,136,1.0,200000,09/02/1404,3,200000,2025-04-29,Tuesday,1,2025-04
86,customer34,855321317,3.0,147000,09/02/1404,4,441000,2025-04-29,Tuesday,1,2025-04
87,customer35,149,1.0,50000000,04/02/1404,1,50000000,2025-04-24,Thursday,3,2025-04
87,customer35,879516107,2.0,28750000,04/02/1404,2,57500000,2025-04-24,Thursday,3,2025-04
87,customer35,879516110,4.0,46000000,04/02/1404,3,184000000,2025-04-24,Thursday,3,2025-04
87,customer35,879516127,7.0,6268350,04/02/1404,4,43878450,2025-04-24,Thursday,3,2025-04
87,customer35,879516130,1.0,295000000,04/02/1404,5,295000000,2025-04-24,Thursday,3,2025-04
87,customer35,879516144,1.0,115050000,04/02/1404,6,115050000,2025-04-24,Thursday,3,2025-04
87,customer35,879516019,1.0,9000000,04/02/1404,7,9000000,2025-04-24,Thursday,3,2025-04
89,customer36,807261401,18.0,24640,06/02/1404,1,443520,2025-04-26,Saturday,5,2025-04
89,customer36,819161020,64.0,258280,06/02/1404,2,16529920,2025-04-26,Saturday,5,2025-04
89,customer36,855321401,8.0,44990,06/02/1404,3,359920,2025-04-26,Saturday,5,2025-04
89,customer36,118,5.0,60000,06/02/1404,4,300000,2025-04-26,Saturday,5,2025-04
89,customer36,855341801,2.0,1966910,06/02/1404,5,3933820,2025-04-26,Saturday,5,2025-04
89,customer36,855341301,6.0,436370,06/02/1404,6,2618220,2025-04-26,Saturday,5,2025-04
89,customer36,855341401,8.0,992970,06/02/1404,7,7943760,2025-04-26,Saturday,5,2025-04
89,customer36,855321101,13.0,33330,06/02/1404,8,433290,2025-04-26,Saturday,5,2025-04
89,customer36,855321501,18.0,61710,06/02/1404,9,1110780,2025-04-26,Saturday,5,2025-04
89,customer36,855321301,25.0,43890,06/02/1404,10,1097250,2025-04-26,Saturday,5,2025-04
90,customer36,855321201,4.0,31900,06/02/1404,1,127600,2025-04-26,Saturday,5,2025-04
90,customer36,35,1.0,26934000,06/02/1404,2,26934000,2025-04-26,Saturday,5,2025-04
90,customer36,36,6.0,21956000,06/02/1404,3,131736000,2025-04-26,Saturday,5,2025-04
90,customer36,861645155,2.0,2375560,06/02/1404,4,4751120,2025-04-26,Saturday,5,2025-04
90,customer36,762,6.0,1000000,06/02/1404,5,6000000,2025-04-26,Saturday,5,2025-04
90,customer36,1150,10.0,340000,06/02/1404,6,3400000,2025-04-26,Saturday,5,2025-04
90,customer36,641754,2.0,1960200,06/02/1404,7,3920400,2025-04-26,Saturday,5,2025-04
90,customer36,641752,12.0,1915980,06/02/1404,8,22991760,2025-04-26,Saturday,5,2025-04
90,customer36,962,5.0,492822,06/02/1404,9,2464110,2025-04-26,Saturday,5,2025-04
90,customer36,1142,17.0,194000,06/02/1404,10,3298000,2025-04-26,Saturday,5,2025-04
90,customer36,1141,5.0,400000,06/02/1404,11,2000000,2025-04-26,Saturday,5,2025-04
90,customer36,1135,2.0,5040000,06/02/1404,12,10080000,2025-04-26,Saturday,5,2025-04
90,customer36,1138,2.0,310000,06/02/1404,13,620000,2025-04-26,Saturday,5,2025-04
90,customer36,1136,4.0,3840000,06/02/1404,14,15360000,2025-04-26,Saturday,5,2025-04
91,customer36,1149,10.0,630000,10/02/1404,1,6300000,2025-04-30,Wednesday,2,2025-04
91,customer36,1142,7.0,194000,10/02/1404,2,1358000,2025-04-30,Wednesday,2,2025-04
92,customer13,879516199,1.0,82200000,10/02/1404,1,82200000,2025-04-30,Wednesday,2,2025-04
93,customer37,879516057,1.0,24500000,10/02/1404,1,24500000,2025-04-30,Wednesday,2,2025-04
94,customer38,879516127,5.0,6300000,10/01/1404,1,31500000,2025-03-30,Sunday,6,2025-03
94,customer38,879516109,2.0,40250000,10/01/1404,2,80500000,2025-03-30,Sunday,6,2025-03
94,customer38,879516110,3.0,46000000,10/01/1404,3,138000000,2025-03-30,Sunday,6,2025-03
94,customer38,807261401,22.0,24640,10/01/1404,4,542080,2025-03-30,Sunday,6,2025-03
94,customer38,807311113,7.0,113960,10/01/1404,5,797720,2025-03-30,Sunday,6,2025-03
94,customer38,813121016,300.0,339240,10/01/1404,6,101772000,2025-03-30,Sunday,6,2025-03
94,customer38,855121906,3.0,1102200,10/01/1404,7,3306600,2025-03-30,Sunday,6,2025-03
94,customer38,855311134,2.0,10080400,10/01/1404,8,20160800,2025-03-30,Sunday,6,2025-03
94,customer38,855212402,22.0,1719750,10/01/1404,9,37834500,2025-03-30,Sunday,6,2025-03
94,customer38,323045,1.0,10862700,10/01/1404,10,10862700,2025-03-30,Sunday,6,2025-03
94,customer38,861641102,22.0,1719190,10/01/1404,11,37822180,2025-03-30,Sunday,6,2025-03
94,customer38,807311110,1.0,60500,10/01/1404,12,60500,2025-03-30,Sunday,6,2025-03
94,customer38,323065,1.0,12841700,10/01/1404,13,12841700,2025-03-30,Sunday,6,2025-03
94,customer38,807311125,1.0,340890,10/01/1404,14,340890,2025-03-30,Sunday,6,2025-03
94,customer38,807311119,7.0,276210,10/01/1404,15,1933470,2025-03-30,Sunday,6,2025-03
94,customer38,813121020,50.0,598950,10/01/1404,16,29947500,2025-03-30,Sunday,6,2025-03
94,customer38,813121025,10.0,1014530,10/01/1404,17,10145300,2025-03-30,Sunday,6,2025-03
94,customer38,855121235,2.0,1051710,10/01/1404,18,2103420,2025-03-30,Sunday,6,2025-03
94,customer38,641312,3.0,5886980,10/01/1404,19,17660940,2025-03-30,Sunday,6,2025-03
94,customer38,163642,8.0,2838990,10/01/1404,20,22711920,2025-03-30,Sunday,6,2025-03
94,customer38,371016,300.0,32780,10/01/1404,21,9834000,2025-03-30,Sunday,6,2025-03
94,customer38,641326,2.0,6896890,10/01/1404,22,13793780,2025-03-30,Sunday,6,2025-03
94,customer38,855212410,2.0,3173280,10/01/1404,23,6346560,2025-03-30,Sunday,6,2025-03
94,customer38,855311137,2.0,17473500,10/01/1404,24,34947000,2025-03-30,Sunday,6,2025-03
94,customer38,855212424,2.0,5267680,10/01/1404,25,10535360,2025-03-30,Sunday,6,2025-03
95,customer39,1425,2250.0,189970,07/02/1404,1,427432500,2025-04-27,Sunday,6,2025-04
95,customer39,1406,3000.0,61050,07/02/1404,2,183150000,2025-04-27,Sunday,6,2025-04
95,customer39,879272,3000.0,103180,07/02/1404,3,309540000,2025-04-27,Sunday,6,2025-04
95,customer39,879273,2000.0,132110,07/02/1404,4,264220000,2025-04-27,Sunday,6,2025-04
97,customer5,1405,1000.0,51480,10/02/1404,1,51480000,2025-04-30,Wednesday,2,2025-04
99,customer10,879516007,10.0,440000,09/02/1404,1,4400000,2025-04-29,Tuesday,1,2025-04
99,customer10,879516008,5.0,704000,09/02/1404,2,3520000,2025-04-29,Tuesday,1,2025-04
99,customer10,879516009,10.0,801000,09/02/1404,3,8010000,2025-04-29,Tuesday,1,2025-04
99,customer10,807261401,4.0,24640,09/02/1404,4,98560,2025-04-29,Tuesday,1,2025-04
99,customer10,118,2.0,60000,09/02/1404,5,120000,2025-04-29,Tuesday,1,2025-04
99,customer10,855162402,27.0,1302730,09/02/1404,6,35173710,2025-04-29,Tuesday,1,2025-04
99,customer10,813121020,40.0,598950,09/02/1404,7,23958000,2025-04-29,Tuesday,1,2025-04
99,customer10,855211552,4.0,3957250,09/02/1404,8,15829000,2025-04-29,Tuesday,1,2025-04
99,customer10,641202,23.0,2611400,09/02/1404,9,60062200,2025-04-29,Tuesday,1,2025-04
99,customer10,855162642,5.0,1853280,09/02/1404,10,9266400,2025-04-29,Tuesday,1,2025-04
99,customer10,855161302,8.0,2151820,09/02/1404,11,17214560,2025-04-29,Tuesday,1,2025-04
99,customer10,855161102,1.0,1115180,09/02/1404,12,1115180,2025-04-29,Tuesday,1,2025-04
99,customer10,547,8.0,67650,09/02/1404,13,541200,2025-04-29,Tuesday,1,2025-04
99,customer10,371020,20.0,41470,09/02/1404,14,829400,2025-04-29,Tuesday,1,2025-04
99,customer10,855141904,3.0,1533510,09/02/1404,15,4600530,2025-04-29,Tuesday,1,2025-04
100,customer40,641604,16.0,4493280,13/02/1404,1,71892480,2025-05-03,Saturday,5,2025-05
100,customer40,1405,10000.0,51480,13/02/1404,2,514800000,2025-05-03,Saturday,5,2025-05
100,customer40,641602,2.0,3073840,13/02/1404,3,6147680,2025-05-03,Saturday,5,2025-05
101,customer41,879516108,1.0,34500000,13/02/1404,1,34500000,2025-05-03,Saturday,5,2025-05
102,customer13,879516109,15.0,40240000,13/02/1404,1,603600000,2025-05-03,Saturday,5,2025-05
102,customer13,879516110,20.0,45988600,13/02/1404,2,919772000,2025-05-03,Saturday,5,2025-05
102,customer13,879516106,15.0,22993200,13/02/1404,3,344898000,2025-05-03,Saturday,5,2025-05
103,customer13,879516177,30.0,980000,09/02/1404,1,29400000,2025-04-29,Tuesday,1,2025-04
103,customer13,879261,20.0,190000,09/02/1404,2,3800000,2025-04-29,Tuesday,1,2025-04
103,customer13,879259,20.0,115000,09/02/1404,3,2300000,2025-04-29,Tuesday,1,2025-04
103,customer13,879260,20.0,275000,09/02/1404,4,5500000,2025-04-29,Tuesday,1,2025-04
103,customer13,1464,10.0,1090000,09/02/1404,5,10900000,2025-04-29,Tuesday,1,2025-04
103,customer13,1422,4.0,14740000,09/02/1404,6,58960000,2025-04-29,Tuesday,1,2025-04
103,customer13,1273,30.0,315000,09/02/1404,7,9450000,2025-04-29,Tuesday,1,2025-04
103,customer13,1272,30.0,245000,09/02/1404,8,7350000,2025-04-29,Tuesday,1,2025-04
103,customer13,1140,30.0,520000,09/02/1404,9,15600000,2025-04-29,Tuesday,1,2025-04
103,customer13,1142,30.0,194000,09/02/1404,10,5820000,2025-04-29,Tuesday,1,2025-04
103,customer13,1141,30.0,400000,09/02/1404,11,12000000,2025-04-29,Tuesday,1,2025-04
103,customer13,1249,30.0,435000,09/02/1404,12,13050000,2025-04-29,Tuesday,1,2025-04
103,customer13,1198,30.0,640000,09/02/1404,13,19200000,2025-04-29,Tuesday,1,2025-04
103,customer13,1158,40.0,805000,09/02/1404,14,32200000,2025-04-29,Tuesday,1,2025-04
103,customer13,1159,30.0,1070000,09/02/1404,15,32100000,2025-04-29,Tuesday,1,2025-04
103,customer13,1264,17.0,13100000,09/02/1404,16,222700000,2025-04-29,Tuesday,1,2025-04
103,customer13,1271,30.0,134000,09/02/1404,17,4020000,2025-04-29,Tuesday,1,2025-04
103,customer13,1267,30.0,360000,09/02/1404,18,10800000,2025-04-29,Tuesday,1,2025-04
103,customer13,1266,20.0,6970000,09/02/1404,19,139400000,2025-04-29,Tuesday,1,2025-04
103,customer13,1265,20.0,9850000,09/02/1404,20,197000000,2025-04-29,Tuesday,1,2025-04
103,customer13,1150,10.0,340000,09/02/1404,21,3400000,2025-04-29,Tuesday,1,2025-04
103,customer13,1149,30.0,630000,09/02/1404,22,18900000,2025-04-29,Tuesday,1,2025-04
103,customer13,1148,30.0,405000,09/02/1404,23,12150000,2025-04-29,Tuesday,1,2025-04
103,customer13,1151,10.0,1115000,09/02/1404,24,11150000,2025-04-29,Tuesday,1,2025-04
103,customer13,1156,10.0,700000,09/02/1404,25,7000000,2025-04-29,Tuesday,1,2025-04
103,customer13,1144,30.0,675000,09/02/1404,26,20250000,2025-04-29,Tuesday,1,2025-04
103,customer13,1145,30.0,230000,09/02/1404,27,6900000,2025-04-29,Tuesday,1,2025-04
103,customer13,1143,30.0,475000,09/02/1404,28,14250000,2025-04-29,Tuesday,1,2025-04
103,customer13,1146,30.0,1130000,09/02/1404,29,33900000,2025-04-29,Tuesday,1,2025-04
103,customer13,1147,30.0,815000,09/02/1404,30,24450000,2025-04-29,Tuesday,1,2025-04
104,customer13,905,20.0,654170,10/02/1404,1,13083400,2025-04-30,Wednesday,2,2025-04
104,customer13,904,30.0,556820,10/02/1404,2,16704600,2025-04-30,Wednesday,2,2025-04
104,customer13,903,50.0,471460,10/02/1404,3,23573000,2025-04-30,Wednesday,2,2025-04
104,customer13,547,700.0,67650,10/02/1404,4,47355000,2025-04-30,Wednesday,2,2025-04
104,customer13,371020,2000.0,41470,10/02/1404,5,82940000,2025-04-30,Wednesday,2,2025-04
104,customer13,371016,3000.0,32780,10/02/1404,6,98340000,2025-04-30,Wednesday,2,2025-04
104,customer13,546,1400.0,52360,10/02/1404,7,73304000,2025-04-30,Wednesday,2,2025-04
104,customer13,813121016,400.0,339240,10/02/1404,8,135696000,2025-04-30,Wednesday,2,2025-04
105,customer42,879260,30.0,275000,07/02/1404,1,8250000,2025-04-27,Sunday,6,2025-04
105,customer42,879261,30.0,190000,07/02/1404,2,5700000,2025-04-27,Sunday,6,2025-04
105,customer42,879259,30.0,115000,07/02/1404,3,3450000,2025-04-27,Sunday,6,2025-04
105,customer42,1146,20.0,1130000,07/02/1404,4,22600000,2025-04-27,Sunday,6,2025-04
105,customer42,1143,80.0,475000,07/02/1404,5,38000000,2025-04-27,Sunday,6,2025-04
105,customer42,1155,30.0,980000,07/02/1404,6,29400000,2025-04-27,Sunday,6,2025-04
105,customer42,1151,30.0,1115000,07/02/1404,7,33450000,2025-04-27,Sunday,6,2025-04
105,customer42,1134,35.0,7280000,07/02/1404,8,254800000,2025-04-27,Sunday,6,2025-04
105,customer42,1135,35.0,5040000,07/02/1404,9,176400000,2025-04-27,Sunday,6,2025-04
105,customer42,1136,45.0,3840000,07/02/1404,10,172800000,2025-04-27,Sunday,6,2025-04
105,customer42,1140,120.0,520000,07/02/1404,11,62400000,2025-04-27,Sunday,6,2025-04
106,customer41,1143,3.0,545000,24/01/1404,1,1635000,2025-04-13,Sunday,6,2025-04
106,customer41,1049,2.0,200000,24/01/1404,2,400000,2025-04-13,Sunday,6,2025-04
106,customer41,163,4.0,200000,24/01/1404,3,800000,2025-04-13,Sunday,6,2025-04
106,customer41,129,2.0,368571,24/01/1404,4,737142,2025-04-13,Sunday,6,2025-04
106,customer41,879516055,4.0,456932,24/01/1404,5,1827728,2025-04-13,Sunday,6,2025-04
106,customer41,879516054,3.0,1300000,24/01/1404,6,3900000,2025-04-13,Sunday,6,2025-04
106,customer41,807261401,30.0,24640,24/01/1404,7,739200,2025-04-13,Sunday,6,2025-04
106,customer41,879048,1.0,260000,24/01/1404,8,260000,2025-04-13,Sunday,6,2025-04
107,customer30,462113,1.0,1774080,15/02/1404,1,1774080,2025-05-05,Monday,0,2025-05
108,customer43,819121020,280.0,338140,15/02/1404,1,94679200,2025-05-05,Monday,0,2025-05
108,customer43,855321751,80.0,252670,15/02/1404,2,20213600,2025-05-05,Monday,0,2025-05
108,customer43,855321309,80.0,115830,15/02/1404,3,9266400,2025-05-05,Monday,0,2025-05
108,customer43,861645201,10.0,1636030,15/02/1404,4,16360300,2025-05-05,Monday,0,2025-05
108,customer43,861645151,10.0,1600060,15/02/1404,5,16000600,2025-05-05,Monday,0,2025-05
108,customer43,855321742,50.0,398310,15/02/1404,6,19915500,2025-05-05,Monday,0,2025-05
108,customer43,855321505,100.0,87340,15/02/1404,7,8734000,2025-05-05,Monday,0,2025-05
108,customer43,855321501,170.0,61710,15/02/1404,8,10490700,2025-05-05,Monday,0,2025-05
108,customer43,861645155,10.0,2375560,15/02/1404,9,23755600,2025-05-05,Monday,0,2025-05
108,customer43,819141025,200.0,460350,15/02/1404,10,92070000,2025-05-05,Monday,0,2025-05
109,customer44,417,3.0,1000000,15/02/1404,1,3000000,2025-05-05,Monday,0,2025-05
109,customer44,118,4.0,60000,15/02/1404,2,240000,2025-05-05,Monday,0,2025-05
109,customer44,516,1.0,1500000,15/02/1404,3,1500000,2025-05-05,Monday,0,2025-05
109,customer44,747,3.0,950000,15/02/1404,4,2850000,2025-05-05,Monday,0,2025-05
110,customer44,855162402,29.0,1302730,15/02/1404,1,37779170,2025-05-05,Monday,0,2025-05
110,customer44,813121020,12.0,598950,15/02/1404,2,7187400,2025-05-05,Monday,0,2025-05
110,customer44,855162436,2.0,6397710,15/02/1404,3,12795420,2025-05-05,Monday,0,2025-05
110,customer44,807311119,10.0,276210,15/02/1404,4,2762100,2025-05-05,Monday,0,2025-05
110,customer44,855162410,2.0,1782330,15/02/1404,5,3564660,2025-05-05,Monday,0,2025-05
110,customer44,92632,12.0,1567720,15/02/1404,6,18812640,2025-05-05,Monday,0,2025-05
110,customer44,807311110,6.0,60500,15/02/1404,7,363000,2025-05-05,Monday,0,2025-05
110,customer44,855121244,2.0,1952170,15/02/1404,8,3904340,2025-05-05,Monday,0,2025-05
110,customer44,807311125,1.0,340890,15/02/1404,9,340890,2025-05-05,Monday,0,2025-05
110,customer44,323045,1.0,10862700,15/02/1404,10,10862700,2025-05-05,Monday,0,2025-05
110,customer44,855311240,2.0,35382710,15/02/1404,11,70765420,2025-05-05,Monday,0,2025-05
110,customer44,855121906,1.0,1102200,15/02/1404,12,1102200,2025-05-05,Monday,0,2025-05
110,customer44,855121908,2.0,2337060,15/02/1404,13,4674120,2025-05-05,Monday,0,2025-05
110,customer44,855311135,1.0,12488410,15/02/1404,14,12488410,2025-05-05,Monday,0,2025-05
110,customer44,855311134,1.0,10080400,15/02/1404,15,10080400,2025-05-05,Monday,0,2025-05
110,customer44,813121016,400.0,339240,15/02/1404,16,135696000,2025-05-05,Monday,0,2025-05
110,customer44,855121102,4.0,587950,15/02/1404,17,2351800,2025-05-05,Monday,0,2025-05
110,customer44,807311113,12.0,113960,15/02/1404,18,1367520,2025-05-05,Monday,0,2025-05
110,customer44,855121142,2.0,1139270,15/02/1404,19,2278540,2025-05-05,Monday,0,2025-05
110,customer44,641436,2.0,11215930,15/02/1404,20,22431860,2025-05-05,Monday,0,2025-05
110,customer44,641202,29.0,2611400,15/02/1404,21,75730600,2025-05-05,Monday,0,2025-05
110,customer44,641426,1.0,10681990,15/02/1404,22,10681990,2025-05-05,Monday,0,2025-05
110,customer44,855121235,4.0,1051710,15/02/1404,23,4206840,2025-05-05,Monday,0,2025-05
110,customer44,371016,170.0,32780,15/02/1404,24,5572600,2025-05-05,Monday,0,2025-05
110,customer44,371020,10.0,41470,15/02/1404,25,414700,2025-05-05,Monday,0,2025-05
110,customer44,855162642,19.0,1853280,15/02/1404,26,35212320,2025-05-05,Monday,0,2025-05
110,customer44,547,10.0,67650,15/02/1404,27,676500,2025-05-05,Monday,0,2025-05
110,customer44,323075,1.0,14951400,15/02/1404,28,14951400,2025-05-05,Monday,0,2025-05
110,customer44,855121188,2.0,927410,15/02/1404,29,1854820,2025-05-05,Monday,0,2025-05
110,customer44,813141025,10.0,953480,15/02/1404,30,9534800,2025-05-05,Monday,0,2025-05
110,customer44,641412,2.0,6115230,15/02/1404,31,12230460,2025-05-05,Monday,0,2025-05
110,customer44,807261401,50.0,24640,15/02/1404,32,1232000,2025-05-05,Monday,0,2025-05
111,customer1,819161020,140.0,258280,13/02/1404,1,36159200,2025-05-03,Saturday,5,2025-05
113,customer45,1159,1.0,1070000,16/02/1404,1,1070000,2025-05-06,Tuesday,1,2025-05
113,customer45,1145,4.0,230000,16/02/1404,2,920000,2025-05-06,Tuesday,1,2025-05
113,customer45,1144,2.0,675000,16/02/1404,3,1350000,2025-05-06,Tuesday,1,2025-05
113,customer45,1146,2.0,1130000,16/02/1404,4,2260000,2025-05-06,Tuesday,1,2025-05
113,customer45,1148,5.0,405000,16/02/1404,5,2025000,2025-05-06,Tuesday,1,2025-05
113,customer45,1150,6.0,340000,16/02/1404,6,2040000,2025-05-06,Tuesday,1,2025-05
113,customer45,1149,2.0,630000,16/02/1404,7,1260000,2025-05-06,Tuesday,1,2025-05
113,customer45,1151,1.0,1115000,16/02/1404,8,1115000,2025-05-06,Tuesday,1,2025-05
113,customer45,1138,2.0,310000,16/02/1404,9,620000,2025-05-06,Tuesday,1,2025-05
113,customer45,1137,0.0833,8560000,16/02/1404,10,713048,2025-05-06,Tuesday,1,2025-05
113,customer45,1136,2.0,3840000,16/02/1404,11,7680000,2025-05-06,Tuesday,1,2025-05
113,customer45,1134,1.0,7280000,16/02/1404,12,7280000,2025-05-06,Tuesday,1,2025-05
113,customer45,1135,2.0,5040000,16/02/1404,13,10080000,2025-05-06,Tuesday,1,2025-05
113,customer45,1142,16.0,194000,16/02/1404,14,3104000,2025-05-06,Tuesday,1,2025-05
113,customer45,1141,10.0,400000,16/02/1404,15,4000000,2025-05-06,Tuesday,1,2025-05
113,customer45,1140,10.0,520000,16/02/1404,16,5200000,2025-05-06,Tuesday,1,2025-05
114,customer45,855321209,2.0,45540,16/02/1404,1,91080,2025-05-06,Tuesday,1,2025-05
114,customer45,855321617,2.0,122100,16/02/1404,2,244200,2025-05-06,Tuesday,1,2025-05
114,customer45,855321109,4.0,70840,16/02/1404,3,283360,2025-05-06,Tuesday,1,2025-05
114,customer45,855341341,2.0,669020,16/02/1404,4,1338040,2025-05-06,Tuesday,1,2025-05
114,customer45,855341409,6.0,1342440,16/02/1404,5,8054640,2025-05-06,Tuesday,1,2025-05
114,customer45,962,5.0,547580,16/02/1404,6,2737900,2025-05-06,Tuesday,1,2025-05
114,customer45,855321709,2.0,55440,16/02/1404,7,110880,2025-05-06,Tuesday,1,2025-05
114,customer45,819121020,92.0,338140,16/02/1404,8,31108880,2025-05-06,Tuesday,1,2025-05
114,customer45,819121032,24.0,1078660,16/02/1404,9,25887840,2025-05-06,Tuesday,1,2025-05
114,customer45,855321309,6.0,115830,16/02/1404,10,694980,2025-05-06,Tuesday,1,2025-05
114,customer45,855321605,10.0,80190,16/02/1404,11,801900,2025-05-06,Tuesday,1,2025-05
114,customer45,855321105,10.0,40700,16/02/1404,12,407000,2025-05-06,Tuesday,1,2025-05
114,customer45,855321301,40.0,43890,16/02/1404,13,1755600,2025-05-06,Tuesday,1,2025-05
114,customer45,855321305,20.0,69080,16/02/1404,14,1381600,2025-05-06,Tuesday,1,2025-05
114,customer45,855321101,14.0,33330,16/02/1404,15,466620,2025-05-06,Tuesday,1,2025-05
114,customer45,855321505,8.0,87340,16/02/1404,16,698720,2025-05-06,Tuesday,1,2025-05
114,customer45,855341301,12.0,436370,16/02/1404,17,5236440,2025-05-06,Tuesday,1,2025-05
114,customer45,819141025,52.0,460350,16/02/1404,18,23938200,2025-05-06,Tuesday,1,2025-05
114,customer45,855341401,3.0,992970,16/02/1404,19,2978910,2025-05-06,Tuesday,1,2025-05
114,customer45,861645155,2.0,2375560,16/02/1404,20,4751120,2025-05-06,Tuesday,1,2025-05
114,customer45,855321201,8.0,31900,16/02/1404,21,255200,2025-05-06,Tuesday,1,2025-05
114,customer45,807261401,28.0,24640,16/02/1404,22,689920,2025-05-06,Tuesday,1,2025-05
114,customer45,855321621,2.0,144870,16/02/1404,23,289740,2025-05-06,Tuesday,1,2025-05
115,customer46,879516108,3.0,36600000,16/02/1404,1,109800000,2025-05-06,Tuesday,1,2025-05
115,customer46,879516110,4.0,48800000,16/02/1404,2,195200000,2025-05-06,Tuesday,1,2025-05
115,customer46,645,1.0,511000000,16/02/1404,3,511000000,2025-05-06,Tuesday,1,2025-05
116,customer46,879177,1.0,9500000,16/02/1404,1,9500000,2025-05-06,Tuesday,1,2025-05
116,customer46,879162,2.0,3200000,16/02/1404,2,6400000,2025-05-06,Tuesday,1,2025-05
116,customer46,879161,2.0,2400000,16/02/1404,3,4800000,2025-05-06,Tuesday,1,2025-05
116,customer46,879148,14.0,450000,16/02/1404,4,6300000,2025-05-06,Tuesday,1,2025-05
116,customer46,879001,1.0,9000000,16/02/1404,5,9000000,2025-05-06,Tuesday,1,2025-05
116,customer46,879245,1.0,2900000,16/02/1404,6,2900000,2025-05-06,Tuesday,1,2025-05
116,customer46,879516116,0.5,1500000,16/02/1404,7,750000,2025-05-06,Tuesday,1,2025-05
116,customer46,879516127,7.0,6268350,16/02/1404,8,43878450,2025-05-06,Tuesday,1,2025-05
116,customer46,118,12.0,60000,16/02/1404,9,720000,2025-05-06,Tuesday,1,2025-05
116,customer46,115,2.0,40000,16/02/1404,10,80000,2025-05-06,Tuesday,1,2025-05
116,customer46,641524,2.0,4180000,16/02/1404,11,8360000,2025-05-06,Tuesday,1,2025-05
116,customer46,641522,1.0,3521980,16/02/1404,12,3521980,2025-05-06,Tuesday,1,2025-05
116,customer46,641642,1.0,3598540,16/02/1404,13,3598540,2025-05-06,Tuesday,1,2025-05
116,customer46,1233,1.0,500000,16/02/1404,14,500000,2025-05-06,Tuesday,1,2025-05
116,customer46,121180,6.0,476520,16/02/1404,15,2859120,2025-05-06,Tuesday,1,2025-05
116,customer46,611,1.0,600000,16/02/1404,16,600000,2025-05-06,Tuesday,1,2025-05
118,customer43,855341221,10.0,1492590,18/02/1404,1,14925900,2025-05-08,Thursday,3,2025-05
118,customer43,341901,20.0,659840,18/02/1404,2,13196800,2025-05-08,Thursday,3,2025-05
118,customer43,855341345,10.0,939840,18/02/1404,3,9398400,2025-05-08,Thursday,3,2025-05
118,customer43,855321617,30.0,122100,18/02/1404,4,3663000,2025-05-08,Thursday,3,2025-05
118,customer43,855321109,10.0,70840,18/02/1404,5,708400,2025-05-08,Thursday,3,2025-05
118,customer43,855341121,10.0,902770,18/02/1404,6,9027700,2025-05-08,Thursday,3,2025-05
118,customer43,855341801,10.0,1966910,18/02/1404,7,19669100,2025-05-08,Thursday,3,2025-05
118,customer43,855321301,250.0,43890,18/02/1404,8,10972500,2025-05-08,Thursday,3,2025-05
118,customer43,855341401,30.0,992970,18/02/1404,9,29789100,2025-05-08,Thursday,3,2025-05
119,customer43,879273,200.0,155430,22/02/1404,1,31086000,2025-05-12,Monday,0,2025-05
119,customer43,819121020,420.0,338140,22/02/1404,2,142018800,2025-05-12,Monday,0,2025-05
120,customer31,855212402,48.0,1719850,20/02/1404,1,82552800,2025-05-10,Saturday,5,2025-05
120,customer31,855311240,2.0,35382710,20/02/1404,2,70765420,2025-05-10,Saturday,5,2025-05
120,customer31,855321605,120.0,80190,20/02/1404,3,9622800,2025-05-10,Saturday,5,2025-05
120,customer31,855341301,240.0,436370,20/02/1404,4,104728800,2025-05-10,Saturday,5,2025-05
120,customer31,819141025,400.0,460350,20/02/1404,5,184140000,2025-05-10,Saturday,5,2025-05
120,customer31,819141020,700.0,291720,20/02/1404,6,204204000,2025-05-10,Saturday,5,2025-05
120,customer31,855341401,60.0,992970,20/02/1404,7,59578200,2025-05-10,Saturday,5,2025-05
120,customer31,855321505,100.0,87340,20/02/1404,8,8734000,2025-05-10,Saturday,5,2025-05
120,customer31,819141032,80.0,868230,20/02/1404,9,69458400,2025-05-10,Saturday,5,2025-05
120,customer31,855321101,360.0,33330,20/02/1404,10,11998800,2025-05-10,Saturday,5,2025-05
120,customer31,855321301,750.0,43890,20/02/1404,11,32917500,2025-05-10,Saturday,5,2025-05
120,customer31,855321305,150.0,69080,20/02/1404,12,10362000,2025-05-10,Saturday,5,2025-05
120,customer31,855321501,340.0,61710,20/02/1404,13,20981400,2025-05-10,Saturday,5,2025-05
120,customer31,855341201,160.0,680020,20/02/1404,14,108803200,2025-05-10,Saturday,5,2025-05
120,customer31,861645151,55.0,1600060,20/02/1404,15,88003300,2025-05-10,Saturday,5,2025-05
120,customer31,855121142,30.0,1139270,20/02/1404,16,34178100,2025-05-10,Saturday,5,2025-05
120,customer31,819121020,140.0,338140,20/02/1404,17,47339600,2025-05-10,Saturday,5,2025-05
120,customer31,819121032,80.0,1078660,20/02/1404,18,86292800,2025-05-10,Saturday,5,2025-05
120,customer31,855213402,20.0,3091330,20/02/1404,19,61826600,2025-05-10,Saturday,5,2025-05
120,customer31,855321371,190.0,71390,20/02/1404,20,13564100,2025-05-10,Saturday,5,2025-05
120,customer31,855212410,20.0,3173280,20/02/1404,21,63465600,2025-05-10,Saturday,5,2025-05
120,customer31,855211302,6.0,2593910,20/02/1404,22,15563460,2025-05-10,Saturday,5,2025-05
120,customer31,855211310,4.0,2833820,20/02/1404,23,11335280,2025-05-10,Saturday,5,2025-05
120,customer31,855121402,15.0,1476200,20/02/1404,24,22143000,2025-05-10,Saturday,5,2025-05
123,customer1,962,3.0,656150,26/02/1404,1,1968450,2025-05-16,Friday,4,2025-05
123,customer1,1405,100.0,56430,26/02/1404,2,5643000,2025-05-16,Friday,4,2025-05
123,customer1,879273,200.0,155430,26/02/1404,3,31086000,2025-05-16,Friday,4,2025-05
123,customer1,879272,200.0,121440,26/02/1404,4,24288000,2025-05-16,Friday,4,2025-05
124,customer1,1138,8.0,310000,26/02/1404,1,2480000,2025-05-16,Friday,4,2025-05
124,customer1,1249,2.0,435000,26/02/1404,2,870000,2025-05-16,Friday,4,2025-05
124,customer1,1272,4.0,245000,26/02/1404,3,980000,2025-05-16,Friday,4,2025-05
125,customer17,287,1.0,2500000,27/02/1404,1,2500000,2025-05-17,Saturday,5,2025-05
127,customer47,92632,16.0,1567720,27/02/1404,1,25083520,2025-05-17,Saturday,5,2025-05
128,customer43,807261401,150.0,24640,28/02/1404,1,3696000,2025-05-18,Sunday,6,2025-05
128,customer43,819121020,48.0,338140,28/02/1404,2,16230720,2025-05-18,Sunday,6,2025-05
128,customer43,855341309,95.0,520080,28/02/1404,3,49407600,2025-05-18,Sunday,6,2025-05
128,customer43,855321301,250.0,43890,28/02/1404,4,10972500,2025-05-18,Sunday,6,2025-05
128,customer43,855341301,120.0,436370,28/02/1404,5,52364400,2025-05-18,Sunday,6,2025-05
128,customer43,819141020,280.0,291720,28/02/1404,6,81681600,2025-05-18,Sunday,6,2025-05
130,customer41,855161102,1.0,1115180,28/02/1404,1,1115180,2025-05-18,Sunday,6,2025-05
130,customer41,855161302,10.0,2151820,28/02/1404,2,21518200,2025-05-18,Sunday,6,2025-05
130,customer41,855121142,2.0,1139270,28/02/1404,3,2278540,2025-05-18,Sunday,6,2025-05
130,customer41,807311110,5.0,60500,28/02/1404,4,302500,2025-05-18,Sunday,6,2025-05
130,customer41,855161710,1.0,1369500,28/02/1404,5,1369500,2025-05-18,Sunday,6,2025-05
130,customer41,813121020,28.0,598950,28/02/1404,6,16770600,2025-05-18,Sunday,6,2025-05
130,customer41,417,1.0,1000000,28/02/1404,7,1000000,2025-05-18,Sunday,6,2025-05
130,customer41,855121102,6.0,587950,28/02/1404,8,3527700,2025-05-18,Sunday,6,2025-05
130,customer41,813121016,8.0,339240,28/02/1404,9,2713920,2025-05-18,Sunday,6,2025-05
130,customer41,118,3.0,60000,28/02/1404,10,180000,2025-05-18,Sunday,6,2025-05
131,customer48,1136,50.0,3840000,18/02/1404,1,192000000,2025-05-08,Thursday,3,2025-05
131,customer48,1135,25.0,5040000,18/02/1404,2,126000000,2025-05-08,Thursday,3,2025-05
131,customer48,1134,25.0,7280000,18/02/1404,3,182000000,2025-05-08,Thursday,3,2025-05
133,customer49,855121190,2.0,1226060,29/02/1404,1,2452120,2025-05-19,Monday,0,2025-05
133,customer49,371020,14.0,41470,29/02/1404,2,580580,2025-05-19,Monday,0,2025-05
133,customer49,855141502,1.0,1864830,29/02/1404,3,1864830,2025-05-19,Monday,0,2025-05
133,customer49,855162402,2.0,1302730,29/02/1404,4,2605460,2025-05-19,Monday,0,2025-05
133,customer49,813121020,22.0,598850,29/02/1404,5,13174700,2025-05-19,Monday,0,2025-05
133,customer49,855121906,1.0,1102200,29/02/1404,6,1102200,2025-05-19,Monday,0,2025-05
134,customer50,855141102,14.0,1196910,29/02/1404,1,16756740,2025-05-19,Monday,0,2025-05
135,customer44,855141102,2.0,1196910,29/02/1404,1,2393820,2025-05-19,Monday,0,2025-05
136,customer6,879516203,15.0,400000,29/02/1404,1,6000000,2025-05-19,Monday,0,2025-05
136,customer6,879091,5.6,630000,29/02/1404,2,3528000,2025-05-19,Monday,0,2025-05
136,customer6,807261401,12.0,24640,29/02/1404,3,295680,2025-05-19,Monday,0,2025-05
136,customer6,879157,7.0,250000,29/02/1404,4,1750000,2025-05-19,Monday,0,2025-05
136,customer6,641412,2.0,6115230,29/02/1404,5,12230460,2025-05-19,Monday,0,2025-05
136,customer6,1438,84.0,320540,29/02/1404,6,26925360,2025-05-19,Monday,0,2025-05
136,customer6,855161302,7.0,2151820,29/02/1404,7,15062740,2025-05-19,Monday,0,2025-05
136,customer6,855162642,5.0,1853280,29/02/1404,8,9266400,2025-05-19,Monday,0,2025-05
136,customer6,855616102,1.0,1115180,29/02/1404,9,1115180,2025-05-19,Monday,0,2025-05
136,customer6,855321705,2.0,36630,29/02/1404,10,73260,2025-05-19,Monday,0,2025-05
136,customer6,371020,78.0,41470,29/02/1404,11,3234660,2025-05-19,Monday,0,2025-05
136,customer6,641436,2.0,11215930,29/02/1404,12,22431860,2025-05-19,Monday,0,2025-05
136,customer6,641202,20.0,2611400,29/02/1404,13,52228000,2025-05-19,Monday,0,2025-05
136,customer6,323035,1.0,9889000,29/02/1404,14,9889000,2025-05-19,Monday,0,2025-05
136,customer6,855121235,4.0,1051710,29/02/1404,15,4206840,2025-05-19,Monday,0,2025-05
136,customer6,855311134,2.0,10080400,29/02/1404,16,20160800,2025-05-19,Monday,0,2025-05
136,customer6,855121432,2.0,2409880,29/02/1404,17,4819760,2025-05-19,Monday,0,2025-05
136,customer6,400,82.0,350000,29/02/1404,18,28700000,2025-05-19,Monday,0,2025-05
136,customer6,855311136,2.0,14983540,29/02/1404,19,29967080,2025-05-19,Monday,0,2025-05
136,customer6,855121906,2.0,1102200,29/02/1404,20,2204400,2025-05-19,Monday,0,2025-05
136,customer6,417,1.0,1000000,29/02/1404,21,1000000,2025-05-19,Monday,0,2025-05
136,customer6,855162410,2.0,1782330,29/02/1404,22,3564660,2025-05-19,Monday,0,2025-05
136,customer6,92632,1.8,1567720,29/02/1404,23,2821896,2025-05-19,Monday,0,2025-05
136,customer6,807311125,1.0,340890,29/02/1404,24,340890,2025-05-19,Monday,0,2025-05
136,customer6,323065,1.0,13808520,29/02/1404,25,13808520,2025-05-19,Monday,0,2025-05
136,customer6,807311110,2.0,60500,29/02/1404,26,121000,2025-05-19,Monday,0,2025-05
136,customer6,641940,1.0,10931140,29/02/1404,27,10931140,2025-05-19,Monday,0,2025-05
136,customer6,855162436,2.0,6397710,29/02/1404,28,12795420,2025-05-19,Monday,0,2025-05
136,customer6,813121020,55.0,598950,29/02/1404,29,32942250,2025-05-19,Monday,0,2025-05
136,customer6,855161710,2.0,1369500,29/02/1404,30,2739000,2025-05-19,Monday,0,2025-05
136,customer6,855162402,8.0,1302730,29/02/1404,31,10421840,2025-05-19,Monday,0,2025-05
136,customer6,118,2.0,60000,29/02/1404,32,120000,2025-05-19,Monday,0,2025-05
136,customer6,855121102,2.0,587950,29/02/1404,33,1175900,2025-05-19,Monday,0,2025-05
136,customer6,807311113,5.0,113960,29/02/1404,34,569800,2025-05-19,Monday,0,2025-05
136,customer6,813121016,590.0,339240,29/02/1404,35,200151600,2025-05-19,Monday,0,2025-05
137,customer51,819161020,4.0,258280,29/02/1404,1,1033120,2025-05-19,Monday,0,2025-05
137,customer51,855141302,1.0,3167670,29/02/1404,2,3167670,2025-05-19,Monday,0,2025-05
137,customer51,855341705,3.0,397980,29/02/1404,3,1193940,2025-05-19,Monday,0,2025-05
137,customer51,855321605,2.0,80190,29/02/1404,4,160380,2025-05-19,Monday,0,2025-05
137,customer51,813121016,7.0,339240,29/02/1404,5,2374680,2025-05-19,Monday,0,2025-05
137,customer51,813121102,2.0,578950,29/02/1404,6,1157900,2025-05-19,Monday,0,2025-05
137,customer51,118,1.0,60000,29/02/1404,7,60000,2025-05-19,Monday,0,2025-05
137,customer51,855321301,12.0,43890,29/02/1404,8,526680,2025-05-19,Monday,0,2025-05
137,customer51,855341301,2.0,436370,29/02/1404,9,872740,2025-05-19,Monday,0,2025-05
138,customer51,1142,4.0,194000,09/02/1404,1,776000,2025-04-29,Tuesday,1,2025-04
138,customer51,1136,0.166,3840000,09/02/1404,2,637440,2025-04-29,Tuesday,1,2025-04
138,customer51,1271,1.0,134000,09/02/1404,3,134000,2025-04-29,Tuesday,1,2025-04
138,customer51,1145,1.0,230000,09/02/1404,4,230000,2025-04-29,Tuesday,1,2025-04
139,customer52,855341301,4.0,436370,31/02/1404,1,1745480,2025-05-21,Wednesday,2,2025-05
139,customer52,855321101,5.0,33330,31/02/1404,2,166650,2025-05-21,Wednesday,2,2025-05
139,customer52,855321301,4.0,43890,31/02/1404,3,175560,2025-05-21,Wednesday,2,2025-05
139,customer52,855321501,3.0,61710,31/02/1404,4,185130,2025-05-21,Wednesday,2,2025-05
139,customer52,855321701,2.0,28160,31/02/1404,5,56320,2025-05-21,Wednesday,2,2025-05
139,customer52,807261201,1.0,26620,31/02/1404,6,26620,2025-05-21,Wednesday,2,2025-05
140,customer41,879516204,2.0,1100000,31/02/1404,1,2200000,2025-05-21,Wednesday,2,2025-05
142,customer1,819141025,100.0,460350,02/03/1404,1,46035000,2025-05-23,Friday,4,2025-05
142,customer1,855341801,10.0,1966910,02/03/1404,2,19669100,2025-05-23,Friday,4,2025-05
142,customer1,855341805,10.0,2745820,02/03/1404,3,27458200,2025-05-23,Friday,4,2025-05
142,customer1,855341809,2.0,3573900,02/03/1404,4,7147800,2025-05-23,Friday,4,2025-05
142,customer1,879273,158.0,155430,02/03/1404,5,24557940,2025-05-23,Friday,4,2025-05
143,customer53,807261401,69.0,24640,26/01/1404,1,1700160,2025-04-15,Tuesday,1,2025-04
144,customer26,819161020,12.0,258280,30/01/1404,1,3099360,2025-04-19,Saturday,5,2025-04
144,customer26,879164,2.0,2600000,30/01/1404,2,5200000,2025-04-19,Saturday,5,2025-04
144,customer26,879516044,2.0,3200000,30/01/1404,3,6400000,2025-04-19,Saturday,5,2025-04
144,customer26,879516173,2.0,18480000,30/01/1404,4,36960000,2025-04-19,Saturday,5,2025-04
144,customer26,855341909,1.0,851070,30/01/1404,5,851070,2025-04-19,Saturday,5,2025-04
144,customer26,855321741,4.0,215820,30/01/1404,6,863280,2025-04-19,Saturday,5,2025-04
144,customer26,855341309,1.0,520080,30/01/1404,7,520080,2025-04-19,Saturday,5,2025-04
144,customer26,118,2.0,60000,30/01/1404,8,120000,2025-04-19,Saturday,5,2025-04
144,customer26,855321201,2.0,31900,30/01/1404,9,63800,2025-04-19,Saturday,5,2025-04
144,customer26,807211125,10.0,17160,30/01/1404,10,171600,2025-04-19,Saturday,5,2025-04
144,customer26,855321501,3.0,61710,30/01/1404,11,185130,2025-04-19,Saturday,5,2025-04
144,customer26,855321301,5.0,43890,30/01/1404,12,219450,2025-04-19,Saturday,5,2025-04
144,customer26,855321505,2.0,87340,30/01/1404,13,174680,2025-04-19,Saturday,5,2025-04
144,customer26,861645155,1.0,2375560,30/01/1404,14,2375560,2025-04-19,Saturday,5,2025-04
144,customer26,819141025,4.0,460350,30/01/1404,15,1841400,2025-04-19,Saturday,5,2025-04
144,customer26,855341301,2.0,436370,30/01/1404,16,872740,2025-04-19,Saturday,5,2025-04
144,customer26,855341317,8.0,853600,30/01/1404,17,6828800,2025-04-19,Saturday,5,2025-04
144,customer26,855321605,3.0,80190,30/01/1404,18,240570,2025-04-19,Saturday,5,2025-04
144,customer26,807211109,10.0,12100,30/01/1404,19,121000,2025-04-19,Saturday,5,2025-04
144,customer26,641522,1.0,3521980,30/01/1404,20,3521980,2025-04-19,Saturday,5,2025-04
144,customer26,855321105,1.0,40700,30/01/1404,21,40700,2025-04-19,Saturday,5,2025-04
144,customer26,807211105,10.0,11000,30/01/1404,22,110000,2025-04-19,Saturday,5,2025-04
145,customer6,855162682,1.0,5943630,03/02/1404,1,5943630,2025-04-23,Wednesday,2,2025-04
145,customer6,516,1.0,1281940,03/02/1404,2,1281940,2025-04-23,Wednesday,2,2025-04
145,customer6,855141522,2.0,3615700,03/02/1404,3,7231400,2025-04-23,Wednesday,2,2025-04
146,customer54,855321705,2.0,36630,02/02/1404,1,73260,2025-04-22,Tuesday,1,2025-04
146,customer54,819141025,60.0,460350,02/02/1404,2,27621000,2025-04-22,Tuesday,1,2025-04
146,customer54,819141020,8.0,291720,02/02/1404,3,2333760,2025-04-22,Tuesday,1,2025-04
146,customer54,855321301,8.0,43890,02/02/1404,4,351120,2025-04-22,Tuesday,1,2025-04
146,customer54,855321305,4.0,69080,02/02/1404,5,276320,2025-04-22,Tuesday,1,2025-04
146,customer54,855321201,4.0,31900,02/02/1404,6,127600,2025-04-22,Tuesday,1,2025-04
146,customer54,855321605,3.0,80190,02/02/1404,7,240570,2025-04-22,Tuesday,1,2025-04
146,customer54,855321105,16.0,40700,02/02/1404,8,651200,2025-04-22,Tuesday,1,2025-04
147,customer22,879516204,2.0,1100000,27/02/1404,1,2200000,2025-05-17,Saturday,5,2025-05
147,customer22,879516158,1.0,53500000,27/02/1404,2,53500000,2025-05-17,Saturday,5,2025-05
147,customer22,879516167,1.0,18000000,27/02/1404,3,18000000,2025-05-17,Saturday,5,2025-05
147,customer22,879516159,1.0,31000000,27/02/1404,4,31000000,2025-05-17,Saturday,5,2025-05
147,customer22,879516160,1.0,18636000,27/02/1404,5,18636000,2025-05-17,Saturday,5,2025-05
148,customer21,819121025,36.0,536470,02/03/1404,1,19312920,2025-05-23,Friday,4,2025-05
148,customer21,879516198,1.0,3047660,02/03/1404,2,3047660,2025-05-23,Friday,4,2025-05
149,customer21,819121020,40.0,338140,03/02/1404,1,13525600,2025-04-23,Wednesday,2,2025-04
149,customer21,819121025,8.0,536470,03/02/1404,2,4291760,2025-04-23,Wednesday,2,2025-04
150,customer7,819161025,100.0,411730,16/02/1404,1,41173000,2025-05-06,Tuesday,1,2025-05
150,customer7,341901,20.0,659840,16/02/1404,2,13196800,2025-05-06,Tuesday,1,2025-05
150,customer7,861645151,15.0,1600060,16/02/1404,3,24000900,2025-05-06,Tuesday,1,2025-05
150,customer7,855321501,170.0,61710,16/02/1404,4,10490700,2025-05-06,Tuesday,1,2025-05
150,customer7,855341301,120.0,436370,16/02/1404,5,52364400,2025-05-06,Tuesday,1,2025-05
150,customer7,807211109,80.0,11000,16/02/1404,6,880000,2025-05-06,Tuesday,1,2025-05
151,customer55,855121186,3.0,849970,16/02/1404,1,2549910,2025-05-06,Tuesday,1,2025-05
151,customer55,121180,3.0,476520,16/02/1404,2,1429560,2025-05-06,Tuesday,1,2025-05
151,customer55,855121182,3.0,631400,16/02/1404,3,1894200,2025-05-06,Tuesday,1,2025-05
151,customer55,516,1.0,1281940,16/02/1404,4,1281940,2025-05-06,Tuesday,1,2025-05
151,customer55,855341121,3.0,902770,16/02/1404,1,2708310,2025-05-06,Tuesday,1,2025-05
151,customer55,855321301,2.0,43890,16/02/1404,2,87780,2025-05-06,Tuesday,1,2025-05
151,customer55,855321501,1.0,61710,16/02/1404,3,61710,2025-05-06,Tuesday,1,2025-05
151,customer55,861645201,1.0,1636030,16/02/1404,4,1636030,2025-05-06,Tuesday,1,2025-05
151,customer55,855121244,1.0,1952170,16/02/1404,5,1952170,2025-05-06,Tuesday,1,2025-05
151,customer55,855321309,2.0,115830,16/02/1404,6,231660,2025-05-06,Tuesday,1,2025-05
151,customer55,861645159,1.0,3526820,16/02/1404,7,3526820,2025-05-06,Tuesday,1,2025-05
153,customer11,962,72.0,656150,17/02/1404,1,47242800,2025-05-07,Wednesday,2,2025-05
154,customer26,855141534,2.0,2576310,20/02/1404,1,5152620,2025-05-10,Saturday,5,2025-05
154,customer26,855141530,1.0,2799720,20/02/1404,2,2799720,2025-05-10,Saturday,5,2025-05
154,customer26,807341212,1.0,1079500,20/02/1404,3,1079500,2025-05-10,Saturday,5,2025-05
154,customer26,855161110,1.0,1983630,20/02/1404,4,1983630,2025-05-10,Saturday,5,2025-05
155,customer41,962,2.0,547580,20/02/1404,1,1095160,2025-05-10,Saturday,5,2025-05
156,customer1,855321301,250.0,43890,20/02/1404,1,10972500,2025-05-10,Saturday,5,2025-05
156,customer1,855321305,150.0,69080,20/02/1404,2,10362000,2025-05-10,Saturday,5,2025-05
157,customer44,855162402,14.0,1302730,23/02/1404,1,18238220,2025-05-13,Tuesday,1,2025-05
157,customer44,855161710,1.0,1369500,23/02/1404,2,1369500,2025-05-13,Tuesday,1,2025-05
157,customer44,813121020,25.0,598950,23/02/1404,3,14973750,2025-05-13,Tuesday,1,2025-05
157,customer44,855162436,2.0,6397710,23/02/1404,4,12795420,2025-05-13,Tuesday,1,2025-05
157,customer44,807311119,5.0,276210,23/02/1404,5,1381050,2025-05-13,Tuesday,1,2025-05
157,customer44,92632,20.0,1567720,23/02/1404,6,31354400,2025-05-13,Tuesday,1,2025-05
157,customer44,855141104,1.0,1939850,23/02/1404,7,1939850,2025-05-13,Tuesday,1,2025-05
157,customer44,807311110,2.0,60500,23/02/1404,8,121000,2025-05-13,Tuesday,1,2025-05
157,customer44,323065,1.0,13808520,23/02/1404,9,13808520,2025-05-13,Tuesday,1,2025-05
157,customer44,807241513,2.0,46200,23/02/1404,10,92400,2025-05-13,Tuesday,1,2025-05
157,customer44,855121906,2.0,1102200,23/02/1404,11,2204400,2025-05-13,Tuesday,1,2025-05
157,customer44,855311135,2.0,12488410,23/02/1404,12,24976820,2025-05-13,Tuesday,1,2025-05
157,customer44,855121432,1.0,2409880,23/02/1404,13,2409880,2025-05-13,Tuesday,1,2025-05
157,customer44,807311113,2.0,113960,23/02/1404,14,227920,2025-05-13,Tuesday,1,2025-05
157,customer44,855141508,2.0,8626860,23/02/1404,15,17253720,2025-05-13,Tuesday,1,2025-05
157,customer44,641436,2.0,10042450,23/02/1404,16,20084900,2025-05-13,Tuesday,1,2025-05
157,customer44,641202,14.0,2611400,23/02/1404,17,36559600,2025-05-13,Tuesday,1,2025-05
157,customer44,855121235,2.0,1051710,23/02/1404,18,2103420,2025-05-13,Tuesday,1,2025-05
157,customer44,855162642,4.0,1853280,23/02/1404,19,7413120,2025-05-13,Tuesday,1,2025-05
157,customer44,547,12.0,67650,23/02/1404,20,811800,2025-05-13,Tuesday,1,2025-05
157,customer44,807311150,2.0,723340,23/02/1404,21,1446680,2025-05-13,Tuesday,1,2025-05
157,customer44,807261409,2.0,72160,23/02/1404,22,144320,2025-05-13,Tuesday,1,2025-05
157,customer44,747,2.0,950000,23/02/1404,23,1900000,2025-05-13,Tuesday,1,2025-05
157,customer44,855311132,2.0,5156690,23/02/1404,24,10313380,2025-05-13,Tuesday,1,2025-05
157,customer44,807261401,18.0,24640,23/02/1404,25,443520,2025-05-13,Tuesday,1,2025-05
157,customer44,855141504,2.0,2458830,23/02/1404,26,4917660,2025-05-13,Tuesday,1,2025-05
157,customer44,641412,2.0,6115230,23/02/1404,27,12230460,2025-05-13,Tuesday,1,2025-05
158,customer40,1405,10000.0,56430,03/03/1404,1,564300000,2025-05-24,Saturday,5,2025-05
158,customer40,681802,64.0,3329810,03/03/1404,2,213107840,2025-05-24,Saturday,5,2025-05
158,customer40,641602,48.0,3073840,03/03/1404,3,147544320,2025-05-24,Saturday,5,2025-05
161,customer32,819141025,200.0,460350,03/03/1404,1,92070000,2025-05-24,Saturday,5,2025-05
161,customer32,855321305,300.0,69080,03/03/1404,2,20724000,2025-05-24,Saturday,5,2025-05
161,customer32,819141032,80.0,868230,03/03/1404,3,69458400,2025-05-24,Saturday,5,2025-05
161,customer32,855341805,20.0,2745820,03/03/1404,4,54916400,2025-05-24,Saturday,5,2025-05
161,customer32,861645205,25.0,2232450,03/03/1404,5,55811250,2025-05-24,Saturday,5,2025-05
161,customer32,92632,120.0,1567720,03/03/1404,6,188126400,2025-05-24,Saturday,5,2025-05
161,customer32,855321105,250.0,40700,03/03/1404,7,10175000,2025-05-24,Saturday,5,2025-05
161,customer32,807221790,44.0,401800,03/03/1404,8,17679200,2025-05-24,Saturday,5,2025-05
161,customer32,807221711,50.0,440100,03/03/1404,9,22005000,2025-05-24,Saturday,5,2025-05
161,customer32,855161736,20.0,3573900,03/03/1404,10,71478000,2025-05-24,Saturday,5,2025-05
161,customer32,861645209,10.0,3915230,03/03/1404,11,39152300,2025-05-24,Saturday,5,2025-05
161,customer32,879516141,4.0,8421490,03/03/1404,12,33685960,2025-05-24,Saturday,5,2025-05
161,customer32,855121192,30.0,1659790,03/03/1404,13,49793700,2025-05-24,Saturday,5,2025-05
162,customer13,855212424,32.0,5267680,03/03/1404,1,168565760,2025-05-24,Saturday,5,2025-05
162,customer13,855162682,12.0,5943630,03/03/1404,2,71323560,2025-05-24,Saturday,5,2025-05
162,customer13,855212682,16.0,6642570,03/03/1404,3,106281120,2025-05-24,Saturday,5,2025-05
162,customer13,855311133,5.0,7529940,03/03/1404,4,37649700,2025-05-24,Saturday,5,2025-05
162,customer13,813121025,100.0,1014530,03/03/1404,5,101453000,2025-05-24,Saturday,5,2025-05
162,customer13,813121020,300.0,598950,03/03/1404,6,179685000,2025-05-24,Saturday,5,2025-05
162,customer13,813121016,1000.0,339240,03/03/1404,7,339240000,2025-05-24,Saturday,5,2025-05
162,customer13,855341317,80.0,853600,03/03/1404,8,68288000,2025-05-24,Saturday,5,2025-05
162,customer13,855341101,190.0,414920,03/03/1404,9,78834800,2025-05-24,Saturday,5,2025-05
163,customer56,855121235,15.0,1051710,01/03/1404,1,15775650,2025-05-22,Thursday,3,2025-05
163,customer56,855211324,2.0,3985190,01/03/1404,2,7970380,2025-05-22,Thursday,3,2025-05
163,customer56,855212424,8.0,5267680,01/03/1404,3,42141440,2025-05-22,Thursday,3,2025-05
163,customer56,855181502,8.0,3651120,01/03/1404,4,29208960,2025-05-22,Thursday,3,2025-05
163,customer56,371016,200.0,32780,01/03/1404,5,6556000,2025-05-22,Thursday,3,2025-05
163,customer56,855311237,4.0,24768920,01/03/1404,6,99075680,2025-05-22,Thursday,3,2025-05
163,customer56,163642,40.0,2838990,01/03/1404,7,113559600,2025-05-22,Thursday,3,2025-05
163,customer56,855211326,4.0,3179440,01/03/1404,8,12717760,2025-05-22,Thursday,3,2025-05
163,customer56,807311119,15.0,276210,01/03/1404,9,4143150,2025-05-22,Thursday,3,2025-05
163,customer56,807311125,2.0,340890,01/03/1404,10,681780,2025-05-22,Thursday,3,2025-05
163,customer56,813121025,100.0,1014530,01/03/1404,11,101453000,2025-05-22,Thursday,3,2025-05
163,customer56,855121906,4.0,1102200,01/03/1404,12,4408800,2025-05-22,Thursday,3,2025-05
163,customer56,855121908,4.0,2337060,01/03/1404,13,9348240,2025-05-22,Thursday,3,2025-05
163,customer56,855311134,4.0,10080400,01/03/1404,14,40321600,2025-05-22,Thursday,3,2025-05
163,customer56,855121404,2.0,2419670,01/03/1404,15,4839340,2025-05-22,Thursday,3,2025-05
163,customer56,861641102,48.0,1719190,01/03/1404,16,82521120,2025-05-22,Thursday,3,2025-05
163,customer56,855121242,4.0,2355320,01/03/1404,17,9421280,2025-05-22,Thursday,3,2025-05
163,customer56,855212402,48.0,1719850,01/03/1404,18,82552800,2025-05-22,Thursday,3,2025-05
163,customer56,813121016,600.0,339240,01/03/1404,19,203544000,2025-05-22,Thursday,3,2025-05
163,customer56,807311113,4.0,113960,01/03/1404,20,455840,2025-05-22,Thursday,3,2025-05
163,customer56,807261401,100.0,24640,01/03/1404,21,2464000,2025-05-22,Thursday,3,2025-05
164,customer13,855121502,8.0,2094180,04/03/1404,1,16753440,2025-05-25,Sunday,6,2025-05
164,customer13,341213,110.0,885940,04/03/1404,2,97453400,2025-05-25,Sunday,6,2025-05
164,customer13,855121404,10.0,2419670,04/03/1404,3,24196700,2025-05-25,Sunday,6,2025-05
164,customer13,855341305,80.0,639870,04/03/1404,4,51189600,2025-05-25,Sunday,6,2025-05
165,customer1,819161020,40.0,258280,04/03/1404,1,10331200,2025-05-25,Sunday,6,2025-05
167,customer8,855321301,250.0,43890,17/02/1404,1,10972500,2025-05-07,Wednesday,2,2025-05
167,customer8,855121104,40.0,1247070,17/02/1404,2,49882800,2025-05-07,Wednesday,2,2025-05
167,customer8,855121102,50.0,587950,17/02/1404,3,29397500,2025-05-07,Wednesday,2,2025-05
167,customer8,855212402,192.0,1719850,17/02/1404,4,330211200,2025-05-07,Wednesday,2,2025-05
167,customer8,861641110,40.0,1980990,17/02/1404,5,79239600,2025-05-07,Wednesday,2,2025-05
167,customer8,861641102,144.0,1719190,17/02/1404,6,247563360,2025-05-07,Wednesday,2,2025-05
167,customer8,323045,5.0,11620290,17/02/1404,7,58101450,2025-05-07,Wednesday,2,2025-05
167,customer8,855311134,5.0,10080400,17/02/1404,8,50402000,2025-05-07,Wednesday,2,2025-05
167,customer8,855121908,60.0,2337060,17/02/1404,9,140223600,2025-05-07,Wednesday,2,2025-05
167,customer8,855311135,5.0,12488410,17/02/1404,10,62442050,2025-05-07,Wednesday,2,2025-05
167,customer8,807311119,105.0,276210,17/02/1404,11,29002050,2025-05-07,Wednesday,2,2025-05
167,customer8,323065,3.0,13808520,17/02/1404,12,41425560,2025-05-07,Wednesday,2,2025-05
167,customer8,813121020,750.0,598950,17/02/1404,13,449212500,2025-05-07,Wednesday,2,2025-05
167,customer8,813121025,400.0,1014530,17/02/1404,14,405812000,2025-05-07,Wednesday,2,2025-05
167,customer8,813121016,2000.0,339240,17/02/1404,15,678480000,2025-05-07,Wednesday,2,2025-05
167,customer8,323125,5.0,29100500,17/02/1404,16,145502500,2025-05-07,Wednesday,2,2025-05
167,customer8,807211141,200.0,104390,17/02/1404,17,20878000,2025-05-07,Wednesday,2,2025-05
167,customer8,855121234,15.0,2097370,17/02/1404,18,31460550,2025-05-07,Wednesday,2,2025-05
167,customer8,855121142,30.0,1139270,17/02/1404,19,34178100,2025-05-07,Wednesday,2,2025-05
167,customer8,641312,32.0,5886980,17/02/1404,20,188383360,2025-05-07,Wednesday,2,2025-05
167,customer8,855121190,60.0,1226060,17/02/1404,21,73563600,2025-05-07,Wednesday,2,2025-05
167,customer8,855121162,20.0,1092190,17/02/1404,22,21843800,2025-05-07,Wednesday,2,2025-05
167,customer8,855211126,10.0,5020510,17/02/1404,23,50205100,2025-05-07,Wednesday,2,2025-05
167,customer8,323075,3.0,15999720,17/02/1404,24,47999160,2025-05-07,Wednesday,2,2025-05
167,customer8,855212424,24.0,5267680,17/02/1404,25,126424320,2025-05-07,Wednesday,2,2025-05
167,customer8,641324,24.0,6221490,17/02/1404,26,149315760,2025-05-07,Wednesday,2,2025-05
167,customer8,855311132,5.0,5156690,17/02/1404,27,25783450,2025-05-07,Wednesday,2,2025-05
167,customer8,855311238,8.0,28935500,17/02/1404,28,231484000,2025-05-07,Wednesday,2,2025-05
167,customer8,855311133,5.0,7529940,17/02/1404,29,37649700,2025-05-07,Wednesday,2,2025-05
167,customer8,855212410,40.0,3173280,17/02/1404,30,126931200,2025-05-07,Wednesday,2,2025-05
167,customer8,855211302,72.0,2593910,17/02/1404,31,186761520,2025-05-07,Wednesday,2,2025-05
167,customer8,855211136,8.0,5125120,17/02/1404,32,41000960,2025-05-07,Wednesday,2,2025-05
167,customer8,855211326,32.0,3985190,17/02/1404,33,127526080,2025-05-07,Wednesday,2,2025-05
167,customer8,855211122,20.0,2998380,17/02/1404,34,59967600,2025-05-07,Wednesday,2,2025-05
167,customer8,855121402,15.0,1476200,17/02/1404,35,22143000,2025-05-07,Wednesday,2,2025-05
167,customer8,855121192,45.0,1659790,17/02/1404,36,74690550,2025-05-07,Wednesday,2,2025-05
168,customer58,819141025,500.0,460350,04/03/1404,1,230175000,2025-05-25,Sunday,6,2025-05
168,customer58,855181102,15.0,2339370,04/03/1404,2,35090550,2025-05-25,Sunday,6,2025-05
168,customer58,855212424,24.0,5267680,04/03/1404,3,126424320,2025-05-25,Sunday,6,2025-05
168,customer58,855181108,12.0,7458390,04/03/1404,4,89500680,2025-05-25,Sunday,6,2025-05
168,customer58,855181106,8.0,4901930,04/03/1404,5,39215440,2025-05-25,Sunday,6,2025-05
168,customer58,819161020,1120.0,258280,04/03/1404,6,289273600,2025-05-25,Sunday,6,2025-05
168,customer58,807261401,600.0,24640,04/03/1404,7,14784000,2025-05-25,Sunday,6,2025-05
169,customer59,77,2.0,1900000,25/02/1404,1,3800000,2025-05-15,Thursday,3,2025-05
169,customer59,1002,1.0,66590000,25/02/1404,2,66590000,2025-05-15,Thursday,3,2025-05
169,customer59,1003,1.0,84398000,25/02/1404,3,84398000,2025-05-15,Thursday,3,2025-05
169,customer59,855321701,2.0,28160,25/02/1404,4,56320,2025-05-15,Thursday,3,2025-05
169,customer59,855321705,2.0,40700,25/02/1404,5,81400,2025-05-15,Thursday,3,2025-05
170,customer60,686,1.0,1500000,25/02/1404,1,1500000,2025-05-15,Thursday,3,2025-05
170,customer60,170,1.0,1500000,25/02/1404,2,1500000,2025-05-15,Thursday,3,2025-05
171,customer44,855162402,1.0,1302730,25/02/1404,1,1302730,2025-05-15,Thursday,3,2025-05
171,customer44,813121025,20.0,1014530,25/02/1404,2,20290600,2025-05-15,Thursday,3,2025-05
171,customer44,855121232,1.0,1135200,25/02/1404,3,1135200,2025-05-15,Thursday,3,2025-05
171,customer44,855121906,1.0,1102200,25/02/1404,4,1102200,2025-05-15,Thursday,3,2025-05
171,customer44,813121016,26.0,339240,25/02/1404,5,8820240,2025-05-15,Thursday,3,2025-05
171,customer44,371016,60.0,32780,25/02/1404,6,1966800,2025-05-15,Thursday,3,2025-05
171,customer44,855141554,1.0,3474130,25/02/1404,7,3474130,2025-05-15,Thursday,3,2025-05
172,customer3,855341101,3.0,444920,24/01/1404,1,1334760,2025-04-13,Sunday,6,2025-04
172,customer3,133,1.0,400000,24/01/1404,2,400000,2025-04-13,Sunday,6,2025-04
172,customer3,855121202,1.0,1633170,24/01/1404,3,1633170,2025-04-13,Sunday,6,2025-04
173,customer61,879475531,1.0,2425000,05/03/1404,1,2425000,2025-05-26,Monday,0,2025-05
175,customer62,855341701,1.0,481140,06/03/1404,1,481140,2025-05-27,Tuesday,1,2025-05
175,customer62,855321201,2.0,31900,06/03/1404,2,63800,2025-05-27,Tuesday,1,2025-05
175,customer62,681802,2.0,3329810,06/03/1404,3,6659620,2025-05-27,Tuesday,1,2025-05
175,customer62,855321505,2.0,87340,06/03/1404,4,174680,2025-05-27,Tuesday,1,2025-05
175,customer62,819141025,15.0,460350,06/03/1404,5,6905250,2025-05-27,Tuesday,1,2025-05
175,customer62,807211109,2.0,12100,06/03/1404,6,24200,2025-05-27,Tuesday,1,2025-05
175,customer62,861645201,1.0,1636030,06/03/1404,7,1636030,2025-05-27,Tuesday,1,2025-05
175,customer62,855321105,5.0,40700,06/03/1404,8,203500,2025-05-27,Tuesday,1,2025-05
176,customer42,819161020,420.0,258280,07/03/1404,1,108477600,2025-05-28,Wednesday,2,2025-05
177,customer42,1144,96.0,675000,07/03/1404,1,64800000,2025-05-28,Wednesday,2,2025-05
178,customer31,855341101,190.0,414920,07/03/1404,1,78834800,2025-05-28,Wednesday,2,2025-05
178,customer31,855321741,80.0,215380,07/03/1404,2,17230400,2025-05-28,Wednesday,2,2025-05
178,customer31,855461131,10.0,944130,07/03/1404,3,9441300,2025-05-28,Wednesday,2,2025-05
179,customer7,1137,2.0,8650000,07/03/1404,1,17300000,2025-05-28,Wednesday,2,2025-05
179,customer7,1136,20.0,3840000,07/03/1404,2,76800000,2025-05-28,Wednesday,2,2025-05
179,customer7,1135,20.0,5040000,07/03/1404,3,100800000,2025-05-28,Wednesday,2,2025-05
180,customer7,819161020,280.0,258280,07/03/1404,1,72318400,2025-05-28,Wednesday,2,2025-05
180,customer7,855461131,20.0,944130,07/03/1404,2,18882600,2025-05-28,Wednesday,2,2025-05
183,customer63,1142,10.0,222000,08/03/1404,1,2220000,2025-05-29,Thursday,3,2025-05
183,customer63,1149,1.0,463000,08/03/1404,2,463000,2025-05-29,Thursday,3,2025-05
185,customer31,861645201,20.0,1636030,07/03/1404,1,32720600,2025-05-28,Wednesday,2,2025-05
185,customer31,813121020,300.0,598950,07/03/1404,2,179685000,2025-05-28,Wednesday,2,2025-05
185,customer31,813121025,200.0,1014530,07/03/1404,3,202906000,2025-05-28,Wednesday,2,2025-05
185,customer31,807311119,60.0,276210,07/03/1404,4,16572600,2025-05-28,Wednesday,2,2025-05
185,customer31,323065,3.0,13808520,07/03/1404,5,41425560,2025-05-28,Wednesday,2,2025-05
185,customer31,855121242,10.0,2355320,07/03/1404,6,23553200,2025-05-28,Wednesday,2,2025-05
185,customer31,855212402,96.0,1719850,07/03/1404,7,165105600,2025-05-28,Wednesday,2,2025-05
185,customer31,861641102,96.0,1719190,07/03/1404,8,165042240,2025-05-28,Wednesday,2,2025-05
185,customer31,855121908,20.0,2337060,07/03/1404,9,46741200,2025-05-28,Wednesday,2,2025-05
185,customer31,855121906,20.0,1102200,07/03/1404,10,22044000,2025-05-28,Wednesday,2,2025-05
185,customer31,855341301,240.0,436370,07/03/1404,11,104728800,2025-05-28,Wednesday,2,2025-05
185,customer31,819141025,300.0,460350,07/03/1404,12,138105000,2025-05-28,Wednesday,2,2025-05
185,customer31,819141020,980.0,291720,07/03/1404,13,285885600,2025-05-28,Wednesday,2,2025-05
185,customer31,861645155,20.0,2375560,07/03/1404,14,47511200,2025-05-28,Wednesday,2,2025-05
185,customer31,855321505,100.0,87340,07/03/1404,15,8734000,2025-05-28,Wednesday,2,2025-05
185,customer31,819141032,80.0,868230,07/03/1404,16,69458400,2025-05-28,Wednesday,2,2025-05
185,customer31,855321101,360.0,33330,07/03/1404,17,11998800,2025-05-28,Wednesday,2,2025-05
185,customer31,855321301,500.0,43890,07/03/1404,18,21945000,2025-05-28,Wednesday,2,2025-05
185,customer31,855321501,170.0,61710,07/03/1404,19,10490700,2025-05-28,Wednesday,2,2025-05
185,customer31,855341201,190.0,680020,07/03/1404,20,129203800,2025-05-28,Wednesday,2,2025-05
185,customer31,807211129,600.0,18590,07/03/1404,21,11154000,2025-05-28,Wednesday,2,2025-05
185,customer31,813121016,1400.0,339240,07/03/1404,22,474936000,2025-05-28,Wednesday,2,2025-05
185,customer31,855121102,50.0,587950,07/03/1404,23,29397500,2025-05-28,Wednesday,2,2025-05
185,customer31,855321405,180.0,66990,07/03/1404,24,12058200,2025-05-28,Wednesday,2,2025-05
185,customer31,807311113,60.0,113960,07/03/1404,25,6837600,2025-05-28,Wednesday,2,2025-05
185,customer31,855341805,10.0,2745820,07/03/1404,26,27458200,2025-05-28,Wednesday,2,2025-05
185,customer31,855341801,40.0,1966910,07/03/1404,27,78676400,2025-05-28,Wednesday,2,2025-05
185,customer31,855121936,10.0,2358730,07/03/1404,28,23587300,2025-05-28,Wednesday,2,2025-05
185,customer31,819121025,200.0,536470,07/03/1404,29,107294000,2025-05-28,Wednesday,2,2025-05
185,customer31,819121020,280.0,338140,07/03/1404,30,94679200,2025-05-28,Wednesday,2,2025-05
185,customer31,819121032,80.0,1078660,07/03/1404,31,86292800,2025-05-28,Wednesday,2,2025-05
185,customer31,855211112,20.0,1617440,07/03/1404,32,32348800,2025-05-28,Wednesday,2,2025-05
185,customer31,855311239,2.0,31838730,07/03/1404,33,63677460,2025-05-28,Wednesday,2,2025-05
185,customer31,855181102,14.0,2339370,07/03/1404,34,32751180,2025-05-28,Wednesday,2,2025-05
185,customer31,855211302,10.0,2593910,07/03/1404,35,25939100,2025-05-28,Wednesday,2,2025-05
185,customer31,855211410,16.0,2828100,07/03/1404,36,45249600,2025-05-28,Wednesday,2,2025-05
185,customer31,855181104,15.0,3299010,07/03/1404,37,49485150,2025-05-28,Wednesday,2,2025-05
185,customer31,855311237,2.0,24768920,07/03/1404,38,49537840,2025-05-28,Wednesday,2,2025-05
185,customer31,855211122,10.0,2998380,07/03/1404,39,29983800,2025-05-28,Wednesday,2,2025-05
185,customer31,163642,64.0,2838990,07/03/1404,40,181695360,2025-05-28,Wednesday,2,2025-05
185,customer31,855181504,10.0,5213230,07/03/1404,41,52132300,2025-05-28,Wednesday,2,2025-05
185,customer31,323095,2.0,20378160,07/03/1404,42,40756320,2025-05-28,Wednesday,2,2025-05
185,customer31,323075,2.0,15999720,07/03/1404,43,31999440,2025-05-28,Wednesday,2,2025-05
185,customer31,855181106,7.0,4901930,07/03/1404,44,34313510,2025-05-28,Wednesday,2,2025-05
185,customer31,855641135,10.0,1615790,07/03/1404,45,16157900,2025-05-28,Wednesday,2,2025-05
185,customer31,855311233,4.0,10863820,07/03/1404,46,43455280,2025-05-28,Wednesday,2,2025-05
185,customer31,855341809,10.0,3573900,07/03/1404,47,35739000,2025-05-28,Wednesday,2,2025-05
185,customer31,807261401,300.0,24640,07/03/1404,48,7392000,2025-05-28,Wednesday,2,2025-05
186,customer64,879021,1.0,60000000,27/02/1404,1,60000000,2025-05-17,Saturday,5,2025-05
187,customer53,813121020,6.0,598950,25/02/1404,1,3593700,2025-05-15,Thursday,3,2025-05
187,customer53,92632,6.0,1567720,25/02/1404,2,9406320,2025-05-15,Thursday,3,2025-05
187,customer53,807261409,2.0,72160,25/02/1404,3,144320,2025-05-15,Thursday,3,2025-05
188,customer57,807311110,48.0,60500,10/03/1404,1,2904000,2025-05-31,Saturday,5,2025-05
188,customer57,163642,96.0,2838990,10/03/1404,2,272543040,2025-05-31,Saturday,5,2025-05
189,customer65,819121020,140.0,338140,10/03/1404,1,47339600,2025-05-31,Saturday,5,2025-05
189,customer65,819121025,100.0,536470,10/03/1404,2,53647000,2025-05-31,Saturday,5,2025-05
190,customer48,1151,60.0,1115000,12/03/1404,1,66900000,2025-06-02,Monday,0,2025-06
190,customer48,1156,50.0,700000,12/03/1404,2,35000000,2025-06-02,Monday,0,2025-06
190,customer48,1144,288.0,675000,12/03/1404,3,194400000,2025-06-02,Monday,0,2025-06
190,customer48,1146,80.0,1130000,12/03/1404,4,90400000,2025-06-02,Monday,0,2025-06
190,customer48,1148,90.0,405000,12/03/1404,5,36450000,2025-06-02,Monday,0,2025-06
190,customer48,1140,300.0,520000,12/03/1404,6,156000000,2025-06-02,Monday,0,2025-06
190,customer48,1141,400.0,400000,12/03/1404,7,160000000,2025-06-02,Monday,0,2025-06
190,customer48,1137,12.0,8650000,12/03/1404,8,103800000,2025-06-02,Monday,0,2025-06
190,customer48,1136,80.0,3840000,12/03/1404,9,307200000,2025-06-02,Monday,0,2025-06
190,customer48,1135,30.0,5040000,12/03/1404,10,151200000,2025-06-02,Monday,0,2025-06
190,customer48,1134,100.0,7280000,12/03/1404,11,728000000,2025-06-02,Monday,0,2025-06
191,customer7,879114,20.0,530000,12/03/1404,1,10600000,2025-06-02,Monday,0,2025-06
191,customer7,879101,5.0,1465000,12/03/1404,2,7325000,2025-06-02,Monday,0,2025-06
191,customer7,1159,10.0,1070000,12/03/1404,3,10700000,2025-06-02,Monday,0,2025-06
191,customer7,1264,5.0,13100000,12/03/1404,4,65500000,2025-06-02,Monday,0,2025-06
191,customer7,1266,2.0,6970000,12/03/1404,5,13940000,2025-06-02,Monday,0,2025-06
191,customer7,1134,15.0,7280000,12/03/1404,6,109200000,2025-06-02,Monday,0,2025-06
192,customer7,819161020,140.0,258280,12/03/1404,1,36159200,2025-06-02,Monday,0,2025-06
192,customer7,855341309,10.0,520080,12/03/1404,2,5200800,2025-06-02,Monday,0,2025-06
192,customer7,807311101,30.0,38170,12/03/1404,3,1145100,2025-06-02,Monday,0,2025-06
192,customer7,855321305,150.0,69080,12/03/1404,4,10362000,2025-06-02,Monday,0,2025-06
192,customer7,855341401,30.0,992970,12/03/1404,5,29789100,2025-06-02,Monday,0,2025-06
193,customer29,807261401,150.0,24640,12/03/1404,1,3696000,2025-06-02,Monday,0,2025-06
193,customer29,855341201,160.0,680020,12/03/1404,2,108803200,2025-06-02,Monday,0,2025-06
193,customer29,807211129,300.0,18590,12/03/1404,3,5577000,2025-06-02,Monday,0,2025-06
193,customer29,855321301,250.0,43890,12/03/1404,4,10972500,2025-06-02,Monday,0,2025-06
193,customer29,855321501,170.0,61710,12/03/1404,5,10490700,2025-06-02,Monday,0,2025-06
193,customer29,855321742,50.0,334290,12/03/1404,6,16714500,2025-06-02,Monday,0,2025-06
193,customer29,855341301,120.0,436370,12/03/1404,7,52364400,2025-06-02,Monday,0,2025-06
194,customer29,1140,60.0,520000,12/03/1404,1,31200000,2025-06-02,Monday,0,2025-06
195,customer66,1425,300.0,223520,12/03/1404,1,67056000,2025-06-02,Monday,0,2025-06
195,customer66,1406,800.0,66990,12/03/1404,2,53592000,2025-06-02,Monday,0,2025-06
196,customer67,819141020,420.0,291720,12/03/1404,1,122522400,2025-06-02,Monday,0,2025-06
196,customer67,819141032,80.0,868230,12/03/1404,2,69458400,2025-06-02,Monday,0,2025-06
196,customer67,1405,1000.0,56430,12/03/1404,3,56430000,2025-06-02,Monday,0,2025-06
197,customer68,819141020,280.0,291720,12/03/1404,1,81681600,2025-06-02,Monday,0,2025-06
197,customer68,1406,3800.0,66990,12/03/1404,2,254562000,2025-06-02,Monday,0,2025-06
197,customer68,1407,2600.0,81070,12/03/1404,3,210782000,2025-06-02,Monday,0,2025-06
197,customer68,1425,150.0,223520,12/03/1404,4,33528000,2025-06-02,Monday,0,2025-06
197,customer68,879273,200.0,155430,12/03/1404,5,31086000,2025-06-02,Monday,0,2025-06
197,customer68,879272,200.0,121440,12/03/1404,6,24288000,2025-06-02,Monday,0,2025-06
198,customer56,323125,1.0,24231800,24/02/1404,1,24231800,2025-05-14,Wednesday,2,2025-05
199,customer69,819141020,140.0,291720,13/03/1404,1,40840800,2025-06-03,Tuesday,1,2025-06
199,customer69,819141025,100.0,460350,13/03/1404,2,46035000,2025-06-03,Tuesday,1,2025-06
199,customer69,855341301,120.0,436370,13/03/1404,3,52364400,2025-06-03,Tuesday,1,2025-06
199,customer69,855341409,17.0,1342440,13/03/1404,4,22821480,2025-06-03,Tuesday,1,2025-06
199,customer69,341901,20.0,653840,13/03/1404,5,13076800,2025-06-03,Tuesday,1,2025-06
200,customer31,855162402,38.0,1302730,13/03/1404,1,49503740,2025-06-03,Tuesday,1,2025-06
200,customer31,855162436,2.0,6397710,13/03/1404,2,12795420,2025-06-03,Tuesday,1,2025-06
200,customer31,855162410,2.0,1782330,13/03/1404,3,3564660,2025-06-03,Tuesday,1,2025-06
200,customer31,323045,1.0,11620290,13/03/1404,4,11620290,2025-06-03,Tuesday,1,2025-06
200,customer31,855141534,6.0,2576310,13/03/1404,5,15457860,2025-06-03,Tuesday,1,2025-06
200,customer31,855161702,1.0,1134650,13/03/1404,6,1134650,2025-06-03,Tuesday,1,2025-06
200,customer31,323055,1.0,12606880,13/03/1404,7,12606880,2025-06-03,Tuesday,1,2025-06
200,customer31,641436,2.0,11215930,13/03/1404,8,22431860,2025-06-03,Tuesday,1,2025-06
200,customer31,641202,21.0,2611400,13/03/1404,9,54839400,2025-06-03,Tuesday,1,2025-06
200,customer31,371016,100.0,32780,13/03/1404,10,3278000,2025-06-03,Tuesday,1,2025-06
200,customer31,371020,100.0,41470,13/03/1404,11,4147000,2025-06-03,Tuesday,1,2025-06
200,customer31,855162642,4.0,2838990,13/03/1404,12,11355960,2025-06-03,Tuesday,1,2025-06
200,customer31,855162650,2.0,4267780,13/03/1404,13,8535560,2025-06-03,Tuesday,1,2025-06
200,customer31,855141554,6.0,3474130,13/03/1404,14,20844780,2025-06-03,Tuesday,1,2025-06
200,customer31,855141122,2.0,1902010,13/03/1404,15,3804020,2025-06-03,Tuesday,1,2025-06
200,customer31,855141124,2.0,2696320,13/03/1404,16,5392640,2025-06-03,Tuesday,1,2025-06
200,customer31,641412,3.0,6115230,13/03/1404,17,18345690,2025-06-03,Tuesday,1,2025-06
201,customer1,855341301,120.0,436370,13/03/1404,1,52364400,2025-06-03,Tuesday,1,2025-06
201,customer1,819141020,160.0,291720,13/03/1404,2,46675200,2025-06-03,Tuesday,1,2025-06
201,customer1,855321301,250.0,43890,13/03/1404,3,10972500,2025-06-03,Tuesday,1,2025-06
202,customer1,879516174,2.0,12550000,13/03/1404,1,25100000,2025-06-03,Tuesday,1,2025-06
203,customer1,819141020,32.0,291720,13/03/1404,1,9335040,2025-06-03,Tuesday,1,2025-06
204,customer1,1249,10.0,435000,13/03/1404,1,4350000,2025-06-03,Tuesday,1,2025-06
205,customer1,879091,2.0,628540,13/03/1404,1,1257080,2025-06-03,Tuesday,1,2025-06
206,customer9,855121160,60.0,790020,14/03/1404,1,47401200,2025-06-04,Wednesday,2,2025-06
206,customer9,855211326,12.0,3179440,14/03/1404,2,38153280,2025-06-04,Wednesday,2,2025-06
206,customer9,323055,2.0,12606880,14/03/1404,3,25213760,2025-06-04,Wednesday,2,2025-06
206,customer9,813121016,800.0,339240,14/03/1404,4,271392000,2025-06-04,Wednesday,2,2025-06
206,customer9,855311134,3.0,10080400,14/03/1404,5,30241200,2025-06-04,Wednesday,2,2025-06
206,customer9,855121906,36.0,1102200,14/03/1404,6,39679200,2025-06-04,Wednesday,2,2025-06
206,customer9,855311135,2.0,12488410,14/03/1404,7,24976820,2025-06-04,Wednesday,2,2025-06
206,customer9,855211424,8.0,3839880,14/03/1404,8,30719040,2025-06-04,Wednesday,2,2025-06
207,customer70,516,2.0,1500000,26/02/1404,1,3000000,2025-05-16,Friday,4,2025-05
207,customer70,747,6.0,950000,26/02/1404,2,5700000,2025-05-16,Friday,4,2025-05
207,customer70,118,3.0,60000,26/02/1404,3,180000,2025-05-16,Friday,4,2025-05
207,customer70,417,6.0,1000000,26/02/1404,4,6000000,2025-05-16,Friday,4,2025-05
207,customer70,641426,2.0,10681990,26/02/1404,1,21363980,2025-05-16,Friday,4,2025-05
207,customer70,641436,4.0,11215930,26/02/1404,2,44863720,2025-05-16,Friday,4,2025-05
207,customer70,641202,48.0,2611400,26/02/1404,3,125347200,2025-05-16,Friday,4,2025-05
207,customer70,855121142,4.0,1139270,26/02/1404,4,4557080,2025-05-16,Friday,4,2025-05
207,customer70,855311238,4.0,28935500,26/02/1404,5,115742000,2025-05-16,Friday,4,2025-05
207,customer70,855311133,1.0,7529940,26/02/1404,6,7529940,2025-05-16,Friday,4,2025-05
207,customer70,371016,300.0,32780,26/02/1404,7,9834000,2025-05-16,Friday,4,2025-05
207,customer70,371020,100.0,41470,26/02/1404,8,4147000,2025-05-16,Friday,4,2025-05
207,customer70,855162642,20.0,1853280,26/02/1404,9,37065600,2025-05-16,Friday,4,2025-05
207,customer70,547,32.0,67650,26/02/1404,10,2164800,2025-05-16,Friday,4,2025-05
207,customer70,855121188,4.0,927410,26/02/1404,11,3709640,2025-05-16,Friday,4,2025-05
207,customer70,807311113,8.0,113960,26/02/1404,12,911680,2025-05-16,Friday,4,2025-05
207,customer70,813121016,400.0,339240,26/02/1404,13,135696000,2025-05-16,Friday,4,2025-05
207,customer70,855121102,8.0,587950,26/02/1404,14,4703600,2025-05-16,Friday,4,2025-05
207,customer70,85511134,2.0,10080400,26/02/1404,15,20160800,2025-05-16,Friday,4,2025-05
207,customer70,855121906,2.0,1102200,26/02/1404,16,2204400,2025-05-16,Friday,4,2025-05
207,customer70,855121908,4.0,2337060,26/02/1404,17,9348240,2025-05-16,Friday,4,2025-05
207,customer70,323045,2.0,11620290,26/02/1404,18,23240580,2025-05-16,Friday,4,2025-05
207,customer70,855162410,4.0,1782330,26/02/1404,19,7129320,2025-05-16,Friday,4,2025-05
207,customer70,807311119,16.0,276210,26/02/1404,20,4419360,2025-05-16,Friday,4,2025-05
207,customer70,807311125,2.0,340890,26/02/1404,21,681780,2025-05-16,Friday,4,2025-05
207,customer70,855121244,4.0,1952170,26/02/1404,22,7808680,2025-05-16,Friday,4,2025-05
207,customer70,323065,2.0,13808520,26/02/1404,23,27617040,2025-05-16,Friday,4,2025-05
207,customer70,807311110,10.0,60500,26/02/1404,24,605000,2025-05-16,Friday,4,2025-05
207,customer70,855162436,4.0,6397710,26/02/1404,25,25590840,2025-05-16,Friday,4,2025-05
207,customer70,855162402,48.0,1302730,26/02/1404,26,62531040,2025-05-16,Friday,4,2025-05
207,customer70,807261401,56.0,24640,26/02/1404,27,1379840,2025-05-16,Friday,4,2025-05
207,customer70,121234,8.0,2018390,26/02/1404,28,16147120,2025-05-16,Friday,4,2025-05
207,customer70,641412,4.0,6115230,26/02/1404,29,24460920,2025-05-16,Friday,4,2025-05
209,customer7,641604,4.0,4493280,12/03/1404,1,17973120,2025-06-02,Monday,0,2025-06
209,customer7,641602,6.0,3073840,12/03/1404,2,18443040,2025-06-02,Monday,0,2025-06
211,customer71,807261101,10.0,17160,17/03/1404,1,171600,2025-06-07,Saturday,5,2025-06
211,customer71,341901,5.0,653840,17/03/1404,2,3269200,2025-06-07,Saturday,5,2025-06
211,customer71,855321701,10.0,28160,17/03/1404,3,281600,2025-06-07,Saturday,5,2025-06
211,customer71,855321401,10.0,44990,17/03/1404,4,449900,2025-06-07,Saturday,5,2025-06
211,customer71,855321901,5.0,205000,17/03/1404,5,1025000,2025-06-07,Saturday,5,2025-06
211,customer71,855341801,5.0,1966910,17/03/1404,6,9834550,2025-06-07,Saturday,5,2025-06
211,customer71,855341201,5.0,680020,17/03/1404,7,3400100,2025-06-07,Saturday,5,2025-06
211,customer71,855321201,10.0,31900,17/03/1404,8,319000,2025-06-07,Saturday,5,2025-06
211,customer71,855321301,20.0,43890,17/03/1404,9,877800,2025-06-07,Saturday,5,2025-06
211,customer71,855321501,10.0,61710,17/03/1404,10,617100,2025-06-07,Saturday,5,2025-06
211,customer71,855321101,20.0,33330,17/03/1404,11,666600,2025-06-07,Saturday,5,2025-06
211,customer71,855341101,5.0,414920,17/03/1404,12,2074600,2025-06-07,Saturday,5,2025-06
211,customer71,855341301,10.0,436370,17/03/1404,13,4363700,2025-06-07,Saturday,5,2025-06
212,customer71,879245,3.0,2100000,17/03/1404,1,6300000,2025-06-07,Saturday,5,2025-06
214,customer5,855321101,10.0,33330,17/03/1404,1,333300,2025-06-07,Saturday,5,2025-06
214,customer5,855321301,20.0,43890,17/03/1404,2,877800,2025-06-07,Saturday,5,2025-06
215,customer31,861645201,15.0,1636030,17/03/1404,1,24540450,2025-06-07,Saturday,5,2025-06
215,customer31,855321605,120.0,80190,17/03/1404,2,9622800,2025-06-07,Saturday,5,2025-06
215,customer31,819141025,300.0,460350,17/03/1404,3,138105000,2025-06-07,Saturday,5,2025-06
215,customer31,855341301,240.0,436370,17/03/1404,4,104728800,2025-06-07,Saturday,5,2025-06
215,customer31,819141020,280.0,291720,17/03/1404,5,81681600,2025-06-07,Saturday,5,2025-06
215,customer31,855341401,30.0,992970,17/03/1404,6,29789100,2025-06-07,Saturday,5,2025-06
215,customer31,855321505,100.0,87340,17/03/1404,7,8734000,2025-06-07,Saturday,5,2025-06
215,customer31,855321101,360.0,33330,17/03/1404,8,11998800,2025-06-07,Saturday,5,2025-06
215,customer31,855321301,500.0,43890,17/03/1404,9,21945000,2025-06-07,Saturday,5,2025-06
215,customer31,855321305,300.0,69080,17/03/1404,10,20724000,2025-06-07,Saturday,5,2025-06
215,customer31,855321501,340.0,61710,17/03/1404,11,20981400,2025-06-07,Saturday,5,2025-06
215,customer31,807211125,800.0,17160,17/03/1404,12,13728000,2025-06-07,Saturday,5,2025-06
215,customer31,855321201,400.0,31900,17/03/1404,13,12760000,2025-06-07,Saturday,5,2025-06
215,customer31,855321405,180.0,66990,17/03/1404,14,12058200,2025-06-07,Saturday,5,2025-06
215,customer31,861645151,20.0,1600060,17/03/1404,15,32001200,2025-06-07,Saturday,5,2025-06
215,customer31,855341801,20.0,1966910,17/03/1404,16,39338200,2025-06-07,Saturday,5,2025-06
215,customer31,819141063,24.0,3780807,17/03/1404,17,90739368,2025-06-07,Saturday,5,2025-06
215,customer31,819121025,200.0,536470,17/03/1404,18,107294000,2025-06-07,Saturday,5,2025-06
215,customer31,819121020,280.0,338140,17/03/1404,19,94679200,2025-06-07,Saturday,5,2025-06
215,customer31,855341225,10.0,3860670,17/03/1404,20,38606700,2025-06-07,Saturday,5,2025-06
215,customer31,855341345,10.0,939840,17/03/1404,21,9398400,2025-06-07,Saturday,5,2025-06
215,customer31,855321321,16.0,660330,17/03/1404,22,10565280,2025-06-07,Saturday,5,2025-06
215,customer31,855341813,5.0,6898760,17/03/1404,23,34493800,2025-06-07,Saturday,5,2025-06
215,customer31,819141040,48.0,1457894,17/03/1404,24,69978912,2025-06-07,Saturday,5,2025-06
215,customer31,807261401,150.0,24640,17/03/1404,25,3696000,2025-06-07,Saturday,5,2025-06
216,customer31,813121020,300.0,635690,17/03/1404,1,190707000,2025-06-07,Saturday,5,2025-06
216,customer31,855121244,10.0,1601270,17/03/1404,2,16012700,2025-06-07,Saturday,5,2025-06
216,customer31,855121242,10.0,1931930,17/03/1404,3,19319300,2025-06-07,Saturday,5,2025-06
216,customer31,855212402,48.0,1719850,17/03/1404,4,82552800,2025-06-07,Saturday,5,2025-06
216,customer31,855211112,20.0,1223970,17/03/1404,5,24479400,2025-06-07,Saturday,5,2025-06
216,customer31,855213402,10.0,2491940,17/03/1404,6,24919400,2025-06-07,Saturday,5,2025-06
216,customer31,855121222,20.0,724240,17/03/1404,7,14484800,2025-06-07,Saturday,5,2025-06
216,customer31,855213410,10.0,3449050,17/03/1404,8,34490500,2025-06-07,Saturday,5,2025-06
216,customer31,855211302,20.0,1934680,17/03/1404,9,38693600,2025-06-07,Saturday,5,2025-06
216,customer31,855311237,4.0,24768920,17/03/1404,10,99075680,2025-06-07,Saturday,5,2025-06
216,customer31,855181504,20.0,3888390,17/03/1404,11,77767800,2025-06-07,Saturday,5,2025-06
217,customer32,855212410,20.0,3173280,17/03/1404,1,63465600,2025-06-07,Saturday,5,2025-06
217,customer32,855181306,23.0,6135140,17/03/1404,2,141108220,2025-06-07,Saturday,5,2025-06
217,customer32,855181506,4.0,7036260,17/03/1404,3,28145040,2025-06-07,Saturday,5,2025-06
217,customer32,855212424,2.0,5267680,17/03/1404,4,10535360,2025-06-07,Saturday,5,2025-06
217,customer32,855181304,6.0,3580500,17/03/1404,5,21483000,2025-06-07,Saturday,5,2025-06
217,customer32,855181558,8.0,5845070,17/03/1404,6,46760560,2025-06-07,Saturday,5,2025-06
218,customer48,807261401,600.0,24640,18/03/1404,1,14784000,2025-06-08,Sunday,6,2025-06
218,customer48,819161020,560.0,258280,18/03/1404,2,144636800,2025-06-08,Sunday,6,2025-06
218,customer48,861645151,55.0,1600060,18/03/1404,3,88003300,2025-06-08,Sunday,6,2025-06
219,customer66,1405,1000.0,56430,18/03/1404,1,56430000,2025-06-08,Sunday,6,2025-06
219,customer66,819141020,140.0,291720,18/03/1404,2,40840800,2025-06-08,Sunday,6,2025-06
220,customer31,371020,400.0,41470,18/03/1404,1,16588000,2025-06-08,Sunday,6,2025-06
220,customer31,371016,400.0,32780,18/03/1404,2,13112000,2025-06-08,Sunday,6,2025-06
221,customer72,341901,2.0,653840,18/03/1404,1,1307680,2025-06-08,Sunday,6,2025-06
221,customer72,855121222,1.0,724240,18/03/1404,2,724240,2025-06-08,Sunday,6,2025-06
221,customer72,855121142,1.0,1139270,18/03/1404,3,1139270,2025-06-08,Sunday,6,2025-06
221,customer72,861645151,1.0,1600060,18/03/1404,4,1600060,2025-06-08,Sunday,6,2025-06
221,customer72,118,12.0,60000,18/03/1404,5,720000,2025-06-08,Sunday,6,2025-06
221,customer72,855341201,1.0,680020,18/03/1404,6,680020,2025-06-08,Sunday,6,2025-06
221,customer72,855321305,15.0,69080,18/03/1404,7,1036200,2025-06-08,Sunday,6,2025-06
221,customer72,855321301,10.0,43890,18/03/1404,8,438900,2025-06-08,Sunday,6,2025-06
221,customer72,855341101,1.0,414920,18/03/1404,9,414920,2025-06-08,Sunday,6,2025-06
221,customer72,855341301,1.0,436370,18/03/1404,10,436370,2025-06-08,Sunday,6,2025-06
221,customer72,343313,1.0,760100,18/03/1404,11,760100,2025-06-08,Sunday,6,2025-06
221,customer72,861645201,2.0,1636030,18/03/1404,12,3272060,2025-06-08,Sunday,6,2025-06
222,customer73,819161020,32.0,258280,18/03/1404,1,8264960,2025-06-08,Sunday,6,2025-06
222,customer73,855341401,10.0,992970,18/03/1404,2,9929700,2025-06-08,Sunday,6,2025-06
222,customer73,855321301,30.0,43890,18/03/1404,3,1316700,2025-06-08,Sunday,6,2025-06
222,customer73,855321209,4.0,45540,18/03/1404,4,182160,2025-06-08,Sunday,6,2025-06
223,customer19,813141025,15.0,1011000,19/03/1404,1,15165000,2025-06-09,Monday,0,2025-06
224,customer43,879272,400.0,121440,20/03/1404,1,48576000,2025-06-10,Tuesday,1,2025-06
224,customer43,48080,150.0,223520,20/03/1404,2,33528000,2025-06-10,Tuesday,1,2025-06
224,customer43,1407,1000.0,81070,20/03/1404,3,81070000,2025-06-10,Tuesday,1,2025-06
224,customer43,861645151,20.0,1600060,20/03/1404,4,32001200,2025-06-10,Tuesday,1,2025-06
224,customer43,855321101,360.0,33330,20/03/1404,5,11998800,2025-06-10,Tuesday,1,2025-06
224,customer43,855321501,170.0,61710,20/03/1404,6,10490700,2025-06-10,Tuesday,1,2025-06
224,customer43,855321305,150.0,69080,20/03/1404,7,10362000,2025-06-10,Tuesday,1,2025-06
224,customer43,855321301,250.0,43890,20/03/1404,8,10972500,2025-06-10,Tuesday,1,2025-06
225,customer40,807261401,35.0,24640,19/03/1404,1,862400,2025-06-09,Monday,0,2025-06
225,customer40,879516143,1.0,1886040,19/03/1404,2,1886040,2025-06-09,Monday,0,2025-06
225,customer40,312204,2.0,15890930,19/03/1404,3,31781860,2025-06-09,Monday,0,2025-06
225,customer40,312207,2.0,27807560,19/03/1404,4,55615120,2025-06-09,Monday,0,2025-06
225,customer40,855121102,4.0,587950,19/03/1404,5,2351800,2025-06-09,Monday,0,2025-06
225,customer40,813121016,400.0,360690,19/03/1404,6,144276000,2025-06-09,Monday,0,2025-06
225,customer40,807311113,5.0,113960,19/03/1404,7,569800,2025-06-09,Monday,0,2025-06
225,customer40,420,3.0,1000000,19/03/1404,8,3000000,2025-06-09,Monday,0,2025-06
225,customer40,855121432,2.0,2699070,19/03/1404,9,5398140,2025-06-09,Monday,0,2025-06
225,customer40,855121906,3.0,1102200,19/03/1404,10,3306600,2025-06-09,Monday,0,2025-06
225,customer40,855162402,22.0,1302730,19/03/1404,11,28660060,2025-06-09,Monday,0,2025-06
225,customer40,813121020,25.0,630690,19/03/1404,12,15767250,2025-06-09,Monday,0,2025-06
225,customer40,813121025,2.0,1075690,19/03/1404,13,2151380,2025-06-09,Monday,0,2025-06
225,customer40,855162424,2.0,4407810,19/03/1404,14,8815620,2025-06-09,Monday,0,2025-06
225,customer40,807311119,7.0,276210,19/03/1404,15,1933470,2025-06-09,Monday,0,2025-06
225,customer40,855162410,2.0,1782330,19/03/1404,16,3564660,2025-06-09,Monday,0,2025-06
225,customer40,855211326,2.0,3179440,19/03/1404,17,6358880,2025-06-09,Monday,0,2025-06
225,customer40,807311116,4.0,170940,19/03/1404,18,683760,2025-06-09,Monday,0,2025-06
225,customer40,855162642,15.0,1853280,19/03/1404,19,27799200,2025-06-09,Monday,0,2025-06
225,customer40,855211112,2.0,1644500,19/03/1404,20,3289000,2025-06-09,Monday,0,2025-06
225,customer40,323095,1.0,20378160,19/03/1404,21,20378160,2025-06-09,Monday,0,2025-06
225,customer40,855121235,1.0,1051710,19/03/1404,22,1051710,2025-06-09,Monday,0,2025-06
225,customer40,641312,1.0,5886980,19/03/1404,23,5886980,2025-06-09,Monday,0,2025-06
225,customer40,855121142,2.0,1139270,19/03/1404,24,2278540,2025-06-09,Monday,0,2025-06
226,customer56,855211324,2.0,3985190,20/03/1404,1,7970380,2025-06-10,Tuesday,1,2025-06
226,customer56,855211310,5.0,2833320,20/03/1404,2,14166600,2025-06-10,Tuesday,1,2025-06
226,customer56,902,20.0,461780,20/03/1404,3,9235600,2025-06-10,Tuesday,1,2025-06
226,customer56,903,60.0,495000,20/03/1404,4,29700000,2025-06-10,Tuesday,1,2025-06
226,customer56,905,34.0,686840,20/03/1404,5,23352560,2025-06-10,Tuesday,1,2025-06
226,customer56,371016,600.0,32780,20/03/1404,6,19668000,2025-06-10,Tuesday,1,2025-06
226,customer56,855212670,1.0,4666310,20/03/1404,7,4666310,2025-06-10,Tuesday,1,2025-06
226,customer56,163642,8.0,2838990,20/03/1404,8,22711920,2025-06-10,Tuesday,1,2025-06
226,customer56,807311119,5.0,276210,20/03/1404,9,1381050,2025-06-10,Tuesday,1,2025-06
226,customer56,855121906,2.0,1102200,20/03/1404,10,2204400,2025-06-10,Tuesday,1,2025-06
226,customer56,855311135,2.0,12488410,20/03/1404,11,24976820,2025-06-10,Tuesday,1,2025-06
226,customer56,861641102,10.0,1719190,20/03/1404,12,17191900,2025-06-10,Tuesday,1,2025-06
226,customer56,855211424,2.0,38398802,20/03/1404,13,76797604,2025-06-10,Tuesday,1,2025-06
226,customer56,855212402,15.0,1719850,20/03/1404,14,25797750,2025-06-10,Tuesday,1,2025-06
226,customer56,813121016,200.0,339240,20/03/1404,15,67848000,2025-06-10,Tuesday,1,2025-06
226,customer56,807311113,4.0,113960,20/03/1404,16,455840,2025-06-10,Tuesday,1,2025-06
227,customer32,855121104,10.0,1247070,20/03/1404,1,12470700,2025-06-10,Tuesday,1,2025-06
227,customer32,813121016,600.0,360690,20/03/1404,2,216414000,2025-06-10,Tuesday,1,2025-06
227,customer32,855121908,2.0,2337060,20/03/1404,3,4674120,2025-06-10,Tuesday,1,2025-06
227,customer32,855121242,2.0,2355320,20/03/1404,4,4710640,2025-06-10,Tuesday,1,2025-06
227,customer32,855212410,10.0,3173280,20/03/1404,5,31732800,2025-06-10,Tuesday,1,2025-06
227,customer32,855212402,36.0,3091330,20/03/1404,6,111287880,2025-06-10,Tuesday,1,2025-06
227,customer32,861641102,12.0,1719190,20/03/1404,7,20630280,2025-06-10,Tuesday,1,2025-06
227,customer32,323065,2.0,13808520,20/03/1404,8,27617040,2025-06-10,Tuesday,1,2025-06
227,customer32,807311110,50.0,60500,20/03/1404,9,3025000,2025-06-10,Tuesday,1,2025-06
227,customer32,807311125,10.0,340890,20/03/1404,10,3408900,2025-06-10,Tuesday,1,2025-06
227,customer32,807241513,60.0,46200,20/03/1404,11,2772000,2025-06-10,Tuesday,1,2025-06
227,customer32,813121025,100.0,1075690,20/03/1404,12,107569000,2025-06-10,Tuesday,1,2025-06
227,customer32,813121020,300.0,635690,20/03/1404,13,190707000,2025-06-10,Tuesday,1,2025-06
227,customer32,855213410,10.0,4278670,20/03/1404,14,42786700,2025-06-10,Tuesday,1,2025-06
227,customer32,163642,10.0,2838990,20/03/1404,15,28389900,2025-06-10,Tuesday,1,2025-06
227,customer32,807311150,15.0,723340,20/03/1404,16,10850100,2025-06-10,Tuesday,1,2025-06
227,customer32,323075,3.0,15999720,20/03/1404,17,47999160,2025-06-10,Tuesday,1,2025-06
227,customer32,855212424,8.0,5267680,20/03/1404,18,42141440,2025-06-10,Tuesday,1,2025-06
227,customer32,855311236,2.0,21235280,20/03/1404,19,42470560,2025-06-10,Tuesday,1,2025-06
228,customer13,855311132,2.0,5156690,21/03/1404,1,10313380,2025-06-11,Wednesday,2,2025-06
228,customer13,855212424,8.0,5267680,21/03/1404,2,42141440,2025-06-11,Wednesday,2,2025-06
228,customer13,323075,2.0,15999720,21/03/1404,3,31999440,2025-06-11,Wednesday,2,2025-06
228,customer13,855162682,10.0,5943630,21/03/1404,4,59436300,2025-06-11,Wednesday,2,2025-06
228,customer13,855211312,12.0,3214420,21/03/1404,5,38573040,2025-06-11,Wednesday,2,2025-06
228,customer13,855311238,2.0,28935500,21/03/1404,6,57871000,2025-06-11,Wednesday,2,2025-06
228,customer13,855211136,8.0,4805350,21/03/1404,7,38442800,2025-06-11,Wednesday,2,2025-06
228,customer13,855211122,20.0,2998380,21/03/1404,8,59967600,2025-06-11,Wednesday,2,2025-06
228,customer13,323125,2.0,29100500,21/03/1404,9,58201000,2025-06-11,Wednesday,2,2025-06
228,customer13,323055,2.0,12606880,21/03/1404,10,25213760,2025-06-11,Wednesday,2,2025-06
228,customer13,323065,2.0,13808520,21/03/1404,11,27617040,2025-06-11,Wednesday,2,2025-06
228,customer13,807311110,50.0,60500,21/03/1404,12,3025000,2025-06-11,Wednesday,2,2025-06
228,customer13,855121908,15.0,2337060,21/03/1404,13,35055900,2025-06-11,Wednesday,2,2025-06
228,customer13,861641102,48.0,1719190,21/03/1404,14,82521120,2025-06-11,Wednesday,2,2025-06
228,customer13,323045,2.0,11620290,21/03/1404,15,23240580,2025-06-11,Wednesday,2,2025-06
228,customer13,641522,12.0,3521980,21/03/1404,16,42263760,2025-06-11,Wednesday,2,2025-06
228,customer13,641524,4.0,3967700,21/03/1404,17,15870800,2025-06-11,Wednesday,2,2025-06
228,customer13,855211424,8.0,3839880,21/03/1404,18,30719040,2025-06-11,Wednesday,2,2025-06
230,customer11,1134,20.0,6618000,20/03/1404,1,132360000,2025-06-10,Tuesday,1,2025-06
230,customer11,1136,10.0,3491000,20/03/1404,2,34910000,2025-06-10,Tuesday,1,2025-06
231,customer11,819141020,280.0,291720,20/03/1404,1,81681600,2025-06-10,Tuesday,1,2025-06
231,customer11,855321101,360.0,33330,20/03/1404,2,11998800,2025-06-10,Tuesday,1,2025-06
231,customer11,855321201,40.0,31900,20/03/1404,3,1276000,2025-06-10,Tuesday,1,2025-06
231,customer11,861645151,12.0,1600060,20/03/1404,4,19200720,2025-06-10,Tuesday,1,2025-06
231,customer11,855341801,8.0,1966910,20/03/1404,5,15735280,2025-06-10,Tuesday,1,2025-06
232,customer7,341213,10.0,885940,22/03/1404,1,8859400,2025-06-12,Thursday,3,2025-06
232,customer7,819161025,100.0,411730,22/03/1404,2,41173000,2025-06-12,Thursday,3,2025-06
232,customer7,855341113,10.0,617870,22/03/1404,3,6178700,2025-06-12,Thursday,3,2025-06
232,customer7,855321305,150.0,69080,22/03/1404,4,10362000,2025-06-12,Thursday,3,2025-06
232,customer7,855321505,100.0,87340,22/03/1404,5,8734000,2025-06-12,Thursday,3,2025-06
232,customer7,861645155,35.0,2375560,22/03/1404,6,83144600,2025-06-12,Thursday,3,2025-06
233,customer22,128,2.0,600000,22/03/1404,1,1200000,2025-06-12,Thursday,3,2025-06
233,customer22,855121102,2.0,587950,22/03/1404,2,1175900,2025-06-12,Thursday,3,2025-06
233,customer22,367,2.0,840000,22/03/1404,3,1680000,2025-06-12,Thursday,3,2025-06
233,customer22,365,3.0,900000,22/03/1404,4,2700000,2025-06-12,Thursday,3,2025-06
233,customer22,417,2.0,1000000,22/03/1404,5,2000000,2025-06-12,Thursday,3,2025-06
233,customer22,855121502,2.0,2094000,22/03/1404,6,4188000,2025-06-12,Thursday,3,2025-06
233,customer22,879516055,2.0,1800000,22/03/1404,7,3600000,2025-06-12,Thursday,3,2025-06
234,customer74,879105,10.0,1063700,31/02/1404,1,10637000,2025-05-21,Wednesday,2,2025-05
234,customer74,812,19.0,1166880,31/02/1404,2,22170720,2025-05-21,Wednesday,2,2025-05
234,customer74,818,19.0,1617110,31/02/1404,3,30725090,2025-05-21,Wednesday,2,2025-05
234,customer74,806,26.0,649110,31/02/1404,4,16876860,2025-05-21,Wednesday,2,2025-05
234,customer74,807,8.0,1108800,31/02/1404,5,8870400,2025-05-21,Wednesday,2,2025-05
234,customer74,829,12.0,718520,31/02/1404,6,8622240,2025-05-21,Wednesday,2,2025-05
234,customer74,830,5.0,1178210,31/02/1404,7,5891050,2025-05-21,Wednesday,2,2025-05
234,customer74,851,5.0,412720,31/02/1404,8,2063600,2025-05-21,Wednesday,2,2025-05
234,customer74,853,14.0,600380,31/02/1404,9,8405320,2025-05-21,Wednesday,2,2025-05
234,customer74,854,6.0,688600,31/02/1404,10,4131600,2025-05-21,Wednesday,2,2025-05
234,customer74,837,7.0,1729750,31/02/1404,11,12108250,2025-05-21,Wednesday,2,2025-05
234,customer74,858,106.0,323070,31/02/1404,12,34245420,2025-05-21,Wednesday,2,2025-05
234,customer74,861,18.0,647240,31/02/1404,13,11650320,2025-05-21,Wednesday,2,2025-05
234,customer74,862,7.0,928730,31/02/1404,14,6501110,2025-05-21,Wednesday,2,2025-05
234,customer74,860,47.0,240350,31/02/1404,15,11296450,2025-05-21,Wednesday,2,2025-05
234,customer74,859,56.0,391710,31/02/1404,16,21935760,2025-05-21,Wednesday,2,2025-05
234,customer74,871,16.0,1005620,31/02/1404,17,16089920,2025-05-21,Wednesday,2,2025-05
234,customer74,872,10.0,1258840,31/02/1404,18,12588400,2025-05-21,Wednesday,2,2025-05
234,customer74,873,6.0,1489620,31/02/1404,19,8937720,2025-05-21,Wednesday,2,2025-05
234,customer74,874,1.0,1821160,31/02/1404,20,1821160,2025-05-21,Wednesday,2,2025-05
234,customer74,863,17.0,1096370,31/02/1404,21,18638290,2025-05-21,Wednesday,2,2025-05
234,customer74,847,14.0,844250,31/02/1404,22,11819500,2025-05-21,Wednesday,2,2025-05
234,customer74,928,11.0,2009260,31/02/1404,23,22101860,2025-05-21,Wednesday,2,2025-05
234,customer74,944,20.0,587290,31/02/1404,24,11745800,2025-05-21,Wednesday,2,2025-05
234,customer74,945,10.0,838640,31/02/1404,25,8386400,2025-05-21,Wednesday,2,2025-05
234,customer74,948,8.0,1617110,31/02/1404,26,12936880,2025-05-21,Wednesday,2,2025-05
234,customer74,938,1.0,2648910,31/02/1404,27,2648910,2025-05-21,Wednesday,2,2025-05
234,customer74,929,10.0,2943490,31/02/1404,28,29434900,2025-05-21,Wednesday,2,2025-05
234,customer74,889,4.0,4057790,31/02/1404,29,16231160,2025-05-21,Wednesday,2,2025-05
234,customer74,869,34.0,602250,31/02/1404,30,20476500,2025-05-21,Wednesday,2,2025-05
234,customer74,870,12.0,943690,31/02/1404,31,11324280,2025-05-21,Wednesday,2,2025-05
234,customer74,876,5.0,86020,31/02/1404,32,430100,2025-05-21,Wednesday,2,2025-05
234,customer74,877,32.0,169840,31/02/1404,33,5434880,2025-05-21,Wednesday,2,2025-05
234,customer74,878,2.0,287100,31/02/1404,34,574200,2025-05-21,Wednesday,2,2025-05
234,customer74,880,2.0,1191300,31/02/1404,35,2382600,2025-05-21,Wednesday,2,2025-05
234,customer74,881,10.0,1663640,31/02/1404,36,16636400,2025-05-21,Wednesday,2,2025-05
234,customer74,882,9.0,1275780,31/02/1404,37,11482020,2025-05-21,Wednesday,2,2025-05
234,customer74,884,3.0,1380830,31/02/1404,38,4142490,2025-05-21,Wednesday,2,2025-05
234,customer74,887,3.0,2101220,31/02/1404,39,6303660,2025-05-21,Wednesday,2,2025-05
234,customer74,888,1.0,5363490,31/02/1404,40,5363490,2025-05-21,Wednesday,2,2025-05
235,customer7,855341909,10.0,851070,29/03/1404,1,8510700,2025-06-19,Thursday,3,2025-06
235,customer7,341901,10.0,853840,29/03/1404,2,8538400,2025-06-19,Thursday,3,2025-06
235,customer7,855321209,10.0,45540,29/03/1404,3,455400,2025-06-19,Thursday,3,2025-06
235,customer7,855121222,20.0,724240,29/03/1404,4,14484800,2025-06-19,Thursday,3,2025-06
235,customer7,855121235,10.0,1051710,29/03/1404,5,10517100,2025-06-19,Thursday,3,2025-06
235,customer7,1199,100.0,80000,29/03/1404,6,8000000,2025-06-19,Thursday,3,2025-06
235,customer7,855121142,15.0,1139270,29/03/1404,7,17089050,2025-06-19,Thursday,3,2025-06
235,customer7,641642,10.0,3598540,29/03/1404,8,35985400,2025-06-19,Thursday,3,2025-06
235,customer7,861645151,55.0,1600060,29/03/1404,9,88003300,2025-06-19,Thursday,3,2025-06
235,customer7,855321905,10.0,281490,29/03/1404,10,2814900,2025-06-19,Thursday,3,2025-06
235,customer7,855341201,20.0,680020,29/03/1404,11,13600400,2025-06-19,Thursday,3,2025-06
235,customer7,855341101,20.0,414920,29/03/1404,12,8298400,2025-06-19,Thursday,3,2025-06
235,customer7,861645155,10.0,2375560,29/03/1404,13,23755600,2025-06-19,Thursday,3,2025-06
235,customer7,855121232,15.0,1135200,29/03/1404,14,17028000,2025-06-19,Thursday,3,2025-06
236,customer44,855162402,3.0,1302730,30/03/1404,1,3908190,2025-06-20,Friday,4,2025-06
236,customer44,813121016,27.5,360690,30/03/1404,2,9918975,2025-06-20,Friday,4,2025-06
236,customer44,288,1.0,4336530,30/03/1404,3,4336530,2025-06-20,Friday,4,2025-06
236,customer44,855121244,1.0,1952170,30/03/1404,4,1952170,2025-06-20,Friday,4,2025-06
236,customer44,855141102,2.0,1196910,30/03/1404,5,2393820,2025-06-20,Friday,4,2025-06
236,customer44,855121432,1.0,2859340,30/03/1404,6,2859340,2025-06-20,Friday,4,2025-06
236,customer44,807311113,2.0,113960,30/03/1404,7,227920,2025-06-20,Friday,4,2025-06
236,customer44,855141502,1.0,1825780,30/03/1404,8,1825780,2025-06-20,Friday,4,2025-06
236,customer44,641202,1.0,2611400,30/03/1404,9,2611400,2025-06-20,Friday,4,2025-06
236,customer44,371016,12.0,32780,30/03/1404,10,393360,2025-06-20,Friday,4,2025-06
236,customer44,855162682,2.0,5943630,30/03/1404,11,11887260,2025-06-20,Friday,4,2025-06
236,customer44,807261401,4.0,24640,30/03/1404,12,98560,2025-06-20,Friday,4,2025-06
237,customer7,1140,60.0,473000,30/03/1404,1,28380000,2025-06-20,Friday,4,2025-06
238,customer75,879475531,104.5,2425170,30/03/1404,1,253430265,2025-06-20,Friday,4,2025-06
239,customer14,1422,2.0,13500000,29/03/1404,1,27000000,2025-06-19,Thursday,3,2025-06
239,customer14,1134,10.0,6618000,29/03/1404,2,66180000,2025-06-19,Thursday,3,2025-06
239,customer14,1136,10.0,3491000,29/03/1404,3,34910000,2025-06-19,Thursday,3,2025-06
239,customer14,1140,60.0,473000,29/03/1404,4,28380000,2025-06-19,Thursday,3,2025-06
239,customer14,1148,90.0,750000,29/03/1404,5,67500000,2025-06-19,Thursday,3,2025-06
239,customer14,1146,20.0,1027000,29/03/1404,6,20540000,2025-06-19,Thursday,3,2025-06
239,customer14,1151,30.0,1014000,29/03/1404,7,30420000,2025-06-19,Thursday,3,2025-06
239,customer14,1264,10.0,11800000,29/03/1404,8,118000000,2025-06-19,Thursday,3,2025-06
239,customer14,1266,10.0,6336000,29/03/1404,9,63360000,2025-06-19,Thursday,3,2025-06
239,customer14,1159,30.0,973000,29/03/1404,10,29190000,2025-06-19,Thursday,3,2025-06
239,customer14,1158,40.0,732000,29/03/1404,11,29280000,2025-06-19,Thursday,3,2025-06
240,customer76,1264,3.0,11800000,29/03/1404,1,35400000,2025-06-19,Thursday,3,2025-06
240,customer76,1266,1.0,6336000,29/03/1404,2,6336000,2025-06-19,Thursday,3,2025-06
240,customer76,962,2.0,656150,29/03/1404,3,1312300,2025-06-19,Thursday,3,2025-06
240,customer76,1140,2.0,473000,29/03/1404,4,946000,2025-06-19,Thursday,3,2025-06
241,customer7,879287,20.0,218000,29/03/1404,1,4360000,2025-06-19,Thursday,3,2025-06
241,customer7,1153,20.0,286000,29/03/1404,2,5720000,2025-06-19,Thursday,3,2025-06
241,customer7,1152,20.0,118000,29/03/1404,3,2360000,2025-06-19,Thursday,3,2025-06
242,customer58,855121102,100.0,587950,22/03/1404,1,58795000,2025-06-12,Thursday,3,2025-06
242,customer58,855212402,96.0,1719850,22/03/1404,2,165105600,2025-06-12,Thursday,3,2025-06
242,customer58,813121016,3000.0,360690,22/03/1404,3,1082070000,2025-06-12,Thursday,3,2025-06
242,customer58,813121025,300.0,1075690,22/03/1404,4,322707000,2025-06-12,Thursday,3,2025-06
242,customer58,807311119,105.0,276210,22/03/1404,5,29002050,2025-06-12,Thursday,3,2025-06
242,customer58,807311125,60.0,340890,22/03/1404,6,20453400,2025-06-12,Thursday,3,2025-06
242,customer58,855311237,8.0,24768920,22/03/1404,7,198151360,2025-06-12,Thursday,3,2025-06
242,customer58,855181102,64.0,2339370,22/03/1404,8,149719680,2025-06-12,Thursday,3,2025-06
242,customer58,807261409,120.0,72160,22/03/1404,9,8659200,2025-06-12,Thursday,3,2025-06
242,customer58,819161020,2100.0,258280,22/03/1404,10,542388000,2025-06-12,Thursday,3,2025-06
242,customer58,819161025,500.0,411730,22/03/1404,11,205865000,2025-06-12,Thursday,3,2025-06
242,customer58,807261401,1500.0,24640,22/03/1404,12,36960000,2025-06-12,Thursday,3,2025-06
243,customer77,1405,200.0,56430,21/03/1404,1,11286000,2025-06-11,Wednesday,2,2025-06
243,customer77,1425,150.0,223520,21/03/1404,2,33528000,2025-06-11,Wednesday,2,2025-06
243,customer77,861645201,65.0,1636030,21/03/1404,3,106341950,2025-06-11,Wednesday,2,2025-06
243,customer77,855321301,250.0,43890,21/03/1404,4,10972500,2025-06-11,Wednesday,2,2025-06
244,customer78,109,1.0,3900000,22/03/1404,1,3900000,2025-06-12,Thursday,3,2025-06
244,customer78,965,2.0,2850000,22/03/1404,2,5700000,2025-06-12,Thursday,3,2025-06
244,customer78,879161,2.0,2100000,22/03/1404,3,4200000,2025-06-12,Thursday,3,2025-06
244,customer78,879245,2.0,1900000,22/03/1404,4,3800000,2025-06-12,Thursday,3,2025-06
244,customer78,879516127,4.0,6268350,22/03/1404,5,25073400,2025-06-12,Thursday,3,2025-06
245,customer27,855162642,4.0,1853280,17/03/1404,1,7413120,2025-06-07,Saturday,5,2025-06
246,customer27,855161710,4.0,1369500,17/03/1404,1,5478000,2025-06-07,Saturday,5,2025-06
246,customer27,813121025,3.0,1075690,17/03/1404,2,3227070,2025-06-07,Saturday,5,2025-06
246,customer27,813121020,106.0,635690,17/03/1404,3,67383140,2025-06-07,Saturday,5,2025-06
246,customer27,855141104,2.0,1939850,17/03/1404,4,3879700,2025-06-07,Saturday,5,2025-06
246,customer27,855311134,2.0,10087400,17/03/1404,5,20174800,2025-06-07,Saturday,5,2025-06
246,customer27,807311113,2.0,113960,17/03/1404,6,227920,2025-06-07,Saturday,5,2025-06
246,customer27,747,3.0,950000,17/03/1404,7,2850000,2025-06-07,Saturday,5,2025-06
246,customer27,641202,2.0,2081750,17/03/1404,8,4163500,2025-06-07,Saturday,5,2025-06
246,customer27,641412,2.0,6115230,17/03/1404,9,12230460,2025-06-07,Saturday,5,2025-06
247,customer45,855341301,10.0,436370,17/03/1404,1,4363700,2025-06-07,Saturday,5,2025-06
247,customer45,807261401,12.0,28160,17/03/1404,2,337920,2025-06-07,Saturday,5,2025-06
248,customer35,855321309,5.0,115830,15/03/1404,1,579150,2025-06-05,Thursday,3,2025-06
249,customer59,879516204,1.0,1300000,30/03/1404,1,1300000,2025-06-20,Friday,4,2025-06
249,customer59,879516044,1.0,3000000,30/03/1404,2,3000000,2025-06-20,Friday,4,2025-06
249,customer59,879132,1.0,3000000,30/03/1404,3,3000000,2025-06-20,Friday,4,2025-06
249,customer59,879062,1.0,52000000,30/03/1404,4,52000000,2025-06-20,Friday,4,2025-06
249,customer59,1025,1.0,58700000,30/03/1404,5,58700000,2025-06-20,Friday,4,2025-06
249,customer59,1024,1.0,95000000,30/03/1404,6,95000000,2025-06-20,Friday,4,2025-06
251,customer79,855121102,5.0,587950,28/03/1404,1,2939750,2025-06-18,Wednesday,2,2025-06
251,customer79,129,12.0,2100000,28/03/1404,2,25200000,2025-06-18,Wednesday,2,2025-06
251,customer79,418,2.0,900000,28/03/1404,3,1800000,2025-06-18,Wednesday,2,2025-06
251,customer79,417,1.0,1000000,28/03/1404,4,1000000,2025-06-18,Wednesday,2,2025-06
251,customer79,641524,2.0,3967700,28/03/1404,5,7935400,2025-06-18,Wednesday,2,2025-06
251,customer79,365,2.0,900000,28/03/1404,6,1800000,2025-06-18,Wednesday,2,2025-06
251,customer79,367,4.0,900000,28/03/1404,7,3600000,2025-06-18,Wednesday,2,2025-06
251,customer79,855121190,2.0,1226060,28/03/1404,8,2452120,2025-06-18,Wednesday,2,2025-06
251,customer79,861641624,2.0,3521980,28/03/1404,9,7043960,2025-06-18,Wednesday,2,2025-06
251,customer79,641642,1.0,3598540,28/03/1404,10,3598540,2025-06-18,Wednesday,2,2025-06
251,customer79,978,1.0,3200000,28/03/1404,11,3200000,2025-06-18,Wednesday,2,2025-06
251,customer79,516,1.0,1886000,28/03/1404,12,1886000,2025-06-18,Wednesday,2,2025-06
251,customer79,685,1.0,9200000,28/03/1404,13,9200000,2025-06-18,Wednesday,2,2025-06
251,customer79,611,1.0,600000,28/03/1404,14,600000,2025-06-18,Wednesday,2,2025-06
251,customer79,762,3.0,950000,28/03/1404,15,2850000,2025-06-18,Wednesday,2,2025-06
251,customer79,855121186,3.0,849970,28/03/1404,16,2549910,2025-06-18,Wednesday,2,2025-06
251,customer79,855121188,2.0,927410,28/03/1404,17,1854820,2025-06-18,Wednesday,2,2025-06
251,customer79,855121182,5.0,631400,28/03/1404,18,3157000,2025-06-18,Wednesday,2,2025-06
251,customer79,855121502,2.0,2094000,28/03/1404,19,4188000,2025-06-18,Wednesday,2,2025-06
251,customer79,879193,1.0,1800000,28/03/1404,20,1800000,2025-06-18,Wednesday,2,2025-06
251,customer79,879168,1.0,66000000,28/03/1404,21,66000000,2025-06-18,Wednesday,2,2025-06
251,customer79,879161,2.0,2400000,28/03/1404,22,4800000,2025-06-18,Wednesday,2,2025-06
251,customer79,855121402,2.0,1476200,28/03/1404,23,2952400,2025-06-18,Wednesday,2,2025-06
251,customer79,879516158,1.0,56500000,28/03/1404,24,56500000,2025-06-18,Wednesday,2,2025-06
251,customer79,879516159,1.0,34500000,28/03/1404,25,34500000,2025-06-18,Wednesday,2,2025-06
251,customer79,879516160,1.0,18700000,28/03/1404,26,18700000,2025-06-18,Wednesday,2,2025-06
251,customer79,879516167,1.0,18000000,28/03/1404,27,18000000,2025-06-18,Wednesday,2,2025-06
251,customer79,879516054,5.0,1850000,28/03/1404,28,9250000,2025-06-18,Wednesday,2,2025-06
251,customer79,891752156,1.0,57000000,28/03/1404,29,57000000,2025-06-18,Wednesday,2,2025-06
251,customer79,891752157,1.0,29000000,28/03/1404,30,29000000,2025-06-18,Wednesday,2,2025-06
251,customer79,891752158,1.0,28000000,28/03/1404,31,28000000,2025-06-18,Wednesday,2,2025-06
251,customer79,891752159,1.0,9500000,28/03/1404,32,9500000,2025-06-18,Wednesday,2,2025-06
251,customer79,891752160,1.0,47900000,28/03/1404,33,47900000,2025-06-18,Wednesday,2,2025-06
251,customer79,891752161,1.0,30150000,28/03/1404,34,30150000,2025-06-18,Wednesday,2,2025-06
251,customer79,891752162,1.0,20800000,28/03/1404,35,20800000,2025-06-18,Wednesday,2,2025-06
251,customer79,891752163,1.0,25300000,28/03/1404,36,25300000,2025-06-18,Wednesday,2,2025-06
252,customer73,641604,1.0,4493280,21/03/1404,1,4493280,2025-06-11,Wednesday,2,2025-06
252,customer73,855121104,1.0,1247070,21/03/1404,2,1247070,2025-06-11,Wednesday,2,2025-06
252,customer73,855341121,1.0,1492590,21/03/1404,3,1492590,2025-06-11,Wednesday,2,2025-06
252,customer73,855121235,1.0,1051710,21/03/1404,4,1051710,2025-06-11,Wednesday,2,2025-06
253,customer72,807261401,20.0,24640,16/03/1404,1,492800,2025-06-06,Friday,4,2025-06
253,customer72,855321621,1.0,144870,16/03/1404,2,144870,2025-06-06,Friday,4,2025-06
253,customer72,855341345,2.0,939840,16/03/1404,3,1879680,2025-06-06,Friday,4,2025-06
253,customer72,807341020,1.0,1804330,16/03/1404,4,1804330,2025-06-06,Friday,4,2025-06
253,customer72,807341025,1.0,2438260,16/03/1404,5,2438260,2025-06-06,Friday,4,2025-06
253,customer72,855321205,2.0,36630,16/03/1404,6,73260,2025-06-06,Friday,4,2025-06
253,customer72,855321209,4.0,45540,16/03/1404,7,182160,2025-06-06,Friday,4,2025-06
253,customer72,807261405,10.0,48070,16/03/1404,8,480700,2025-06-06,Friday,4,2025-06
253,customer72,861645159,1.0,3526820,16/03/1404,9,3526820,2025-06-06,Friday,4,2025-06
253,customer72,855321701,10.0,28160,16/03/1404,10,281600,2025-06-06,Friday,4,2025-06
253,customer72,855321109,6.0,70840,16/03/1404,11,425040,2025-06-06,Friday,4,2025-06
253,customer72,855321371,20.0,71390,16/03/1404,12,1427800,2025-06-06,Friday,4,2025-06
253,customer72,819121032,12.0,1078660,16/03/1404,13,12943920,2025-06-06,Friday,4,2025-06
253,customer72,819121020,20.0,338140,16/03/1404,14,6762800,2025-06-06,Friday,4,2025-06
253,customer72,819121025,60.0,536470,16/03/1404,15,32188200,2025-06-06,Friday,4,2025-06
253,customer72,855341805,4.0,2745820,16/03/1404,16,10983280,2025-06-06,Friday,4,2025-06
253,customer72,807211129,30.0,18590,16/03/1404,17,557700,2025-06-06,Friday,4,2025-06
253,customer72,807211125,30.0,17160,16/03/1404,18,514800,2025-06-06,Friday,4,2025-06
253,customer72,855321501,30.0,61710,16/03/1404,19,1851300,2025-06-06,Friday,4,2025-06
253,customer72,855321301,10.0,43890,16/03/1404,20,438900,2025-06-06,Friday,4,2025-06
253,customer72,855321742,10.0,334290,16/03/1404,21,3342900,2025-06-06,Friday,4,2025-06
253,customer72,855321741,10.0,215380,16/03/1404,22,2153800,2025-06-06,Friday,4,2025-06
253,customer72,855321101,20.0,33330,16/03/1404,23,666600,2025-06-06,Friday,4,2025-06
253,customer72,855321505,25.0,87340,16/03/1404,24,2183500,2025-06-06,Friday,4,2025-06
253,customer72,855341301,40.0,436370,16/03/1404,25,17454800,2025-06-06,Friday,4,2025-06
253,customer72,855321309,4.0,115830,16/03/1404,26,463320,2025-06-06,Friday,4,2025-06
253,customer72,855321509,4.0,148390,16/03/1404,27,593560,2025-06-06,Friday,4,2025-06
253,customer72,855341305,10.0,639870,16/03/1404,28,6398700,2025-06-06,Friday,4,2025-06
253,customer72,807211109,20.0,12100,16/03/1404,29,242000,2025-06-06,Friday,4,2025-06
253,customer72,807211113,9.0,20900,16/03/1404,30,188100,2025-06-06,Friday,4,2025-06
253,customer72,855321105,20.0,40700,16/03/1404,31,814000,2025-06-06,Friday,4,2025-06
253,customer72,807211105,20.0,11000,16/03/1404,32,220000,2025-06-06,Friday,4,2025-06
254,customer35,855321309,5.0,115830,17/03/1404,1,579150,2025-06-07,Saturday,5,2025-06
255,customer80,1151,30.0,1014000,31/03/1404,1,30420000,2025-06-21,Saturday,5,2025-06
255,customer80,1144,48.0,614000,31/03/1404,2,29472000,2025-06-21,Saturday,5,2025-06
255,customer80,1135,20.0,4582000,31/03/1404,3,91640000,2025-06-21,Saturday,5,2025-06
255,customer80,1136,20.0,3491000,31/03/1404,4,69820000,2025-06-21,Saturday,5,2025-06
255,customer80,1134,20.0,6618000,31/03/1404,5,132360000,2025-06-21,Saturday,5,2025-06
256,customer80,861645151,10.0,1600060,31/03/1404,1,16000600,2025-06-21,Saturday,5,2025-06
256,customer80,819161025,100.0,411730,31/03/1404,2,41173000,2025-06-21,Saturday,5,2025-06
256,customer80,819161020,420.0,258280,31/03/1404,3,108477600,2025-06-21,Saturday,5,2025-06
257,customer80,855321301,250.0,43890,31/03/1404,1,10972500,2025-06-21,Saturday,5,2025-06
258,customer80,1271,15.0,122000,31/03/1404,1,1830000,2025-06-21,Saturday,5,2025-06
258,customer80,1272,15.0,223000,31/03/1404,2,3345000,2025-06-21,Saturday,5,2025-06
270,customer9,1273,30.0,286000,22/03/1404,1,8580000,2025-06-12,Thursday,3,2025-06
270,customer9,1145,40.0,210000,22/03/1404,2,8400000,2025-06-12,Thursday,3,2025-06
270,customer9,1266,20.0,6336000,22/03/1404,3,126720000,2025-06-12,Thursday,3,2025-06
275,customer81,879516142,32.0,31066310,29/03/1404,1,994121920,2025-06-19,Thursday,3,2025-06
275,customer81,312256,32.0,18555570,29/03/1404,2,593778240,2025-06-19,Thursday,3,2025-06
275,customer81,807211141,200.0,104390,29/03/1404,3,20878000,2025-06-19,Thursday,3,2025-06
275,customer81,855162642,350.0,1853280,29/03/1404,4,648648000,2025-06-19,Thursday,3,2025-06
275,customer81,807311116,80.0,170940,29/03/1404,5,13675200,2025-06-19,Thursday,3,2025-06
275,customer81,855211326,32.0,3179440,29/03/1404,6,101742080,2025-06-19,Thursday,3,2025-06
275,customer81,641326,18.0,6896890,29/03/1404,7,124144020,2025-06-19,Thursday,3,2025-06
275,customer81,855161702,540.0,1134650,29/03/1404,8,612711000,2025-06-19,Thursday,3,2025-06
275,customer81,807311113,100.0,113960,29/03/1404,9,11396000,2025-06-19,Thursday,3,2025-06
275,customer81,813121016,7000.0,360690,29/03/1404,10,2524830000,2025-06-19,Thursday,3,2025-06
275,customer81,855121906,80.0,1102200,29/03/1404,11,88176000,2025-06-19,Thursday,3,2025-06
275,customer81,323045,16.0,11620290,29/03/1404,12,185924640,2025-06-19,Thursday,3,2025-06
275,customer81,855162410,32.0,1782330,29/03/1404,13,57034560,2025-06-19,Thursday,3,2025-06
275,customer81,807311119,180.0,276210,29/03/1404,14,49717800,2025-06-19,Thursday,3,2025-06
275,customer81,855162424,32.0,4407810,29/03/1404,15,141049920,2025-06-19,Thursday,3,2025-06
275,customer81,323065,16.0,13808520,29/03/1404,16,220936320,2025-06-19,Thursday,3,2025-06
275,customer81,813121020,150.0,635690,29/03/1404,17,95353500,2025-06-19,Thursday,3,2025-06
275,customer81,855121025,600.0,1075690,29/03/1404,18,645414000,2025-06-19,Thursday,3,2025-06
275,customer81,855161710,32.0,1369500,29/03/1404,19,43824000,2025-06-19,Thursday,3,2025-06
275,customer81,855162402,540.0,1302730,29/03/1404,20,703474200,2025-06-19,Thursday,3,2025-06
276,customer56,547,100.0,67650,21/03/1404,1,6765000,2025-06-11,Wednesday,2,2025-06
276,customer56,371016,400.0,32780,21/03/1404,2,13112000,2025-06-11,Wednesday,2,2025-06
276,customer56,371020,400.0,41470,21/03/1404,3,16588000,2025-06-11,Wednesday,2,2025-06
276,customer56,546,200.0,52360,21/03/1404,4,10472000,2025-06-11,Wednesday,2,2025-06
284,customer31,861645201,20.0,1636030,21/03/1404,1,32720600,2025-06-11,Wednesday,2,2025-06
284,customer31,813121020,300.0,635690,21/03/1404,2,190707000,2025-06-11,Wednesday,2,2025-06
284,customer31,813121025,200.0,1075690,21/03/1404,3,215138000,2025-06-11,Wednesday,2,2025-06
284,customer31,807311119,60.0,276210,21/03/1404,4,16572600,2025-06-11,Wednesday,2,2025-06
284,customer31,323065,3.0,13808520,21/03/1404,5,41425560,2025-06-11,Wednesday,2,2025-06
284,customer31,807311110,20.0,60500,21/03/1404,6,1210000,2025-06-11,Wednesday,2,2025-06
284,customer31,855121242,10.0,2355320,21/03/1404,7,23553200,2025-06-11,Wednesday,2,2025-06
284,customer31,855212410,15.0,3173280,21/03/1404,8,47599200,2025-06-11,Wednesday,2,2025-06
284,customer31,855212402,144.0,1719850,21/03/1404,9,247658400,2025-06-11,Wednesday,2,2025-06
284,customer31,861641110,40.0,1980990,21/03/1404,10,79239600,2025-06-11,Wednesday,2,2025-06
284,customer31,861641102,144.0,1719190,21/03/1404,11,247563360,2025-06-11,Wednesday,2,2025-06
284,customer31,855121908,10.0,2337060,21/03/1404,12,23370600,2025-06-11,Wednesday,2,2025-06
284,customer31,855341305,80.0,639870,21/03/1404,13,51189600,2025-06-11,Wednesday,2,2025-06
284,customer31,855341317,80.0,853600,21/03/1404,14,68288000,2025-06-11,Wednesday,2,2025-06
284,customer31,855321605,120.0,80190,21/03/1404,15,9622800,2025-06-11,Wednesday,2,2025-06
284,customer31,819141025,500.0,460350,21/03/1404,16,230175000,2025-06-11,Wednesday,2,2025-06
284,customer31,855341301,240.0,436370,21/03/1404,17,104728800,2025-06-11,Wednesday,2,2025-06
284,customer31,819141020,1400.0,291720,21/03/1404,18,408408000,2025-06-11,Wednesday,2,2025-06
284,customer31,861645155,20.0,2375560,21/03/1404,19,47511200,2025-06-11,Wednesday,2,2025-06
284,customer31,855341401,30.0,992970,21/03/1404,20,29789100,2025-06-11,Wednesday,2,2025-06
284,customer31,855321505,100.0,87340,21/03/1404,21,8734000,2025-06-11,Wednesday,2,2025-06
284,customer31,819141032,160.0,868230,21/03/1404,22,138916800,2025-06-11,Wednesday,2,2025-06
284,customer31,855321101,720.0,33330,21/03/1404,23,23997600,2025-06-11,Wednesday,2,2025-06
284,customer31,855321301,750.0,43890,21/03/1404,24,32917500,2025-06-11,Wednesday,2,2025-06
284,customer31,855321305,150.0,69080,21/03/1404,25,10362000,2025-06-11,Wednesday,2,2025-06
284,customer31,855321501,170.0,61710,21/03/1404,26,10490700,2025-06-11,Wednesday,2,2025-06
284,customer31,807211125,400.0,17160,21/03/1404,27,6864000,2025-06-11,Wednesday,2,2025-06
284,customer31,813121016,1600.0,360690,21/03/1404,28,577104000,2025-06-11,Wednesday,2,2025-06
284,customer31,855341309,95.0,520080,21/03/1404,29,49407600,2025-06-11,Wednesday,2,2025-06
284,customer31,807311113,50.0,113960,21/03/1404,30,5698000,2025-06-11,Wednesday,2,2025-06
284,customer31,861645151,20.0,1600060,21/03/1404,31,32001200,2025-06-11,Wednesday,2,2025-06
284,customer31,855341801,20.0,196691,21/03/1404,32,3933820,2025-06-11,Wednesday,2,2025-06
284,customer31,855341805,10.0,2745820,21/03/1404,33,27458200,2025-06-11,Wednesday,2,2025-06
284,customer31,855341701,100.0,481140,21/03/1404,34,48114000,2025-06-11,Wednesday,2,2025-06
284,customer31,855121235,10.0,1051710,21/03/1404,35,10517100,2025-06-11,Wednesday,2,2025-06
284,customer31,819121025,200.0,536470,21/03/1404,36,107294000,2025-06-11,Wednesday,2,2025-06
284,customer31,819121032,80.0,1078660,21/03/1404,37,86292800,2025-06-11,Wednesday,2,2025-06
284,customer31,8553111234,4.0,14485130,21/03/1404,38,57940520,2025-06-11,Wednesday,2,2025-06
284,customer31,855311239,2.0,31838730,21/03/1404,39,63677460,2025-06-11,Wednesday,2,2025-06
284,customer31,855121222,20.0,724240,21/03/1404,40,14484800,2025-06-11,Wednesday,2,2025-06
284,customer31,855311238,6.0,28935500,21/03/1404,41,173613000,2025-06-11,Wednesday,2,2025-06
284,customer31,855211410,16.0,2828100,21/03/1404,42,45249600,2025-06-11,Wednesday,2,2025-06
284,customer31,163642,64.0,2838990,21/03/1404,43,181695360,2025-06-11,Wednesday,2,2025-06
284,customer31,855311235,4.0,18098410,21/03/1404,44,72393640,2025-06-11,Wednesday,2,2025-06
284,customer31,855181504,10.0,5213230,21/03/1404,45,52132300,2025-06-11,Wednesday,2,2025-06
284,customer31,855211622,5.0,8034180,21/03/1404,46,40170900,2025-06-11,Wednesday,2,2025-06
284,customer31,855311236,2.0,21235280,21/03/1404,47,42470560,2025-06-11,Wednesday,2,2025-06
284,customer31,855211324,16.0,3985190,21/03/1404,48,63763040,2025-06-11,Wednesday,2,2025-06
284,customer31,855212424,15.0,5267680,21/03/1404,49,79015200,2025-06-11,Wednesday,2,2025-06
284,customer31,855181108,5.0,7485390,21/03/1404,50,37426950,2025-06-11,Wednesday,2,2025-06
284,customer31,341213,100.0,885940,21/03/1404,51,88594000,2025-06-11,Wednesday,2,2025-06
284,customer31,807261401,300.0,24640,21/03/1404,52,7392000,2025-06-11,Wednesday,2,2025-06
344,customer1,1096,91.0,309760,10/03/1404,1,28188160,2025-05-31,Saturday,5,2025-05
250,customer17,498,2.0,180000,10/04/1404,1,360000,2025-07-01,Tuesday,1,2025-07
250,customer17,855121222,1.0,724240,10/04/1404,2,724240,2025-07-01,Tuesday,1,2025-07
250,customer17,855341221,1.0,902770,10/04/1404,3,902770,2025-07-01,Tuesday,1,2025-07
250,customer17,723,12.0,60000,10/04/1404,4,720000,2025-07-01,Tuesday,1,2025-07
250,customer17,762,3.0,950000,10/04/1404,5,2850000,2025-07-01,Tuesday,1,2025-07
250,customer17,855121235,1.0,1051710,10/04/1404,6,1051710,2025-07-01,Tuesday,1,2025-07
250,customer17,855321301,3.0,43890,10/04/1404,7,131670,2025-07-01,Tuesday,1,2025-07
250,customer17,855341113,2.0,617870,10/04/1404,8,1235740,2025-07-01,Tuesday,1,2025-07
250,customer17,109,1.0,7500000,10/04/1404,9,7500000,2025-07-01,Tuesday,1,2025-07
250,customer17,36,3.0,21956000,10/04/1404,10,65868000,2025-07-01,Tuesday,1,2025-07
250,customer17,37,3.0,20911000,10/04/1404,11,62733000,2025-07-01,Tuesday,1,2025-07
250,customer17,118,12.0,60000,10/04/1404,12,720000,2025-07-01,Tuesday,1,2025-07
250,customer17,855341121,1.0,902770,10/04/1404,13,902770,2025-07-01,Tuesday,1,2025-07
250,customer17,855321901,1.0,205000,10/04/1404,14,205000,2025-07-01,Tuesday,1,2025-07
250,customer17,855121104,1.0,1247070,10/04/1404,15,1247070,2025-07-01,Tuesday,1,2025-07
250,customer17,855321201,2.0,31900,10/04/1404,16,63800,2025-07-01,Tuesday,1,2025-07
250,customer17,855121102,1.0,587950,10/04/1404,17,587950,2025-07-01,Tuesday,1,2025-07
250,customer17,855341201,1.0,680020,10/04/1404,18,680020,2025-07-01,Tuesday,1,2025-07
250,customer17,681802,1.0,3700000,10/04/1404,19,3700000,2025-07-01,Tuesday,1,2025-07
250,customer17,417,3.0,1000000,10/04/1404,20,3000000,2025-07-01,Tuesday,1,2025-07
250,customer17,641604,1.0,4493280,10/04/1404,21,4493280,2025-07-01,Tuesday,1,2025-07
250,customer17,855121502,1.0,2094000,10/04/1404,22,2094000,2025-07-01,Tuesday,1,2025-07
250,customer17,879208,3.0,3000000,10/04/1404,23,9000000,2025-07-01,Tuesday,1,2025-07
250,customer17,879248,1.0,2885410,10/04/1404,24,2885410,2025-07-01,Tuesday,1,2025-07
250,customer17,879273,42.0,160000,10/04/1404,25,6720000,2025-07-01,Tuesday,1,2025-07
250,customer17,879516174,3.0,13000000,10/04/1404,26,39000000,2025-07-01,Tuesday,1,2025-07
250,customer17,879516112,6.0,1500000,10/04/1404,27,9000000,2025-07-01,Tuesday,1,2025-07
250,customer17,879516113,2.0,1500000,10/04/1404,28,3000000,2025-07-01,Tuesday,1,2025-07
260,customer63,36,1.0,24500000,01/04/1404,1,24500000,2025-06-22,Sunday,6,2025-06
260,customer63,37,1.0,20900000,01/04/1404,2,20900000,2025-06-22,Sunday,6,2025-06
260,customer63,38,1.0,28150000,01/04/1404,3,28150000,2025-06-22,Sunday,6,2025-06
260,customer63,1233,1.0,500000,01/04/1404,4,500000,2025-06-22,Sunday,6,2025-06
260,customer63,879164,2.0,3200000,01/04/1404,5,6400000,2025-06-22,Sunday,6,2025-06
260,customer63,879208,1.0,3000000,01/04/1404,6,3000000,2025-06-22,Sunday,6,2025-06
260,customer63,879516054,1.0,1800000,01/04/1404,7,1800000,2025-06-22,Sunday,6,2025-06
260,customer63,879516055,2.0,1800000,01/04/1404,8,3600000,2025-06-22,Sunday,6,2025-06
260,customer63,879516192,1.0,28000000,01/04/1404,9,28000000,2025-06-22,Sunday,6,2025-06
261,customer13,879516132,1.0,58260000,01/04/1404,1,58260000,2025-06-22,Sunday,6,2025-06
261,customer13,879516133,1.0,46780000,01/04/1404,2,46780000,2025-06-22,Sunday,6,2025-06
261,customer13,879516134,1.0,62190000,01/04/1404,3,62190000,2025-06-22,Sunday,6,2025-06
261,customer13,879516135,1.0,57480000,01/04/1404,4,57480000,2025-06-22,Sunday,6,2025-06
261,customer13,879516061,1.0,74830000,01/04/1404,5,74830000,2025-06-22,Sunday,6,2025-06
261,customer13,879516062,1.0,74830000,01/04/1404,6,74830000,2025-06-22,Sunday,6,2025-06
261,customer13,879516063,1.0,70280000,01/04/1404,7,70280000,2025-06-22,Sunday,6,2025-06
261,customer13,879516197,1.0,74450000,01/04/1404,8,74450000,2025-06-22,Sunday,6,2025-06
261,customer13,891752164,1.0,95000000,01/04/1404,9,95000000,2025-06-22,Sunday,6,2025-06
261,customer13,891752165,1.0,95000000,01/04/1404,10,95000000,2025-06-22,Sunday,6,2025-06
261,customer13,891752166,1.0,94610000,01/04/1404,11,94610000,2025-06-22,Sunday,6,2025-06
261,customer13,891752167,1.0,87490000,01/04/1404,12,87490000,2025-06-22,Sunday,6,2025-06
261,customer13,891752168,1.0,83200000,01/04/1404,13,83200000,2025-06-22,Sunday,6,2025-06
261,customer13,891752169,1.0,74690000,01/04/1404,14,74690000,2025-06-22,Sunday,6,2025-06
261,customer13,891752170,1.0,83200000,01/04/1404,15,83200000,2025-06-22,Sunday,6,2025-06
261,customer13,891752171,1.0,74690000,01/04/1404,16,74690000,2025-06-22,Sunday,6,2025-06
261,customer13,891752172,1.0,87150000,01/04/1404,17,87150000,2025-06-22,Sunday,6,2025-06
261,customer13,891752173,1.0,78180000,01/04/1404,18,78180000,2025-06-22,Sunday,6,2025-06
261,customer13,891752174,1.0,87150000,01/04/1404,19,87150000,2025-06-22,Sunday,6,2025-06
261,customer13,891752175,1.0,78180000,01/04/1404,20,78180000,2025-06-22,Sunday,6,2025-06
261,customer13,891752176,1.0,54910000,01/04/1404,21,54910000,2025-06-22,Sunday,6,2025-06
261,customer13,891752177,1.0,41490000,01/04/1404,22,41490000,2025-06-22,Sunday,6,2025-06
261,customer13,891752178,1.0,54910000,01/04/1404,23,54910000,2025-06-22,Sunday,6,2025-06
261,customer13,891752179,1.0,41490000,01/04/1404,24,41490000,2025-06-22,Sunday,6,2025-06
261,customer13,891752180,1.0,71510000,01/04/1404,25,71510000,2025-06-22,Sunday,6,2025-06
261,customer13,891752181,1.0,64060000,01/04/1404,26,64060000,2025-06-22,Sunday,6,2025-06
261,customer13,891752182,1.0,68930000,01/04/1404,27,68930000,2025-06-22,Sunday,6,2025-06
261,customer13,891752183,1.0,52280000,01/04/1404,28,52280000,2025-06-22,Sunday,6,2025-06
261,customer13,891752184,1.0,82630000,01/04/1404,29,82630000,2025-06-22,Sunday,6,2025-06
261,customer13,891752185,1.0,84720000,01/04/1404,30,84720000,2025-06-22,Sunday,6,2025-06
261,customer13,891752186,1.0,92760000,01/04/1404,31,92760000,2025-06-22,Sunday,6,2025-06
261,customer13,891752187,1.0,115990000,01/04/1404,32,115990000,2025-06-22,Sunday,6,2025-06
261,customer13,891752188,1.0,113380000,01/04/1404,33,113380000,2025-06-22,Sunday,6,2025-06
261,customer13,891752189,1.0,90750000,01/04/1404,34,90750000,2025-06-22,Sunday,6,2025-06
261,customer13,891752190,1.0,109600000,01/04/1404,35,109600000,2025-06-22,Sunday,6,2025-06
262,customer82,855212402,2.0,1719850,01/04/1404,1,3439700,2025-06-22,Sunday,6,2025-06
262,customer82,813121016,12.0,360690,01/04/1404,2,4328280,2025-06-22,Sunday,6,2025-06
262,customer82,855212682,2.0,6642750,01/04/1404,3,13285500,2025-06-22,Sunday,6,2025-06
263,customer7,1272,20.0,223000,02/04/1404,1,4460000,2025-06-23,Monday,0,2025-06
263,customer7,1273,30.0,286000,02/04/1404,2,8580000,2025-06-23,Monday,0,2025-06
263,customer7,1271,30.0,122000,02/04/1404,3,3660000,2025-06-23,Monday,0,2025-06
263,customer7,1137,3.0,7782000,02/04/1404,4,23346000,2025-06-23,Monday,0,2025-06
263,customer7,1136,10.0,3491000,02/04/1404,5,34910000,2025-06-23,Monday,0,2025-06
263,customer7,1134,15.0,6618000,02/04/1404,6,99270000,2025-06-23,Monday,0,2025-06
264,customer7,855341809,10.0,3573900,02/04/1404,1,35739000,2025-06-23,Monday,0,2025-06
264,customer7,819161025,100.0,411730,02/04/1404,2,41173000,2025-06-23,Monday,0,2025-06
264,customer7,819161020,280.0,258280,02/04/1404,3,72318400,2025-06-23,Monday,0,2025-06
264,customer7,855341309,20.0,520080,02/04/1404,4,10401600,2025-06-23,Monday,0,2025-06
264,customer7,855321501,170.0,61710,02/04/1404,5,10490700,2025-06-23,Monday,0,2025-06
264,customer7,855321301,250.0,43890,02/04/1404,6,10972500,2025-06-23,Monday,0,2025-06
265,customer7,855641135,10.0,1615790,02/04/1404,1,16157900,2025-06-23,Monday,0,2025-06
265,customer7,855321301,250.0,43890,02/04/1404,2,10972500,2025-06-23,Monday,0,2025-06
266,customer12,855162682,5.0,5943630,02/04/1404,1,29718150,2025-06-23,Monday,0,2025-06
266,customer12,855162662,1.0,3344220,02/04/1404,2,3344220,2025-06-23,Monday,0,2025-06
266,customer12,855141502,1.0,1825780,02/04/1404,3,1825780,2025-06-23,Monday,0,2025-06
266,customer12,807311125,1.0,340890,02/04/1404,4,340890,2025-06-23,Monday,0,2025-06
266,customer12,855161710,2.0,1369500,02/04/1404,5,2739000,2025-06-23,Monday,0,2025-06
267,customer26,1233,2.0,450000,02/04/1404,1,900000,2025-06-23,Monday,0,2025-06
268,customer43,879273,200.0,155430,02/04/1404,1,31086000,2025-06-23,Monday,0,2025-06
268,customer43,879270,150.0,223520,02/04/1404,2,33528000,2025-06-23,Monday,0,2025-06
268,customer43,879272,400.0,121440,02/04/1404,3,48576000,2025-06-23,Monday,0,2025-06
268,customer43,819121020,280.0,338140,02/04/1404,4,94679200,2025-06-23,Monday,0,2025-06
268,customer43,341901,10.0,653840,02/04/1404,5,6538400,2025-06-23,Monday,0,2025-06
268,customer43,855341201,1.0,680020,02/04/1404,6,680020,2025-06-23,Monday,0,2025-06
268,customer43,855321101,360.0,33330,02/04/1404,7,11998800,2025-06-23,Monday,0,2025-06
268,customer43,855341101,30.0,414920,02/04/1404,8,12447600,2025-06-23,Monday,0,2025-06
268,customer43,819141032,80.0,868230,02/04/1404,9,69458400,2025-06-23,Monday,0,2025-06
268,customer43,855321301,250.0,43890,02/04/1404,10,10972500,2025-06-23,Monday,0,2025-06
268,customer43,819141025,100.0,460350,02/04/1404,11,46035000,2025-06-23,Monday,0,2025-06
271,customer9,1273,20.0,286000,03/04/1404,1,5720000,2025-06-24,Tuesday,1,2025-06
271,customer9,1148,40.0,368000,03/04/1404,2,14720000,2025-06-24,Tuesday,1,2025-06
271,customer9,1145,50.0,210000,03/04/1404,3,10500000,2025-06-24,Tuesday,1,2025-06
271,customer9,1153,10.0,286000,03/04/1404,4,2860000,2025-06-24,Tuesday,1,2025-06
271,customer9,1150,50.0,309000,03/04/1404,5,15450000,2025-06-24,Tuesday,1,2025-06
271,customer9,1271,70.0,122000,03/04/1404,6,8540000,2025-06-24,Tuesday,1,2025-06
277,customer42,855341301,120.0,436370,05/04/1404,1,52364400,2025-06-26,Thursday,3,2025-06
277,customer42,855321101,360.0,33330,05/04/1404,2,11998800,2025-06-26,Thursday,3,2025-06
278,customer42,1198,48.0,582000,05/04/1404,1,27936000,2025-06-26,Thursday,3,2025-06
278,customer42,1148,90.0,368000,05/04/1404,2,33120000,2025-06-26,Thursday,3,2025-06
278,customer42,1145,200.0,210000,05/04/1404,3,42000000,2025-06-26,Thursday,3,2025-06
278,customer42,1141,100.0,364000,05/04/1404,4,36400000,2025-06-26,Thursday,3,2025-06
278,customer42,1142,200.0,175000,05/04/1404,5,35000000,2025-06-26,Thursday,3,2025-06
278,customer42,1140,60.0,473000,05/04/1404,6,28380000,2025-06-26,Thursday,3,2025-06
279,customer14,855311238,4.0,28935500,05/04/1404,1,115742000,2025-06-26,Thursday,3,2025-06
280,customer13,879516173,2.0,18480000,05/04/1404,1,36960000,2025-06-26,Thursday,3,2025-06
280,customer13,879516170,2.0,19520000,05/04/1404,2,39040000,2025-06-26,Thursday,3,2025-06
280,customer13,879516171,2.0,18770000,05/04/1404,3,37540000,2025-06-26,Thursday,3,2025-06
280,customer13,879516172,2.0,25280000,05/04/1404,4,50560000,2025-06-26,Thursday,3,2025-06
281,customer7,855321909,10.0,494340,05/04/1404,1,4943400,2025-06-26,Thursday,3,2025-06
281,customer7,855341113,10.0,617870,05/04/1404,2,6178700,2025-06-26,Thursday,3,2025-06
281,customer7,855321901,10.0,205000,05/04/1404,3,2050000,2025-06-26,Thursday,3,2025-06
281,customer7,855321905,10.0,281490,05/04/1404,4,2814900,2025-06-26,Thursday,3,2025-06
281,customer7,855341401,30.0,992970,05/04/1404,5,29789100,2025-06-26,Thursday,3,2025-06
281,customer7,855341301,120.0,436370,05/04/1404,6,52364400,2025-06-26,Thursday,3,2025-06
282,customer7,1144,48.0,614000,05/04/1404,1,29472000,2025-06-26,Thursday,3,2025-06
282,customer7,1145,200.0,210000,05/04/1404,2,42000000,2025-06-26,Thursday,3,2025-06
282,customer7,1155,30.0,891000,05/04/1404,3,26730000,2025-06-26,Thursday,3,2025-06
282,customer7,1142,200.0,175000,05/04/1404,4,35000000,2025-06-26,Thursday,3,2025-06
283,customer12,879516054,1.0,1850000,05/04/1404,1,1850000,2025-06-26,Thursday,3,2025-06
283,customer12,879516174,1.0,13000000,05/04/1404,2,13000000,2025-06-26,Thursday,3,2025-06
283,customer12,879516167,1.0,18000000,05/04/1404,3,18000000,2025-06-26,Thursday,3,2025-06
283,customer12,879516055,2.0,1800000,05/04/1404,4,3600000,2025-06-26,Thursday,3,2025-06
283,customer12,807261401,12.0,24640,05/04/1404,5,295680,2025-06-26,Thursday,3,2025-06
283,customer12,121180,4.0,476520,05/04/1404,6,1906080,2025-06-26,Thursday,3,2025-06
283,customer12,546,20.0,52360,05/04/1404,7,1047200,2025-06-26,Thursday,3,2025-06
283,customer12,855321705,2.0,40700,05/04/1404,8,81400,2025-06-26,Thursday,3,2025-06
283,customer12,855321371,3.0,71390,05/04/1404,9,214170,2025-06-26,Thursday,3,2025-06
283,customer12,118,5.0,60000,05/04/1404,10,300000,2025-06-26,Thursday,3,2025-06
283,customer12,855121102,2.0,587950,05/04/1404,11,1175900,2025-06-26,Thursday,3,2025-06
283,customer12,819141025,32.0,460350,05/04/1404,12,14731200,2025-06-26,Thursday,3,2025-06
283,customer12,819141020,4.0,291720,05/04/1404,13,1166880,2025-06-26,Thursday,3,2025-06
283,customer12,855321505,10.0,87340,05/04/1404,14,873400,2025-06-26,Thursday,3,2025-06
283,customer12,855321305,15.0,69080,05/04/1404,15,1036200,2025-06-26,Thursday,3,2025-06
283,customer12,855341305,10.0,639870,05/04/1404,16,6398700,2025-06-26,Thursday,3,2025-06
283,customer12,417,1.0,1000000,05/04/1404,17,1000000,2025-06-26,Thursday,3,2025-06
283,customer12,855321105,5.0,40700,05/04/1404,18,203500,2025-06-26,Thursday,3,2025-06
285,customer31,813121020,750.0,635690,05/04/1404,1,476767500,2025-06-26,Thursday,3,2025-06
285,customer31,813121025,200.0,1075690,05/04/1404,2,215138000,2025-06-26,Thursday,3,2025-06
285,customer31,807311119,105.0,276210,05/04/1404,3,29002050,2025-06-26,Thursday,3,2025-06
285,customer31,855211424,20.0,3839880,05/04/1404,4,76797600,2025-06-26,Thursday,3,2025-06
285,customer31,855212402,96.0,1719850,05/04/1404,5,165105600,2025-06-26,Thursday,3,2025-06
285,customer31,861641102,48.0,1719190,05/04/1404,6,82521120,2025-06-26,Thursday,3,2025-06
285,customer31,813121016,1400.0,360690,05/04/1404,7,504966000,2025-06-26,Thursday,3,2025-06
285,customer31,807311113,100.0,113960,05/04/1404,8,11396000,2025-06-26,Thursday,3,2025-06
285,customer31,323125,5.0,29100500,05/04/1404,9,145502500,2025-06-26,Thursday,3,2025-06
285,customer31,855311238,4.0,28935500,05/04/1404,10,115742000,2025-06-26,Thursday,3,2025-06
285,customer31,855211410,20.0,2828100,05/04/1404,11,56562000,2025-06-26,Thursday,3,2025-06
285,customer31,163642,192.0,2838990,05/04/1404,12,545086080,2025-06-26,Thursday,3,2025-06
285,customer31,855212662,40.0,4666310,05/04/1404,13,186652400,2025-06-26,Thursday,3,2025-06
285,customer31,813121040,100.0,2841960,05/04/1404,14,284196000,2025-06-26,Thursday,3,2025-06
285,customer31,807261401,300.0,24640,05/04/1404,15,7392000,2025-06-26,Thursday,3,2025-06
286,customer83,891,2.0,2374240,06/04/1404,1,4748480,2025-06-27,Friday,4,2025-06
286,customer83,893,4.0,4174060,06/04/1404,2,16696240,2025-06-27,Friday,4,2025-06
287,customer17,516,1.0,1886000,06/04/1404,1,1886000,2025-06-27,Friday,4,2025-06
287,customer17,855211326,2.0,3179440,06/04/1404,2,6358880,2025-06-27,Friday,4,2025-06
287,customer17,163642,11.0,2838990,06/04/1404,3,31228890,2025-06-27,Friday,4,2025-06
287,customer17,641326,1.0,6896890,06/04/1404,4,6896890,2025-06-27,Friday,4,2025-06
287,customer17,855311238,2.0,28935500,06/04/1404,5,57871000,2025-06-27,Friday,4,2025-06
287,customer17,855311133,1.0,7529940,06/04/1404,6,7529940,2025-06-27,Friday,4,2025-06
287,customer17,855211336,2.0,7241630,06/04/1404,7,14483260,2025-06-27,Friday,4,2025-06
287,customer17,855212436,2.0,6851900,06/04/1404,8,13703800,2025-06-27,Friday,4,2025-06
287,customer17,807311113,5.0,113960,06/04/1404,9,569800,2025-06-27,Friday,4,2025-06
287,customer17,813121016,200.0,360690,06/04/1404,10,72138000,2025-06-27,Friday,4,2025-06
287,customer17,855121244,2.0,1952170,06/04/1404,11,3904340,2025-06-27,Friday,4,2025-06
287,customer17,807311110,20.0,60500,06/04/1404,12,1210000,2025-06-27,Friday,4,2025-06
287,customer17,807311119,8.0,276210,06/04/1404,13,2209680,2025-06-27,Friday,4,2025-06
287,customer17,855311134,1.0,10080400,06/04/1404,14,10080400,2025-06-27,Friday,4,2025-06
287,customer17,855121908,2.0,2337060,06/04/1404,15,4674120,2025-06-27,Friday,4,2025-06
287,customer17,855121906,1.0,1102200,06/04/1404,16,1102200,2025-06-27,Friday,4,2025-06
287,customer17,855212402,22.0,1719850,06/04/1404,17,37836700,2025-06-27,Friday,4,2025-06
287,customer17,855212410,2.0,3173280,06/04/1404,18,6346560,2025-06-27,Friday,4,2025-06
287,customer17,861641102,23.0,1719190,06/04/1404,19,39541370,2025-06-27,Friday,4,2025-06
288,customer84,923,1.0,13000000,06/04/1404,1,13000000,2025-06-27,Friday,4,2025-06
290,customer63,855341301,2.0,436370,08/04/1404,1,872740,2025-06-29,Sunday,6,2025-06
290,customer63,855321501,3.0,61710,08/04/1404,2,185130,2025-06-29,Sunday,6,2025-06
291,customer63,855341201,1.0,680020,08/04/1404,1,680020,2025-06-29,Sunday,6,2025-06
291,customer63,855211112,1.0,1600000,08/04/1404,2,1600000,2025-06-29,Sunday,6,2025-06
292,customer63,855121908,1.0,2300000,08/04/1404,1,2300000,2025-06-29,Sunday,6,2025-06
293,customer85,807261401,31.0,24640,08/04/1404,1,763840,2025-06-29,Sunday,6,2025-06
293,customer85,819161025,40.0,411730,08/04/1404,2,16469200,2025-06-29,Sunday,6,2025-06
293,customer85,819161020,100.0,258280,08/04/1404,3,25828000,2025-06-29,Sunday,6,2025-06
293,customer85,855321305,20.0,69080,08/04/1404,4,1381600,2025-06-29,Sunday,6,2025-06
293,customer85,855321501,35.0,61710,08/04/1404,5,2159850,2025-06-29,Sunday,6,2025-06
293,customer85,855321741,15.0,215820,08/04/1404,6,3237300,2025-06-29,Sunday,6,2025-06
293,customer85,855321101,15.0,33330,08/04/1404,7,499950,2025-06-29,Sunday,6,2025-06
293,customer85,855321505,10.0,87340,08/04/1404,8,873400,2025-06-29,Sunday,6,2025-06
293,customer85,855341301,25.0,436370,08/04/1404,9,10909250,2025-06-29,Sunday,6,2025-06
293,customer85,861645155,4.0,2375560,08/04/1404,10,9502240,2025-06-29,Sunday,6,2025-06
293,customer85,855341401,6.0,992970,08/04/1404,11,5957820,2025-06-29,Sunday,6,2025-06
293,customer85,855321301,90.0,43890,08/04/1404,12,3950100,2025-06-29,Sunday,6,2025-06
293,customer85,855321201,6.0,31900,08/04/1404,13,191400,2025-06-29,Sunday,6,2025-06
293,customer85,855321105,20.0,40700,08/04/1404,14,814000,2025-06-29,Sunday,6,2025-06
294,customer85,1464,2.0,991000,08/04/1404,1,1982000,2025-06-29,Sunday,6,2025-06
294,customer85,962,12.0,656150,08/04/1404,2,7873800,2025-06-29,Sunday,6,2025-06
294,customer85,1138,4.0,282000,08/04/1404,3,1128000,2025-06-29,Sunday,6,2025-06
294,customer85,1136,5.0,3491000,08/04/1404,4,17455000,2025-06-29,Sunday,6,2025-06
294,customer85,1135,3.0,4582000,08/04/1404,5,13746000,2025-06-29,Sunday,6,2025-06
294,customer85,1134,4.0,6618000,08/04/1404,6,26472000,2025-06-29,Sunday,6,2025-06
294,customer85,1141,10.0,364000,08/04/1404,7,3640000,2025-06-29,Sunday,6,2025-06
294,customer85,1142,40.0,175000,08/04/1404,8,7000000,2025-06-29,Sunday,6,2025-06
294,customer85,1140,12.0,473000,08/04/1404,9,5676000,2025-06-29,Sunday,6,2025-06
294,customer85,1146,2.0,1027000,08/04/1404,10,2054000,2025-06-29,Sunday,6,2025-06
294,customer85,1145,6.0,210000,08/04/1404,11,1260000,2025-06-29,Sunday,6,2025-06
294,customer85,1148,12.0,368000,08/04/1404,12,4416000,2025-06-29,Sunday,6,2025-06
294,customer85,1147,3.0,750000,08/04/1404,13,2250000,2025-06-29,Sunday,6,2025-06
294,customer85,1144,4.0,614000,08/04/1404,14,2456000,2025-06-29,Sunday,6,2025-06
294,customer85,1150,12.0,309000,08/04/1404,15,3708000,2025-06-29,Sunday,6,2025-06
295,customer32,855321301,1000.0,43890,08/04/1404,1,43890000,2025-06-29,Sunday,6,2025-06
295,customer32,855321501,340.0,61710,08/04/1404,2,20981400,2025-06-29,Sunday,6,2025-06
295,customer32,855321101,720.0,33330,08/04/1404,3,23997600,2025-06-29,Sunday,6,2025-06
295,customer32,855321309,80.0,115830,08/04/1404,4,9266400,2025-06-29,Sunday,6,2025-06
295,customer32,855461131,25.0,944130,08/04/1404,5,23603250,2025-06-29,Sunday,6,2025-06
295,customer32,819161020,560.0,258280,08/04/1404,6,144636800,2025-06-29,Sunday,6,2025-06
295,customer32,819161025,200.0,411730,08/04/1404,7,82346000,2025-06-29,Sunday,6,2025-06
296,customer32,813121020,300.0,635690,08/04/1404,1,190707000,2025-06-29,Sunday,6,2025-06
296,customer32,813121016,400.0,360690,08/04/1404,2,144276000,2025-06-29,Sunday,6,2025-06
296,customer32,163642,32.0,2838990,08/04/1404,3,90847680,2025-06-29,Sunday,6,2025-06
296,customer32,855121406,12.0,3439260,08/04/1404,4,41271120,2025-06-29,Sunday,6,2025-06
296,customer32,855181502,24.0,3651120,08/04/1404,5,87626880,2025-06-29,Sunday,6,2025-06
296,customer32,855181504,5.0,5213230,08/04/1404,6,26066150,2025-06-29,Sunday,6,2025-06
297,customer56,855211310,12.0,2833820,09/04/1404,1,34005840,2025-06-30,Monday,0,2025-06
297,customer56,905,20.0,686840,09/04/1404,2,13736800,2025-06-30,Monday,0,2025-06
297,customer56,902,10.0,461780,09/04/1404,3,4617800,2025-06-30,Monday,0,2025-06
297,customer56,813121016,1000.0,360690,09/04/1404,4,360690000,2025-06-30,Monday,0,2025-06
297,customer56,819141025,100.0,460350,09/04/1404,5,46035000,2025-06-30,Monday,0,2025-06
297,customer56,819141020,140.0,291720,09/04/1404,6,40840800,2025-06-30,Monday,0,2025-06
298,customer14,1134,6.0,6618000,09/04/1404,1,39708000,2025-06-30,Monday,0,2025-06
298,customer14,1136,5.0,3491000,09/04/1404,2,17455000,2025-06-30,Monday,0,2025-06
298,customer14,1137,1.0,7782000,09/04/1404,3,7782000,2025-06-30,Monday,0,2025-06
298,customer14,1264,30.0,11800000,09/04/1404,4,354000000,2025-06-30,Monday,0,2025-06
298,customer14,1266,8.0,6336000,09/04/1404,5,50688000,2025-06-30,Monday,0,2025-06
299,customer12,641412,2.0,6115230,09/04/1404,1,12230460,2025-06-30,Monday,0,2025-06
299,customer12,747,1.0,1100000,09/04/1404,2,1100000,2025-06-30,Monday,0,2025-06
299,customer12,855212682,3.0,5943630,09/04/1404,3,17830890,2025-06-30,Monday,0,2025-06
299,customer12,371020,18.0,41470,09/04/1404,4,746460,2025-06-30,Monday,0,2025-06
299,customer12,371016,20.0,32780,09/04/1404,5,655600,2025-06-30,Monday,0,2025-06
299,customer12,855311133,2.0,7529940,09/04/1404,6,15059880,2025-06-30,Monday,0,2025-06
299,customer12,855121235,2.0,1051710,09/04/1404,7,2103420,2025-06-30,Monday,0,2025-06
299,customer12,641202,6.0,2611400,09/04/1404,8,15668400,2025-06-30,Monday,0,2025-06
299,customer12,813121016,25.0,360690,09/04/1404,9,9017250,2025-06-30,Monday,0,2025-06
299,customer12,855121906,2.0,1102200,09/04/1404,10,2204400,2025-06-30,Monday,0,2025-06
299,customer12,323045,1.0,11620290,09/04/1404,11,11620290,2025-06-30,Monday,0,2025-06
299,customer12,813121020,23.0,635690,09/04/1404,12,14620870,2025-06-30,Monday,0,2025-06
299,customer12,855162402,6.0,1302730,09/04/1404,13,7816380,2025-06-30,Monday,0,2025-06
299,customer12,855161110,2.0,1983630,09/04/1404,14,3967260,2025-06-30,Monday,0,2025-06
300,customer63,807261401,11.0,24640,09/04/1404,1,271040,2025-06-30,Monday,0,2025-06
301,customer9,1422,1.0,13500000,10/04/1404,1,13500000,2025-07-01,Tuesday,1,2025-07
301,customer9,1142,100.0,175000,10/04/1404,2,17500000,2025-07-01,Tuesday,1,2025-07
301,customer9,1140,60.0,473000,10/04/1404,3,28380000,2025-07-01,Tuesday,1,2025-07
301,customer9,1266,12.0,6336000,10/04/1404,4,76032000,2025-07-01,Tuesday,1,2025-07
302,customer85,1134,1.5,6618000,10/04/1404,1,9927000,2025-07-01,Tuesday,1,2025-07
302,customer85,1140,2.0,473000,10/04/1404,2,946000,2025-07-01,Tuesday,1,2025-07
302,customer85,1144,6.0,614000,10/04/1404,3,3684000,2025-07-01,Tuesday,1,2025-07
303,customer13,1438,101.9,359040,11/04/1404,1,36586176,2025-07-02,Wednesday,2,2025-07
304,customer39,1136,5.0,3491000,11/04/1404,1,17455000,2025-07-02,Wednesday,2,2025-07
304,customer39,1135,5.0,4582000,11/04/1404,2,22910000,2025-07-02,Wednesday,2,2025-07
304,customer39,1266,10.0,6336000,11/04/1404,3,63360000,2025-07-02,Wednesday,2,2025-07
304,customer39,1265,10.0,8955000,11/04/1404,4,89550000,2025-07-02,Wednesday,2,2025-07
304,customer39,1264,6.0,11800000,11/04/1404,5,70800000,2025-07-02,Wednesday,2,2025-07
305,customer39,92632,60.0,1662430,11/04/1404,1,99745800,2025-07-02,Wednesday,2,2025-07
305,customer39,813121025,100.0,1075690,11/04/1404,2,107569000,2025-07-02,Wednesday,2,2025-07
305,customer39,1405,2000.0,56430,11/04/1404,3,112860000,2025-07-02,Wednesday,2,2025-07
305,customer39,1407,1200.0,81070,11/04/1404,4,97284000,2025-07-02,Wednesday,2,2025-07
306,customer13,1136,10.0,3491000,11/04/1404,1,34910000,2025-07-02,Wednesday,2,2025-07
306,customer13,1135,10.0,4582000,11/04/1404,2,45820000,2025-07-02,Wednesday,2,2025-07
306,customer13,1134,10.0,6618000,11/04/1404,3,66180000,2025-07-02,Wednesday,2,2025-07
307,customer43,807261401,300.0,24640,12/04/1404,1,7392000,2025-07-03,Thursday,3,2025-07
307,customer43,855341341,20.0,669020,12/04/1404,2,13380400,2025-07-03,Thursday,3,2025-07
307,customer43,855341701,100.0,481140,12/04/1404,3,48114000,2025-07-03,Thursday,3,2025-07
307,customer43,855341301,240.0,436370,12/04/1404,4,104728800,2025-07-03,Thursday,3,2025-07
308,customer13,879516127,10.0,6268350,11/04/1404,1,62683500,2025-07-02,Wednesday,2,2025-07
308,customer13,641324,8.0,6221490,11/04/1404,2,49771920,2025-07-02,Wednesday,2,2025-07
308,customer13,641326,6.0,6896890,11/04/1404,3,41381340,2025-07-02,Wednesday,2,2025-07
308,customer13,855311238,4.0,28935500,11/04/1404,4,115742000,2025-07-02,Wednesday,2,2025-07
308,customer13,855321751,85.0,252670,11/04/1404,5,21476950,2025-07-02,Wednesday,2,2025-07
308,customer13,855321755,55.0,290400,11/04/1404,6,15972000,2025-07-02,Wednesday,2,2025-07
308,customer13,641312,16.0,5886980,11/04/1404,7,94191680,2025-07-02,Wednesday,2,2025-07
308,customer13,855121106,48.0,1971970,11/04/1404,8,94654560,2025-07-02,Wednesday,2,2025-07
308,customer13,855321741,80.0,215820,11/04/1404,9,17265600,2025-07-02,Wednesday,2,2025-07
309,customer7,855341221,10.0,1492590,12/04/1404,1,14925900,2025-07-03,Thursday,3,2025-07
309,customer7,855321705,50.0,40700,12/04/1404,2,2035000,2025-07-03,Thursday,3,2025-07
309,customer7,855341201,20.0,680020,12/04/1404,3,13600400,2025-07-03,Thursday,3,2025-07
309,customer7,855341101,20.0,414920,12/04/1404,4,8298400,2025-07-03,Thursday,3,2025-07
309,customer7,861645155,10.0,2375560,12/04/1404,5,23755600,2025-07-03,Thursday,3,2025-07
309,customer7,819141020,280.0,291720,12/04/1404,6,81681600,2025-07-03,Thursday,3,2025-07
309,customer7,807211105,850.0,11000,12/04/1404,7,9350000,2025-07-03,Thursday,3,2025-07
310,customer7,1135,10.0,4582000,13/04/1404,1,45820000,2025-07-04,Friday,4,2025-07
310,customer7,1136,20.0,3491000,13/04/1404,2,69820000,2025-07-04,Friday,4,2025-07
310,customer7,1134,10.0,6618000,13/04/1404,3,66180000,2025-07-04,Friday,4,2025-07
310,customer7,1140,60.0,473000,13/04/1404,4,28380000,2025-07-04,Friday,4,2025-07
311,customer30,341296,1.0,57024550,13/04/1404,1,57024550,2025-07-04,Friday,4,2025-07
311,customer30,393,1.0,12751860,13/04/1404,2,12751860,2025-07-04,Friday,4,2025-07
312,customer1,1425,150.0,223520,17/04/1404,1,33528000,2025-07-08,Tuesday,1,2025-07
313,customer43,825172040,200.0,334620,17/04/1404,1,66924000,2025-07-08,Tuesday,1,2025-07
313,customer43,891752191,100.0,513920,17/04/1404,2,51392000,2025-07-08,Tuesday,1,2025-07
313,customer43,48140,100.0,817850,17/04/1404,3,81785000,2025-07-08,Tuesday,1,2025-07
313,customer43,1425,150.0,223520,17/04/1404,4,33528000,2025-07-08,Tuesday,1,2025-07
313,customer43,341901,85.0,653840,17/04/1404,5,55576400,2025-07-08,Tuesday,1,2025-07
314,customer36,879516054,3.0,1800000,17/04/1404,1,5400000,2025-07-08,Tuesday,1,2025-07
314,customer36,855321101,10.0,33330,17/04/1404,2,333300,2025-07-08,Tuesday,1,2025-07
314,customer36,855321501,6.0,61710,17/04/1404,3,370260,2025-07-08,Tuesday,1,2025-07
314,customer36,855321301,10.0,43890,17/04/1404,4,438900,2025-07-08,Tuesday,1,2025-07
315,customer56,323125,1.0,29100500,18/04/1404,1,29100500,2025-07-09,Wednesday,2,2025-07
315,customer56,323055,1.0,12606880,18/04/1404,2,12606880,2025-07-09,Wednesday,2,2025-07
315,customer56,905,20.0,686840,18/04/1404,3,13736800,2025-07-09,Wednesday,2,2025-07
315,customer56,323085,1.0,16957710,18/04/1404,4,16957710,2025-07-09,Wednesday,2,2025-07
315,customer56,323045,1.0,11620290,18/04/1404,5,11620290,2025-07-09,Wednesday,2,2025-07
316,customer32,807211129,300.0,18590,17/04/1404,1,5577000,2025-07-08,Tuesday,1,2025-07
316,customer32,813121016,800.0,360690,17/04/1404,2,288552000,2025-07-08,Tuesday,1,2025-07
316,customer32,323085,3.0,16957710,17/04/1404,3,50873130,2025-07-08,Tuesday,1,2025-07
316,customer32,855311135,10.0,12488410,17/04/1404,4,124884100,2025-07-08,Tuesday,1,2025-07
316,customer32,861641110,40.0,1980990,17/04/1404,5,79239600,2025-07-08,Tuesday,1,2025-07
316,customer32,323125,3.0,29100500,17/04/1404,6,87301500,2025-07-08,Tuesday,1,2025-07
316,customer32,855213410,24.0,4278670,17/04/1404,7,102688080,2025-07-08,Tuesday,1,2025-07
316,customer32,855213402,8.0,3091330,17/04/1404,8,24730640,2025-07-08,Tuesday,1,2025-07
316,customer32,323075,3.0,15999720,17/04/1404,9,47999160,2025-07-08,Tuesday,1,2025-07
316,customer32,855311236,4.0,21235280,17/04/1404,10,84941120,2025-07-08,Tuesday,1,2025-07
316,customer32,855181504,18.0,5213230,17/04/1404,11,93838140,2025-07-08,Tuesday,1,2025-07
317,customer58,855341805,100.0,2745820,12/04/1404,1,274582000,2025-07-03,Thursday,3,2025-07
317,customer58,855341801,100.0,1966910,12/04/1404,2,196691000,2025-07-03,Thursday,3,2025-07
317,customer58,855341701,100.0,481140,12/04/1404,3,48114000,2025-07-03,Thursday,3,2025-07
317,customer58,855341309,190.0,520080,12/04/1404,4,98815200,2025-07-03,Thursday,3,2025-07
317,customer58,807211129,600.0,18590,12/04/1404,5,11154000,2025-07-03,Thursday,3,2025-07
317,customer58,855341201,160.0,680020,12/04/1404,6,108803200,2025-07-03,Thursday,3,2025-07
317,customer58,807211125,800.0,17160,12/04/1404,7,13728000,2025-07-03,Thursday,3,2025-07
317,customer58,855321501,850.0,61710,12/04/1404,8,52453500,2025-07-03,Thursday,3,2025-07
317,customer58,855321305,120.0,69080,12/04/1404,9,8289600,2025-07-03,Thursday,3,2025-07
317,customer58,855321741,160.0,215820,12/04/1404,10,34531200,2025-07-03,Thursday,3,2025-07
317,customer58,855321101,1440.0,33330,12/04/1404,11,47995200,2025-07-03,Thursday,3,2025-07
317,customer58,855341301,720.0,436370,12/04/1404,12,314186400,2025-07-03,Thursday,3,2025-07
317,customer58,861645155,70.0,2375560,12/04/1404,13,166289200,2025-07-03,Thursday,3,2025-07
317,customer58,855341401,150.0,992970,12/04/1404,14,148945500,2025-07-03,Thursday,3,2025-07
317,customer58,855321301,2000.0,43890,12/04/1404,15,87780000,2025-07-03,Thursday,3,2025-07
317,customer58,855341317,160.0,853600,12/04/1404,16,136576000,2025-07-03,Thursday,3,2025-07
317,customer58,855121232,30.0,1135200,12/04/1404,17,34056000,2025-07-03,Thursday,3,2025-07
317,customer58,855211424,32.0,3839880,12/04/1404,18,122876160,2025-07-03,Thursday,3,2025-07
317,customer58,861645201,130.0,1636030,12/04/1404,19,212683900,2025-07-03,Thursday,3,2025-07
317,customer58,807211105,850.0,11000,12/04/1404,20,9350000,2025-07-03,Thursday,3,2025-07
317,customer58,855321609,120.0,80190,12/04/1404,21,9622800,2025-07-03,Thursday,3,2025-07
317,customer58,855321751,170.0,252670,12/04/1404,22,42953900,2025-07-03,Thursday,3,2025-07
317,customer58,855311237,12.0,24768920,12/04/1404,23,297227040,2025-07-03,Thursday,3,2025-07
317,customer58,855211124,20.0,3005970,12/04/1404,24,60119400,2025-07-03,Thursday,3,2025-07
317,customer58,323095,5.0,20378160,12/04/1404,25,101890800,2025-07-03,Thursday,3,2025-07
317,customer58,855341809,70.0,3573900,12/04/1404,26,250173000,2025-07-03,Thursday,3,2025-07
318,customer11,855321105,250.0,40700,19/04/1404,1,10175000,2025-07-10,Thursday,3,2025-07
318,customer11,855341709,6.0,675070,19/04/1404,2,4050420,2025-07-10,Thursday,3,2025-07
318,customer11,819141025,100.0,460350,19/04/1404,3,46035000,2025-07-10,Thursday,3,2025-07
318,customer11,855341301,120.0,436370,19/04/1404,4,52364400,2025-07-10,Thursday,3,2025-07
318,customer11,819141020,280.0,291720,19/04/1404,5,81681600,2025-07-10,Thursday,3,2025-07
318,customer11,855341401,10.0,992970,19/04/1404,6,9929700,2025-07-10,Thursday,3,2025-07
318,customer11,855321505,20.0,87340,19/04/1404,7,1746800,2025-07-10,Thursday,3,2025-07
318,customer11,807311101,30.0,38170,19/04/1404,8,1145100,2025-07-10,Thursday,3,2025-07
318,customer11,855321201,50.0,31900,19/04/1404,9,1595000,2025-07-10,Thursday,3,2025-07
318,customer11,861645151,12.0,1600060,19/04/1404,10,19200720,2025-07-10,Thursday,3,2025-07
318,customer11,855341701,10.0,481140,19/04/1404,11,4811400,2025-07-10,Thursday,3,2025-07
318,customer11,855341805,5.0,2745820,19/04/1404,12,13729100,2025-07-10,Thursday,3,2025-07
318,customer11,855341801,10.0,1966910,19/04/1404,13,19669100,2025-07-10,Thursday,3,2025-07
318,customer11,962,72.0,656150,19/04/1404,14,47242800,2025-07-10,Thursday,3,2025-07
318,customer11,855321609,30.0,80190,19/04/1404,15,2405700,2025-07-10,Thursday,3,2025-07
318,customer11,855321701,30.0,28160,19/04/1404,16,844800,2025-07-10,Thursday,3,2025-07
318,customer11,855321705,30.0,40700,19/04/1404,17,1221000,2025-07-10,Thursday,3,2025-07
319,customer11,1139,10.0,318000,19/04/1404,1,3180000,2025-07-10,Thursday,3,2025-07
319,customer11,1140,60.0,473000,19/04/1404,2,28380000,2025-07-10,Thursday,3,2025-07
319,customer11,1142,70.0,175000,19/04/1404,3,12250000,2025-07-10,Thursday,3,2025-07
319,customer11,1134,10.0,6618000,19/04/1404,4,66180000,2025-07-10,Thursday,3,2025-07
319,customer11,1135,10.0,4582000,19/04/1404,5,45820000,2025-07-10,Thursday,3,2025-07
319,customer11,1136,25.0,3491000,19/04/1404,6,87275000,2025-07-10,Thursday,3,2025-07
319,customer11,1138,10.0,282000,19/04/1404,7,2820000,2025-07-10,Thursday,3,2025-07
319,customer11,1155,8.0,891000,19/04/1404,8,7128000,2025-07-10,Thursday,3,2025-07
319,customer11,1151,8.0,1014000,19/04/1404,9,8112000,2025-07-10,Thursday,3,2025-07
319,customer11,1150,20.0,309000,19/04/1404,10,6180000,2025-07-10,Thursday,3,2025-07
319,customer11,1145,20.0,210000,19/04/1404,11,4200000,2025-07-10,Thursday,3,2025-07
319,customer11,1146,16.0,1027000,19/04/1404,12,16432000,2025-07-10,Thursday,3,2025-07
319,customer11,1271,30.0,122000,19/04/1404,13,3660000,2025-07-10,Thursday,3,2025-07
319,customer11,1158,8.0,732000,19/04/1404,14,5856000,2025-07-10,Thursday,3,2025-07
319,customer11,1273,30.0,286000,19/04/1404,16,8580000,2025-07-10,Thursday,3,2025-07
319,customer11,1272,15.0,223000,19/04/1404,17,3345000,2025-07-10,Thursday,3,2025-07
320,customer42,1151,30.0,1014000,19/04/1404,1,30420000,2025-07-10,Thursday,3,2025-07
320,customer42,1134,10.0,6618000,19/04/1404,2,66180000,2025-07-10,Thursday,3,2025-07
320,customer42,1136,20.0,3491000,19/04/1404,3,69820000,2025-07-10,Thursday,3,2025-07
320,customer42,1135,35.0,4582000,19/04/1404,4,160370000,2025-07-10,Thursday,3,2025-07
320,customer42,1137,3.0,7782000,19/04/1404,5,23346000,2025-07-10,Thursday,3,2025-07
321,customer42,855321301,250.0,43890,19/04/1404,1,10972500,2025-07-10,Thursday,3,2025-07
321,customer42,819141020,560.0,291720,19/04/1404,2,163363200,2025-07-10,Thursday,3,2025-07
321,customer42,855341301,120.0,436370,19/04/1404,3,52364400,2025-07-10,Thursday,3,2025-07
321,customer42,855321101,360.0,33330,19/04/1404,4,11998800,2025-07-10,Thursday,3,2025-07
321,customer42,855321501,170.0,61710,19/04/1404,5,10490700,2025-07-10,Thursday,3,2025-07
322,customer86,879411137,49.2,342870,20/04/1404,1,16869204,2025-07-11,Friday,4,2025-07
323,customer49,855141126,1.0,3047220,20/04/1404,1,3047220,2025-07-11,Friday,4,2025-07
323,customer49,855141904,2.0,1533510,20/04/1404,2,3067020,2025-07-11,Friday,4,2025-07
323,customer49,855141302,2.0,2389420,20/04/1404,3,4778840,2025-07-11,Friday,4,2025-07
323,customer49,855162662,3.0,3344220,20/04/1404,4,10032660,2025-07-11,Friday,4,2025-07
323,customer49,855141556,1.0,5223130,20/04/1404,5,5223130,2025-07-11,Friday,4,2025-07
323,customer49,855162650,7.0,3246210,20/04/1404,6,22723470,2025-07-11,Friday,4,2025-07
323,customer49,546,8.0,52360,20/04/1404,7,418880,2025-07-11,Friday,4,2025-07
323,customer49,371020,30.0,41470,20/04/1404,8,1244100,2025-07-11,Friday,4,2025-07
323,customer49,855211124,4.0,3005970,20/04/1404,9,12023880,2025-07-11,Friday,4,2025-07
323,customer49,807311113,5.0,113960,20/04/1404,10,569800,2025-07-11,Friday,4,2025-07
323,customer49,855162402,2.0,1302730,20/04/1404,11,2605460,2025-07-11,Friday,4,2025-07
323,customer49,855141586,1.0,6993690,20/04/1404,12,6993690,2025-07-11,Friday,4,2025-07
323,customer49,813121020,50.0,635690,20/04/1404,13,31784500,2025-07-11,Friday,4,2025-07
323,customer49,807311110,4.0,60500,20/04/1404,14,242000,2025-07-11,Friday,4,2025-07
323,customer49,855141506,1.0,6751470,20/04/1404,15,6751470,2025-07-11,Friday,4,2025-07
323,customer49,641524,1.0,3967700,20/04/1404,16,3967700,2025-07-11,Friday,4,2025-07
323,customer49,813141025,15.0,1011560,20/04/1404,17,15173400,2025-07-11,Friday,4,2025-07
323,customer49,641644,1.0,4184620,20/04/1404,18,4184620,2025-07-11,Friday,4,2025-07
323,customer49,807261401,7.0,24640,20/04/1404,19,172480,2025-07-11,Friday,4,2025-07
325,customer29,641604,8.0,4493280,20/04/1404,1,35946240,2025-07-11,Friday,4,2025-07
325,customer29,641722,30.0,2333210,20/04/1404,2,69996300,2025-07-11,Friday,4,2025-07
326,customer31,813121016,400.0,360690,21/04/1404,1,144276000,2025-07-12,Saturday,5,2025-07
326,customer31,855321105,250.0,40700,21/04/1404,2,10175000,2025-07-12,Saturday,5,2025-07
326,customer31,855212402,48.0,1719850,21/04/1404,3,82552800,2025-07-12,Saturday,5,2025-07
326,customer31,855211436,10.0,7200050,21/04/1404,4,72000500,2025-07-12,Saturday,5,2025-07
326,customer31,861641102,48.0,1719190,21/04/1404,5,82521120,2025-07-12,Saturday,5,2025-07
326,customer31,855321309,80.0,115830,21/04/1404,6,9266400,2025-07-12,Saturday,5,2025-07
326,customer31,819141020,420.0,291720,21/04/1404,7,122522400,2025-07-12,Saturday,5,2025-07
326,customer31,819141025,300.0,460350,21/04/1404,8,138105000,2025-07-12,Saturday,5,2025-07
326,customer31,323125,2.0,29100500,21/04/1404,9,58201000,2025-07-12,Saturday,5,2025-07
326,customer31,855311239,2.0,31838730,21/04/1404,10,63677460,2025-07-12,Saturday,5,2025-07
326,customer31,855341345,10.0,939840,21/04/1404,11,9398400,2025-07-12,Saturday,5,2025-07
326,customer31,855211336,10.0,7241630,21/04/1404,12,72416300,2025-07-12,Saturday,5,2025-07
326,customer31,855341409,17.0,1342440,21/04/1404,13,22821480,2025-07-12,Saturday,5,2025-07
327,customer9,807311150,30.0,723340,19/04/1404,1,21700200,2025-07-10,Thursday,3,2025-07
327,customer9,855311237,2.0,24768920,19/04/1404,2,49537840,2025-07-10,Thursday,3,2025-07
327,customer9,855311133,4.0,7529940,19/04/1404,3,30119760,2025-07-10,Thursday,3,2025-07
327,customer9,807211141,200.0,104390,19/04/1404,4,20878000,2025-07-10,Thursday,3,2025-07
327,customer9,813121020,150.0,635690,19/04/1404,5,95353500,2025-07-10,Thursday,3,2025-07
327,customer9,323065,2.0,13808520,19/04/1404,6,27617040,2025-07-10,Thursday,3,2025-07
327,customer9,323085,6.0,16957710,19/04/1404,7,101746260,2025-07-10,Thursday,3,2025-07
327,customer9,855311136,4.0,14938540,19/04/1404,8,59754160,2025-07-10,Thursday,3,2025-07
327,customer9,855311135,4.0,12488410,19/04/1404,9,49953640,2025-07-10,Thursday,3,2025-07
327,customer9,855212402,48.0,1719850,19/04/1404,10,82552800,2025-07-10,Thursday,3,2025-07
327,customer9,861641102,48.0,1719190,19/04/1404,11,82521120,2025-07-10,Thursday,3,2025-07
327,customer9,813121016,1000.0,360690,19/04/1404,12,360690000,2025-07-10,Thursday,3,2025-07
328,customer87,807261401,16.0,24640,22/04/1404,1,394240,2025-07-13,Sunday,6,2025-07
328,customer87,879516143,1.0,1886040,22/04/1404,2,1886040,2025-07-13,Sunday,6,2025-07
328,customer87,855212424,4.0,5267680,22/04/1404,3,21070720,2025-07-13,Sunday,6,2025-07
328,customer87,747,2.0,1120000,22/04/1404,4,2240000,2025-07-13,Sunday,6,2025-07
328,customer87,641326,4.0,6896890,22/04/1404,5,27587560,2025-07-13,Sunday,6,2025-07
328,customer87,371016,150.0,32780,22/04/1404,6,4917000,2025-07-13,Sunday,6,2025-07
328,customer87,807261405,4.0,48070,22/04/1404,7,192280,2025-07-13,Sunday,6,2025-07
328,customer87,323055,2.0,12606880,22/04/1404,8,25213760,2025-07-13,Sunday,6,2025-07
328,customer87,855212402,16.0,1719850,22/04/1404,9,27517600,2025-07-13,Sunday,6,2025-07
328,customer87,861641102,16.0,1719190,22/04/1404,10,27507040,2025-07-13,Sunday,6,2025-07
328,customer87,855311134,4.0,10080400,22/04/1404,11,40321600,2025-07-13,Sunday,6,2025-07
328,customer87,855121906,4.0,1102200,22/04/1404,12,4408800,2025-07-13,Sunday,6,2025-07
328,customer87,807311119,8.0,276210,22/04/1404,13,2209680,2025-07-13,Sunday,6,2025-07
328,customer87,807311125,2.0,340890,22/04/1404,14,681780,2025-07-13,Sunday,6,2025-07
328,customer87,813121025,20.0,1075690,22/04/1404,15,21513800,2025-07-13,Sunday,6,2025-07
328,customer87,813121016,200.0,360690,22/04/1404,16,72138000,2025-07-13,Sunday,6,2025-07
329,customer67,1406,2000.0,66990,24/04/1404,1,133980000,2025-07-15,Tuesday,1,2025-07
329,customer67,819161025,200.0,411730,24/04/1404,2,82346000,2025-07-15,Tuesday,1,2025-07
329,customer67,819161020,420.0,258280,24/04/1404,3,108477600,2025-07-15,Tuesday,1,2025-07
330,customer68,855341101,25.0,414920,24/04/1404,1,10373000,2025-07-15,Tuesday,1,2025-07
330,customer68,855341201,25.0,680020,24/04/1404,2,17000500,2025-07-15,Tuesday,1,2025-07
330,customer68,861645201,15.0,1636030,24/04/1404,3,24540450,2025-07-15,Tuesday,1,2025-07
330,customer68,962,36.0,656150,24/04/1404,4,23621400,2025-07-15,Tuesday,1,2025-07
330,customer68,1425,450.0,223520,24/04/1404,5,100584000,2025-07-15,Tuesday,1,2025-07
330,customer68,1426,400.0,170170,24/04/1404,6,68068000,2025-07-15,Tuesday,1,2025-07
330,customer68,819161020,280.0,258280,24/04/1404,7,72318400,2025-07-15,Tuesday,1,2025-07
330,customer68,879272,400.0,121440,24/04/1404,8,48576000,2025-07-15,Tuesday,1,2025-07
331,customer69,855321901,20.0,205920,24/04/1404,1,4118400,2025-07-15,Tuesday,1,2025-07
331,customer69,855341201,10.0,680020,24/04/1404,2,6800200,2025-07-15,Tuesday,1,2025-07
331,customer69,855321301,200.0,43890,24/04/1404,3,8778000,2025-07-15,Tuesday,1,2025-07
331,customer69,819141020,140.0,291720,24/04/1404,4,40840800,2025-07-15,Tuesday,1,2025-07
331,customer69,855321501,170.0,61710,24/04/1404,5,10490700,2025-07-15,Tuesday,1,2025-07
331,customer69,343313,20.0,760100,24/04/1404,6,15202000,2025-07-15,Tuesday,1,2025-07
331,customer69,341901,30.0,653840,24/04/1404,7,19615200,2025-07-15,Tuesday,1,2025-07
331,customer69,855341909,30.0,851070,24/04/1404,8,25532100,2025-07-15,Tuesday,1,2025-07
332,customer68,1249,10.0,395000,24/04/1404,1,3950000,2025-07-15,Tuesday,1,2025-07
332,customer68,1151,5.0,1014000,24/04/1404,2,5070000,2025-07-15,Tuesday,1,2025-07
332,customer68,1145,20.0,210000,24/04/1404,3,4200000,2025-07-15,Tuesday,1,2025-07
332,customer68,1143,20.0,432000,24/04/1404,4,8640000,2025-07-15,Tuesday,1,2025-07
332,customer68,1144,20.0,614000,24/04/1404,5,12280000,2025-07-15,Tuesday,1,2025-07
332,customer68,1140,20.0,473000,24/04/1404,6,9460000,2025-07-15,Tuesday,1,2025-07
332,customer68,1141,20.0,364000,24/04/1404,7,7280000,2025-07-15,Tuesday,1,2025-07
332,customer68,1142,19.0,175000,24/04/1404,8,3325000,2025-07-15,Tuesday,1,2025-07
332,customer68,1138,10.0,282000,24/04/1404,9,2820000,2025-07-15,Tuesday,1,2025-07
333,customer88,855341201,10.0,680020,24/04/1404,1,6800200,2025-07-15,Tuesday,1,2025-07
333,customer88,855341701,15.0,481140,24/04/1404,2,7217100,2025-07-15,Tuesday,1,2025-07
333,customer88,855341113,9.0,617870,24/04/1404,3,5560830,2025-07-15,Tuesday,1,2025-07
333,customer88,855341301,25.0,436370,24/04/1404,4,10909250,2025-07-15,Tuesday,1,2025-07
333,customer88,819141025,100.0,460350,24/04/1404,5,46035000,2025-07-15,Tuesday,1,2025-07
333,customer88,819141020,420.0,291720,24/04/1404,6,122522400,2025-07-15,Tuesday,1,2025-07
333,customer88,855341101,15.0,414920,24/04/1404,7,6223800,2025-07-15,Tuesday,1,2025-07
334,customer89,807261401,22.0,24640,26/04/1404,1,542080,2025-07-17,Thursday,3,2025-07
334,customer89,121234,6.0,2018390,26/04/1404,2,12110340,2025-07-17,Thursday,3,2025-07
334,customer89,879516143,2.0,1886040,26/04/1404,3,3772080,2025-07-17,Thursday,3,2025-07
334,customer89,807311119,12.0,276210,26/04/1404,4,3314520,2025-07-17,Thursday,3,2025-07
334,customer89,855162410,4.0,1789150,26/04/1404,5,7156600,2025-07-17,Thursday,3,2025-07
334,customer89,855162424,4.0,4407810,26/04/1404,6,17631240,2025-07-17,Thursday,3,2025-07
334,customer89,855162402,54.0,1302730,26/04/1404,7,70347420,2025-07-17,Thursday,3,2025-07
334,customer89,861641102,46.0,1719190,26/04/1404,8,79082740,2025-07-17,Thursday,3,2025-07
334,customer89,855311136,6.0,14983540,26/04/1404,9,89901240,2025-07-17,Thursday,3,2025-07
334,customer89,855311135,2.0,12488410,26/04/1404,10,24976820,2025-07-17,Thursday,3,2025-07
334,customer89,855121906,4.0,1102200,26/04/1404,11,4408800,2025-07-17,Thursday,3,2025-07
334,customer89,855161202,4.0,1944470,26/04/1404,12,7777880,2025-07-17,Thursday,3,2025-07
334,customer89,813121016,600.0,360690,26/04/1404,13,216414000,2025-07-17,Thursday,3,2025-07
334,customer89,641312,6.0,5886980,26/04/1404,14,35321880,2025-07-17,Thursday,3,2025-07
334,customer89,855161552,12.0,3043590,26/04/1404,15,36523080,2025-07-17,Thursday,3,2025-07
334,customer89,323095,2.0,20378160,26/04/1404,16,40756320,2025-07-17,Thursday,3,2025-07
334,customer89,855161102,8.0,1186350,26/04/1404,17,9490800,2025-07-17,Thursday,3,2025-07
334,customer89,855162642,40.0,1853280,26/04/1404,18,74131200,2025-07-17,Thursday,3,2025-07
334,customer89,371016,600.0,32780,26/04/1404,19,19668000,2025-07-17,Thursday,3,2025-07
334,customer89,641326,4.0,8260120,26/04/1404,20,33040480,2025-07-17,Thursday,3,2025-07
335,customer83,906,5.0,757130,19/04/1404,1,3785650,2025-07-10,Thursday,3,2025-07
335,customer83,910,8.0,426030,19/04/1404,2,3408240,2025-07-10,Thursday,3,2025-07
335,customer83,904,10.0,556820,19/04/1404,3,5568200,2025-07-10,Thursday,3,2025-07
335,customer83,905,40.0,654170,19/04/1404,4,26166800,2025-07-10,Thursday,3,2025-07
335,customer83,903,30.0,471460,19/04/1404,5,14143800,2025-07-10,Thursday,3,2025-07
335,customer83,888,4.0,5823730,19/04/1404,6,23294920,2025-07-10,Thursday,3,2025-07
335,customer83,883,9.0,1998920,19/04/1404,7,17990280,2025-07-10,Thursday,3,2025-07
335,customer83,884,2.0,1396900,19/04/1404,8,2793800,2025-07-10,Thursday,3,2025-07
335,customer83,881,8.0,1707310,19/04/1404,9,13658480,2025-07-10,Thursday,3,2025-07
335,customer83,878,5.0,317790,19/04/1404,10,1588950,2025-07-10,Thursday,3,2025-07
335,customer83,880,2.0,1272700,19/04/1404,11,2545400,2025-07-10,Thursday,3,2025-07
335,customer83,870,8.0,1014310,19/04/1404,12,8114480,2025-07-10,Thursday,3,2025-07
335,customer83,876,15.0,96030,19/04/1404,13,1440450,2025-07-10,Thursday,3,2025-07
335,customer83,814,4.0,4207170,19/04/1404,14,16828680,2025-07-10,Thursday,3,2025-07
335,customer83,825,15.0,567380,19/04/1404,15,8510700,2025-07-10,Thursday,3,2025-07
335,customer83,826,36.0,947980,19/04/1404,16,34127280,2025-07-10,Thursday,3,2025-07
335,customer83,827,32.0,1705550,19/04/1404,17,54577600,2025-07-10,Thursday,3,2025-07
335,customer83,829,10.0,811800,19/04/1404,18,8118000,2025-07-10,Thursday,3,2025-07
335,customer83,820,3.0,6040210,19/04/1404,19,18120630,2025-07-10,Thursday,3,2025-07
335,customer83,821,17.0,8796590,19/04/1404,20,149542030,2025-07-10,Thursday,3,2025-07
335,customer83,834,5.0,2403830,19/04/1404,21,12019150,2025-07-10,Thursday,3,2025-07
335,customer83,835,7.0,4296270,19/04/1404,22,30073890,2025-07-10,Thursday,3,2025-07
335,customer83,830,15.0,1358170,19/04/1404,23,20372550,2025-07-10,Thursday,3,2025-07
335,customer83,831,10.0,2416150,19/04/1404,24,24161500,2025-07-10,Thursday,3,2025-07
335,customer83,833,5.0,1436820,19/04/1404,25,7184100,2025-07-10,Thursday,3,2025-07
335,customer83,838,12.0,3402410,19/04/1404,26,40828920,2025-07-10,Thursday,3,2025-07
335,customer83,839,7.0,6141410,19/04/1404,27,42989870,2025-07-10,Thursday,3,2025-07
335,customer83,840,15.0,8899660,19/04/1404,28,133494900,2025-07-10,Thursday,3,2025-07
335,customer83,847,2.0,892100,19/04/1404,29,1784200,2025-07-10,Thursday,3,2025-07
335,customer83,849,8.0,371910,19/04/1404,30,2975280,2025-07-10,Thursday,3,2025-07
335,customer83,851,4.0,440000,19/04/1404,31,1760000,2025-07-10,Thursday,3,2025-07
335,customer83,837,5.0,1991880,19/04/1404,32,9959400,2025-07-10,Thursday,3,2025-07
335,customer83,856,20.0,239250,19/04/1404,33,4785000,2025-07-10,Thursday,3,2025-07
335,customer83,857,15.0,256630,19/04/1404,34,3849450,2025-07-10,Thursday,3,2025-07
335,customer83,858,60.0,319550,19/04/1404,35,19173000,2025-07-10,Thursday,3,2025-07
335,customer83,859,5.0,384120,19/04/1404,36,1920600,2025-07-10,Thursday,3,2025-07
335,customer83,860,25.0,614570,19/04/1404,37,15364250,2025-07-10,Thursday,3,2025-07
335,customer83,872,10.0,1368730,19/04/1404,38,13687300,2025-07-10,Thursday,3,2025-07
335,customer83,874,8.0,1873190,19/04/1404,39,14985520,2025-07-10,Thursday,3,2025-07
335,customer83,862,50.0,961950,19/04/1404,40,48097500,2025-07-10,Thursday,3,2025-07
335,customer83,869,10.0,638990,19/04/1404,41,6389900,2025-07-10,Thursday,3,2025-07
335,customer83,891752192,10.0,395000,19/04/1404,42,3950000,2025-07-10,Thursday,3,2025-07
335,customer83,879516008,7.0,744000,19/04/1404,43,5208000,2025-07-10,Thursday,3,2025-07
335,customer83,879516009,35.0,780000,19/04/1404,44,27300000,2025-07-10,Thursday,3,2025-07
335,customer83,879516007,40.0,588000,19/04/1404,45,23520000,2025-07-10,Thursday,3,2025-07
336,customer90,904,5.0,556820,27/04/1404,1,2784100,2025-07-18,Friday,4,2025-07
336,customer90,903,6.0,471460,27/04/1404,2,2828760,2025-07-18,Friday,4,2025-07
336,customer90,807221711,10.0,440100,27/04/1404,3,4401000,2025-07-18,Friday,4,2025-07
336,customer90,891752193,8.0,350000,27/04/1404,4,2800000,2025-07-18,Friday,4,2025-07
337,customer84,855321101,1.0,33330,27/04/1404,1,33330,2025-07-18,Friday,4,2025-07
337,customer84,855321501,3.0,61710,27/04/1404,2,185130,2025-07-18,Friday,4,2025-07
337,customer84,855321301,18.0,43890,27/04/1404,3,790020,2025-07-18,Friday,4,2025-07
337,customer84,855341301,6.0,436370,27/04/1404,4,2618220,2025-07-18,Friday,4,2025-07
337,customer84,141,1.0,1100000,27/04/1404,5,1100000,2025-07-18,Friday,4,2025-07
337,customer84,130,1.0,5000000,27/04/1404,6,5000000,2025-07-18,Friday,4,2025-07
337,customer84,855321741,2.0,215820,27/04/1404,7,431640,2025-07-18,Friday,4,2025-07
337,customer84,855341801,2.0,1966910,27/04/1404,8,3933820,2025-07-18,Friday,4,2025-07
337,customer84,118,7.0,60000,27/04/1404,9,420000,2025-07-18,Friday,4,2025-07
337,customer84,855341201,3.0,680020,27/04/1404,10,2040060,2025-07-18,Friday,4,2025-07
337,customer84,807211125,10.0,17160,27/04/1404,11,171600,2025-07-18,Friday,4,2025-07
337,customer84,417,1.0,1000000,27/04/1404,12,1000000,2025-07-18,Friday,4,2025-07
337,customer84,343313,1.0,760100,27/04/1404,13,760100,2025-07-18,Friday,4,2025-07
337,customer84,344,1.0,600000,27/04/1404,14,600000,2025-07-18,Friday,4,2025-07
337,customer84,807211105,12.0,11000,27/04/1404,15,132000,2025-07-18,Friday,4,2025-07
337,customer84,855161710,4.0,1369500,27/04/1404,16,5478000,2025-07-18,Friday,4,2025-07
337,customer84,641210,2.0,3110140,27/04/1404,17,6220280,2025-07-18,Friday,4,2025-07
337,customer84,855121142,1.0,1139270,27/04/1404,18,1139270,2025-07-18,Friday,4,2025-07
337,customer84,627,1.0,4500000,27/04/1404,19,4500000,2025-07-18,Friday,4,2025-07
337,customer84,807211121,2.0,17930,27/04/1404,20,35860,2025-07-18,Friday,4,2025-07
337,customer84,855311112,1.0,4056250,27/04/1404,21,4056250,2025-07-18,Friday,4,2025-07
337,customer84,855121904,1.0,1185250,27/04/1404,22,1185250,2025-07-18,Friday,4,2025-07
337,customer84,819161020,20.0,258280,27/04/1404,23,5165600,2025-07-18,Friday,4,2025-07
337,customer84,879248,1.0,2885410,27/04/1404,24,2885410,2025-07-18,Friday,4,2025-07
337,customer84,879516044,1.0,3700000,27/04/1404,25,3700000,2025-07-18,Friday,4,2025-07
337,customer84,879516113,4.0,1400000,27/04/1404,26,5600000,2025-07-18,Friday,4,2025-07
338,customer76,1264,4.5,11800000,27/04/1404,1,53100000,2025-07-18,Friday,4,2025-07
338,customer76,1140,4.0,473000,27/04/1404,2,1892000,2025-07-18,Friday,4,2025-07
338,customer76,879244,4.0,250000,27/04/1404,3,1000000,2025-07-18,Friday,4,2025-07
338,customer76,1273,2.0,286000,27/04/1404,4,572000,2025-07-18,Friday,4,2025-07
339,customer91,611,1.0,600000,27/04/1404,1,600000,2025-07-18,Friday,4,2025-07
339,customer91,706,1.0,547000000,27/04/1404,2,547000000,2025-07-18,Friday,4,2025-07
339,customer91,855121188,2.0,927410,27/04/1404,3,1854820,2025-07-18,Friday,4,2025-07
339,customer91,1233,1.0,450000,27/04/1404,4,450000,2025-07-18,Friday,4,2025-07
339,customer91,855121235,2.0,1051710,27/04/1404,5,2103420,2025-07-18,Friday,4,2025-07
339,customer91,118,3.0,60000,27/04/1404,6,180000,2025-07-18,Friday,4,2025-07
339,customer91,641522,2.0,3521980,27/04/1404,7,7043960,2025-07-18,Friday,4,2025-07
339,customer91,641524,2.0,3967700,27/04/1404,8,7935400,2025-07-18,Friday,4,2025-07
339,customer91,879516116,0.5,1500000,27/04/1404,9,750000,2025-07-18,Friday,4,2025-07
339,customer91,879516017,1.0,11000000,27/04/1404,10,11000000,2025-07-18,Friday,4,2025-07
339,customer91,879245,1.0,3200000,27/04/1404,11,3200000,2025-07-18,Friday,4,2025-07
339,customer91,879162,2.0,3200000,27/04/1404,12,6400000,2025-07-18,Friday,4,2025-07
339,customer91,879164,2.0,3200000,27/04/1404,13,6400000,2025-07-18,Friday,4,2025-07
339,customer91,879001,1.0,9500000,27/04/1404,14,9500000,2025-07-18,Friday,4,2025-07
340,customer92,879147,1.0,78000000,27/04/1404,1,78000000,2025-07-18,Friday,4,2025-07
341,customer53,813121016,43.0,360690,27/04/1404,1,15509670,2025-07-18,Friday,4,2025-07
341,customer53,813121020,13.5,635690,27/04/1404,2,8581815,2025-07-18,Friday,4,2025-07
341,customer53,813121025,3.5,1075690,27/04/1404,3,3764915,2025-07-18,Friday,4,2025-07
341,customer53,855162424,2.0,4407810,27/04/1404,4,8815620,2025-07-18,Friday,4,2025-07
341,customer53,855163402,4.0,3121910,27/04/1404,5,12487640,2025-07-18,Friday,4,2025-07
341,customer53,855121404,1.0,2419670,27/04/1404,6,2419670,2025-07-18,Friday,4,2025-07
341,customer53,855121235,2.0,1051710,27/04/1404,7,2103420,2025-07-18,Friday,4,2025-07
341,customer53,855121142,1.0,1139270,27/04/1404,8,1139270,2025-07-18,Friday,4,2025-07
341,customer53,807261405,2.0,48070,27/04/1404,9,96140,2025-07-18,Friday,4,2025-07
341,customer53,807261401,12.0,24640,27/04/1404,10,295680,2025-07-18,Friday,4,2025-07
341,customer53,641412,2.0,6115230,27/04/1404,11,12230460,2025-07-18,Friday,4,2025-07
341,customer53,855121904,1.0,1185250,27/04/1404,12,1185250,2025-07-18,Friday,4,2025-07
341,customer53,855121402,2.0,1476200,27/04/1404,13,2952400,2025-07-18,Friday,4,2025-07
341,customer53,855121192,1.0,1659790,27/04/1404,14,1659790,2025-07-18,Friday,4,2025-07
342,customer1,819141020,120.0,291720,28/04/1404,1,35006400,2025-07-19,Saturday,5,2025-07
342,customer1,855321501,30.0,61710,28/04/1404,2,1851300,2025-07-19,Saturday,5,2025-07
343,customer17,371016,200.0,32780,28/04/1404,1,6556000,2025-07-19,Saturday,5,2025-07
343,customer17,323095,1.0,20378160,28/04/1404,2,20378160,2025-07-19,Saturday,5,2025-07
343,customer17,807211141,40.0,104390,28/04/1404,3,4175600,2025-07-19,Saturday,5,2025-07
343,customer17,92632,9.0,1662430,28/04/1404,4,14961870,2025-07-19,Saturday,5,2025-07
343,customer17,813121025,20.0,1075690,28/04/1404,5,21513800,2025-07-19,Saturday,5,2025-07
343,customer17,855121908,2.0,2337060,28/04/1404,6,4674120,2025-07-19,Saturday,5,2025-07
345,customer76,962,3.0,656150,28/04/1404,1,1968450,2025-07-19,Saturday,5,2025-07
346,customer93,641642,1.0,3598540,28/04/1404,1,3598540,2025-07-19,Saturday,5,2025-07
346,customer93,681802,1.0,3329810,28/04/1404,2,3329810,2025-07-19,Saturday,5,2025-07
346,customer93,855121102,2.0,587950,28/04/1404,3,1175900,2025-07-19,Saturday,5,2025-07
346,customer93,813121020,9.0,635690,28/04/1404,4,5721210,2025-07-19,Saturday,5,2025-07
346,customer93,855163410,2.0,3590400,28/04/1404,5,7180800,2025-07-19,Saturday,5,2025-07
346,customer93,855161710,2.0,1369500,28/04/1404,6,2739000,2025-07-19,Saturday,5,2025-07
346,customer93,855121502,1.0,2094000,28/04/1404,7,2094000,2025-07-19,Saturday,5,2025-07
346,customer93,855141504,1.0,2458830,28/04/1404,8,2458830,2025-07-19,Saturday,5,2025-07
347,customer93,818,1.0,1888920,28/04/1404,1,1888920,2025-07-19,Saturday,5,2025-07
347,customer93,819,5.0,3301210,28/04/1404,2,16506050,2025-07-19,Saturday,5,2025-07
347,customer93,872,1.0,1368730,28/04/1404,3,1368730,2025-07-19,Saturday,5,2025-07
347,customer93,862,14.0,961950,28/04/1404,4,13467300,2025-07-19,Saturday,5,2025-07
347,customer93,858,1.0,319550,28/04/1404,5,319550,2025-07-19,Saturday,5,2025-07
347,customer93,837,1.0,1991880,28/04/1404,6,1991880,2025-07-19,Saturday,5,2025-07
347,customer93,838,2.0,3402410,28/04/1404,7,6804820,2025-07-19,Saturday,5,2025-07
347,customer93,821,5.0,8796590,28/04/1404,8,43982950,2025-07-19,Saturday,5,2025-07
347,customer93,884,1.0,1396900,28/04/1404,9,1396900,2025-07-19,Saturday,5,2025-07
348,customer90,1159,4.0,973000,20/04/1404,1,3892000,2025-07-11,Friday,4,2025-07
348,customer90,1158,4.0,732000,20/04/1404,2,2928000,2025-07-11,Friday,4,2025-07
348,customer90,1249,5.0,395000,20/04/1404,3,1975000,2025-07-11,Friday,4,2025-07
348,customer90,1271,30.0,122000,20/04/1404,4,3660000,2025-07-11,Friday,4,2025-07
348,customer90,1266,5.0,6336000,20/04/1404,5,31680000,2025-07-11,Friday,4,2025-07
348,customer90,1264,9.0,11800000,20/04/1404,6,106200000,2025-07-11,Friday,4,2025-07
348,customer90,1265,3.0,8955000,20/04/1404,7,26865000,2025-07-11,Friday,4,2025-07
348,customer90,1146,6.0,1027000,20/04/1404,8,6162000,2025-07-11,Friday,4,2025-07
348,customer90,1147,4.0,750000,20/04/1404,9,3000000,2025-07-11,Friday,4,2025-07
348,customer90,1148,8.0,368000,20/04/1404,10,2944000,2025-07-11,Friday,4,2025-07
348,customer90,1149,4.0,573000,20/04/1404,11,2292000,2025-07-11,Friday,4,2025-07
348,customer90,1150,10.0,309000,20/04/1404,12,3090000,2025-07-11,Friday,4,2025-07
348,customer90,1151,3.0,1014000,20/04/1404,13,3042000,2025-07-11,Friday,4,2025-07
348,customer90,1156,5.0,636000,20/04/1404,14,3180000,2025-07-11,Friday,4,2025-07
348,customer90,1138,6.0,282000,20/04/1404,15,1692000,2025-07-11,Friday,4,2025-07
348,customer90,1141,10.0,364000,20/04/1404,16,3640000,2025-07-11,Friday,4,2025-07
348,customer90,1142,40.0,175000,20/04/1404,17,7000000,2025-07-11,Friday,4,2025-07
348,customer90,1139,5.0,318000,20/04/1404,18,1590000,2025-07-11,Friday,4,2025-07
348,customer90,1140,35.0,473000,20/04/1404,19,16555000,2025-07-11,Friday,4,2025-07
348,customer90,1422,0.249,13500000,20/04/1404,20,3361500,2025-07-11,Friday,4,2025-07
348,customer90,1272,10.0,223000,20/04/1404,21,2230000,2025-07-11,Friday,4,2025-07
348,customer90,1273,40.0,286000,20/04/1404,22,11440000,2025-07-11,Friday,4,2025-07
349,customer13,211122,20.0,2998380,29/04/1404,1,59967600,2025-07-20,Sunday,6,2025-07
349,customer13,855311239,4.0,31838730,29/04/1404,2,127354920,2025-07-20,Sunday,6,2025-07
349,customer13,855341109,100.0,440550,29/04/1404,3,44055000,2025-07-20,Sunday,6,2025-07
349,customer13,855121235,18.0,1051710,29/04/1404,4,18930780,2025-07-20,Sunday,6,2025-07
349,customer13,813121025,100.0,1075690,29/04/1404,5,107569000,2025-07-20,Sunday,6,2025-07
349,customer13,813121020,150.0,635690,29/04/1404,6,95353500,2025-07-20,Sunday,6,2025-07
349,customer13,861645201,65.0,1636030,29/04/1404,7,106341950,2025-07-20,Sunday,6,2025-07
349,customer13,813121016,600.0,360690,29/04/1404,8,216414000,2025-07-20,Sunday,6,2025-07
349,customer13,855162402,48.0,1302730,29/04/1404,9,62531040,2025-07-20,Sunday,6,2025-07
349,customer13,855162424,8.0,4407810,29/04/1404,10,35262480,2025-07-20,Sunday,6,2025-07
349,customer13,861645205,45.0,2232450,29/04/1404,11,100460250,2025-07-20,Sunday,6,2025-07
349,customer13,323085,2.0,16957710,29/04/1404,12,33915420,2025-07-20,Sunday,6,2025-07
349,customer13,861641110,20.0,1980990,29/04/1404,13,39619800,2025-07-20,Sunday,6,2025-07
349,customer13,861641102,24.0,1719190,29/04/1404,14,41260560,2025-07-20,Sunday,6,2025-07
349,customer13,855121102,25.0,587950,29/04/1404,15,14698750,2025-07-20,Sunday,6,2025-07
350,customer13,1422,5.0,13500000,29/04/1404,1,67500000,2025-07-20,Sunday,6,2025-07
350,customer13,879101,10.0,1332000,29/04/1404,2,13320000,2025-07-20,Sunday,6,2025-07
350,customer13,1264,20.0,11800000,29/04/1404,3,236000000,2025-07-20,Sunday,6,2025-07
350,customer13,1266,20.0,6336000,29/04/1404,4,126720000,2025-07-20,Sunday,6,2025-07
350,customer13,1265,15.0,9850000,29/04/1404,5,147750000,2025-07-20,Sunday,6,2025-07
351,customer56,905,80.0,686840,29/04/1404,1,54947200,2025-07-20,Sunday,6,2025-07
352,customer63,855341301,1.0,436370,29/04/1404,1,436370,2025-07-20,Sunday,6,2025-07
352,customer63,861645201,1.0,1636030,29/04/1404,2,1636030,2025-07-20,Sunday,6,2025-07
352,customer63,641602,1.0,3073840,29/04/1404,3,3073840,2025-07-20,Sunday,6,2025-07
353,customer44,121180,15.0,476520,29/04/1404,1,7147800,2025-07-20,Sunday,6,2025-07
353,customer44,855121182,15.0,631400,29/04/1404,2,9471000,2025-07-20,Sunday,6,2025-07
355,customer7,819161025,100.0,411730,31/04/1404,1,41173000,2025-07-22,Tuesday,1,2025-07
355,customer7,819161020,140.0,258280,31/04/1404,2,36159200,2025-07-22,Tuesday,1,2025-07
355,customer7,855461131,10.0,944130,31/04/1404,3,9441300,2025-07-22,Tuesday,1,2025-07
355,customer7,861645151,10.0,1600060,31/04/1404,4,16000600,2025-07-22,Tuesday,1,2025-07
355,customer7,855321101,360.0,33330,31/04/1404,5,11998800,2025-07-22,Tuesday,1,2025-07
355,customer7,861645155,10.0,2375560,31/04/1404,6,23755600,2025-07-22,Tuesday,1,2025-07
356,customer7,1151,30.0,1014000,31/04/1404,1,30420000,2025-07-22,Tuesday,1,2025-07
356,customer7,1134,20.0,6618000,31/04/1404,2,132360000,2025-07-22,Tuesday,1,2025-07
357,customer31,855321309,80.0,115830,31/04/1404,1,9266400,2025-07-22,Tuesday,1,2025-07
357,customer31,855341301,240.0,436370,31/04/1404,2,104728800,2025-07-22,Tuesday,1,2025-07
357,customer31,819141020,700.0,291720,31/04/1404,3,204204000,2025-07-22,Tuesday,1,2025-07
357,customer31,819141025,300.0,460350,31/04/1404,4,138105000,2025-07-22,Tuesday,1,2025-07
357,customer31,861645155,35.0,2375560,31/04/1404,5,83144600,2025-07-22,Tuesday,1,2025-07
357,customer31,855341401,30.0,992970,31/04/1404,6,29789100,2025-07-22,Tuesday,1,2025-07
357,customer31,855321301,500.0,43890,31/04/1404,7,21945000,2025-07-22,Tuesday,1,2025-07
357,customer31,855321505,80.0,87340,31/04/1404,8,6987200,2025-07-22,Tuesday,1,2025-07
357,customer31,855321305,300.0,69080,31/04/1404,9,20724000,2025-07-22,Tuesday,1,2025-07
357,customer31,855321501,170.0,61710,31/04/1404,10,10490700,2025-07-22,Tuesday,1,2025-07
357,customer31,807311101,50.0,38170,31/04/1404,11,1908500,2025-07-22,Tuesday,1,2025-07
357,customer31,855321905,15.0,281490,31/04/1404,12,4222350,2025-07-22,Tuesday,1,2025-07
357,customer31,855321901,10.0,205920,31/04/1404,13,2059200,2025-07-22,Tuesday,1,2025-07
357,customer31,861645151,55.0,1600060,31/04/1404,14,88003300,2025-07-22,Tuesday,1,2025-07
357,customer31,855341805,20.0,2745820,31/04/1404,15,54916400,2025-07-22,Tuesday,1,2025-07
357,customer31,855341801,10.0,1966910,31/04/1404,16,19669100,2025-07-22,Tuesday,1,2025-07
357,customer31,819121020,280.0,338140,31/04/1404,17,94679200,2025-07-22,Tuesday,1,2025-07
357,customer31,855321371,180.0,71390,31/04/1404,18,12850200,2025-07-22,Tuesday,1,2025-07
357,customer31,855321705,50.0,40700,31/04/1404,19,2035000,2025-07-22,Tuesday,1,2025-07
357,customer31,861645159,10.0,3526820,31/04/1404,20,35268200,2025-07-22,Tuesday,1,2025-07
357,customer31,855321701,650.0,28160,31/04/1404,21,18304000,2025-07-22,Tuesday,1,2025-07
357,customer31,341901,10.0,653840,31/04/1404,22,6538400,2025-07-22,Tuesday,1,2025-07
357,customer31,855321909,10.0,494340,31/04/1404,23,4943400,2025-07-22,Tuesday,1,2025-07
357,customer31,855341221,10.0,1492590,31/04/1404,24,14925900,2025-07-22,Tuesday,1,2025-07
357,customer31,855341625,10.0,1014200,31/04/1404,25,10142000,2025-07-22,Tuesday,1,2025-07
357,customer31,855341809,10.0,3573900,31/04/1404,26,35739000,2025-07-22,Tuesday,1,2025-07
357,customer31,855341917,10.0,1237830,31/04/1404,27,12378300,2025-07-22,Tuesday,1,2025-07
357,customer31,807261401,300.0,24640,31/04/1404,28,7392000,2025-07-22,Tuesday,1,2025-07
358,customer63,819141020,8.0,291720,31/04/1404,1,2333760,2025-07-22,Tuesday,1,2025-07
358,customer63,861645155,1.0,2375560,31/04/1404,2,2375560,2025-07-22,Tuesday,1,2025-07
358,customer63,855321301,4.0,43890,31/04/1404,3,175560,2025-07-22,Tuesday,1,2025-07
358,customer63,855321101,8.0,33330,31/04/1404,4,266640,2025-07-22,Tuesday,1,2025-07
358,customer63,855341801,2.0,1966910,31/04/1404,5,3933820,2025-07-22,Tuesday,1,2025-07
358,customer63,118,3.0,60000,31/04/1404,6,180000,2025-07-22,Tuesday,1,2025-07
358,customer63,855121102,1.0,587950,31/04/1404,7,587950,2025-07-22,Tuesday,1,2025-07
358,customer63,855321201,2.0,31900,31/04/1404,8,63800,2025-07-22,Tuesday,1,2025-07
359,customer9,855311236,2.0,21235280,29/04/1404,1,42470560,2025-07-20,Sunday,6,2025-07
359,customer9,855212424,12.0,5267680,29/04/1404,2,63212160,2025-07-20,Sunday,6,2025-07
359,customer9,855311237,2.0,24768920,29/04/1404,3,49537840,2025-07-20,Sunday,6,2025-07
359,customer9,807311116,20.0,170940,29/04/1404,4,3418800,2025-07-20,Sunday,6,2025-07
359,customer9,855311242,2.0,43411830,29/04/1404,5,86823660,2025-07-20,Sunday,6,2025-07
359,customer9,807211141,120.0,104390,29/04/1404,6,12526800,2025-07-20,Sunday,6,2025-07
359,customer9,323055,2.0,12606880,29/04/1404,7,25213760,2025-07-20,Sunday,6,2025-07
359,customer9,813121016,600.0,360690,29/04/1404,8,216414000,2025-07-20,Sunday,6,2025-07
359,customer9,813121020,150.0,635690,29/04/1404,9,95353500,2025-07-20,Sunday,6,2025-07
359,customer9,807241513,60.0,46200,29/04/1404,10,2772000,2025-07-20,Sunday,6,2025-07
359,customer9,807311125,20.0,340890,29/04/1404,11,6817800,2025-07-20,Sunday,6,2025-07
359,customer9,323065,4.0,13808520,29/04/1404,12,55234080,2025-07-20,Sunday,6,2025-07
359,customer9,855311134,5.0,10080400,29/04/1404,13,50402000,2025-07-20,Sunday,6,2025-07
359,customer9,323045,3.0,11620290,29/04/1404,14,34860870,2025-07-20,Sunday,6,2025-07
359,customer9,861641110,20.0,1980990,29/04/1404,15,39619800,2025-07-20,Sunday,6,2025-07
359,customer9,861641102,96.0,1719190,29/04/1404,16,165042240,2025-07-20,Sunday,6,2025-07
360,customer31,813121016,1000.0,360690,31/04/1404,1,360690000,2025-07-22,Tuesday,1,2025-07
360,customer31,813121020,450.0,635690,31/04/1404,2,286060500,2025-07-22,Tuesday,1,2025-07
360,customer31,855121244,12.0,1952170,31/04/1404,3,23426040,2025-07-22,Tuesday,1,2025-07
360,customer31,855211424,16.0,3839880,31/04/1404,4,61438080,2025-07-22,Tuesday,1,2025-07
360,customer31,855121242,12.0,2355320,31/04/1404,5,28263840,2025-07-22,Tuesday,1,2025-07
360,customer31,855212402,96.0,1719850,31/04/1404,6,165105600,2025-07-22,Tuesday,1,2025-07
360,customer31,861641102,96.0,1719190,31/04/1404,7,165042240,2025-07-22,Tuesday,1,2025-07
360,customer31,855311136,6.0,14983540,31/04/1404,8,89901240,2025-07-22,Tuesday,1,2025-07
360,customer31,855121908,15.0,2337060,31/04/1404,9,35055900,2025-07-22,Tuesday,1,2025-07
360,customer31,855121936,15.0,2358730,31/04/1404,10,35380950,2025-07-22,Tuesday,1,2025-07
360,customer31,855121235,18.0,1051710,31/04/1404,11,18930780,2025-07-22,Tuesday,1,2025-07
360,customer31,323125,2.0,29100500,31/04/1404,12,58201000,2025-07-22,Tuesday,1,2025-07
360,customer31,855211112,20.0,1617440,31/04/1404,13,32348800,2025-07-22,Tuesday,1,2025-07
360,customer31,855311133,6.0,7529940,31/04/1404,14,45179640,2025-07-22,Tuesday,1,2025-07
360,customer31,855212670,16.0,4666310,31/04/1404,15,74660960,2025-07-22,Tuesday,1,2025-07
360,customer31,855181104,10.0,3299010,31/04/1404,16,32990100,2025-07-22,Tuesday,1,2025-07
360,customer31,163642,32.0,2838990,31/04/1404,17,90847680,2025-07-22,Tuesday,1,2025-07
360,customer31,855211210,20.0,1644500,31/04/1404,18,32890000,2025-07-22,Tuesday,1,2025-07
360,customer31,855181102,10.0,2339370,31/04/1404,19,23393700,2025-07-22,Tuesday,1,2025-07
360,customer31,855181534,10.0,4513300,31/04/1404,20,45133000,2025-07-22,Tuesday,1,2025-07
360,customer31,855211324,10.0,3985190,31/04/1404,21,39851900,2025-07-22,Tuesday,1,2025-07
360,customer31,641324,12.0,6221490,31/04/1404,22,74657880,2025-07-22,Tuesday,1,2025-07
360,customer31,323095,5.0,20378160,31/04/1404,23,101890800,2025-07-22,Tuesday,1,2025-07
360,customer31,855181106,10.0,4901930,31/04/1404,24,49019300,2025-07-22,Tuesday,1,2025-07
360,customer31,855181126,10.0,3874750,31/04/1404,25,38747500,2025-07-22,Tuesday,1,2025-07
360,customer31,855121402,15.0,1476200,31/04/1404,26,22143000,2025-07-22,Tuesday,1,2025-07
361,customer31,516,20.0,1500000,31/04/1404,1,30000000,2025-07-22,Tuesday,1,2025-07
361,customer31,879177,10.0,6200000,31/04/1404,2,62000000,2025-07-22,Tuesday,1,2025-07
361,customer31,879001,10.0,6050000,31/04/1404,3,60500000,2025-07-22,Tuesday,1,2025-07
362,customer94,1463,2.0,200000,01/05/1404,1,400000,2025-07-23,Wednesday,2,2025-07
362,customer94,1440,8.0,134000,01/05/1404,2,1072000,2025-07-23,Wednesday,2,2025-07
362,customer94,1273,20.0,286000,01/05/1404,3,5720000,2025-07-23,Wednesday,2,2025-07
362,customer94,879102,2.0,2036000,01/05/1404,4,4072000,2025-07-23,Wednesday,2,2025-07
362,customer94,879516046,6.0,141000,01/05/1404,5,846000,2025-07-23,Wednesday,2,2025-07
362,customer94,1158,5.0,732000,01/05/1404,6,3660000,2025-07-23,Wednesday,2,2025-07
362,customer94,1271,30.0,122000,01/05/1404,7,3660000,2025-07-23,Wednesday,2,2025-07
362,customer94,1266,3.0,6336000,01/05/1404,8,19008000,2025-07-23,Wednesday,2,2025-07
362,customer94,1267,5.0,327000,01/05/1404,9,1635000,2025-07-23,Wednesday,2,2025-07
362,customer94,1264,6.0,11800000,01/05/1404,10,70800000,2025-07-23,Wednesday,2,2025-07
362,customer94,1150,4.0,309000,01/05/1404,11,1236000,2025-07-23,Wednesday,2,2025-07
362,customer94,1148,4.0,368000,01/05/1404,12,1472000,2025-07-23,Wednesday,2,2025-07
362,customer94,1151,2.0,1014000,01/05/1404,13,2028000,2025-07-23,Wednesday,2,2025-07
362,customer94,1144,30.0,614000,01/05/1404,14,18420000,2025-07-23,Wednesday,2,2025-07
362,customer94,1146,6.0,1027000,01/05/1404,15,6162000,2025-07-23,Wednesday,2,2025-07
362,customer94,1142,20.0,175000,01/05/1404,16,3500000,2025-07-23,Wednesday,2,2025-07
363,customer94,962,20.0,656150,01/05/1404,1,13123000,2025-07-23,Wednesday,2,2025-07
364,customer58,855341701,240.0,483890,29/04/1404,1,116133600,2025-07-20,Sunday,6,2025-07
364,customer58,807211125,1200.0,17160,29/04/1404,2,20592000,2025-07-20,Sunday,6,2025-07
364,customer58,855321501,850.0,61710,29/04/1404,3,52453500,2025-07-20,Sunday,6,2025-07
364,customer58,855321305,450.0,69080,29/04/1404,4,31086000,2025-07-20,Sunday,6,2025-07
364,customer58,855321101,2160.0,33330,29/04/1404,5,71992800,2025-07-20,Sunday,6,2025-07
364,customer58,855341301,480.0,436370,29/04/1404,6,209457600,2025-07-20,Sunday,6,2025-07
364,customer58,819141025,1000.0,460350,29/04/1404,7,460350000,2025-07-20,Sunday,6,2025-07
364,customer58,855321301,1800.0,43890,29/04/1404,8,79002000,2025-07-20,Sunday,6,2025-07
364,customer58,861641102,96.0,1719190,29/04/1404,9,165042240,2025-07-20,Sunday,6,2025-07
364,customer58,855212402,144.0,1719850,29/04/1404,10,247658400,2025-07-20,Sunday,6,2025-07
364,customer58,807211105,2550.0,11000,29/04/1404,11,28050000,2025-07-20,Sunday,6,2025-07
364,customer58,813121016,2000.0,360690,29/04/1404,12,721380000,2025-07-20,Sunday,6,2025-07
364,customer58,813121020,600.0,635690,29/04/1404,13,381414000,2025-07-20,Sunday,6,2025-07
364,customer58,163642,96.0,2838990,29/04/1404,14,272543040,2025-07-20,Sunday,6,2025-07
364,customer58,855212682,64.0,6642570,29/04/1404,15,425124480,2025-07-20,Sunday,6,2025-07
365,customer95,855162682,4.0,5943630,02/05/1404,1,23774520,2025-07-24,Thursday,3,2025-07
365,customer95,547,10.0,67650,02/05/1404,2,676500,2025-07-24,Thursday,3,2025-07
365,customer95,371016,200.0,32780,02/05/1404,3,6556000,2025-07-24,Thursday,3,2025-07
365,customer95,371020,60.0,41470,02/05/1404,4,2488200,2025-07-24,Thursday,3,2025-07
365,customer95,855311133,1.0,7529940,02/05/1404,5,7529940,2025-07-24,Thursday,3,2025-07
365,customer95,855162642,4.0,1853280,02/05/1404,6,7413120,2025-07-24,Thursday,3,2025-07
365,customer95,855311237,2.0,24768920,02/05/1404,7,49537840,2025-07-24,Thursday,3,2025-07
365,customer95,855121142,2.0,1139270,02/05/1404,8,2278540,2025-07-24,Thursday,3,2025-07
365,customer95,641202,21.0,2611400,02/05/1404,9,54839400,2025-07-24,Thursday,3,2025-07
365,customer95,641436,2.0,11215930,02/05/1404,10,22431860,2025-07-24,Thursday,3,2025-07
365,customer95,323055,1.0,12606880,02/05/1404,11,12606880,2025-07-24,Thursday,3,2025-07
365,customer95,855121235,5.0,1051710,02/05/1404,12,5258550,2025-07-24,Thursday,3,2025-07
365,customer95,323035,1.0,9889000,02/05/1404,13,9889000,2025-07-24,Thursday,3,2025-07
365,customer95,855121906,1.0,1102200,02/05/1404,14,1102200,2025-07-24,Thursday,3,2025-07
365,customer95,855121908,2.0,2337060,02/05/1404,15,4674120,2025-07-24,Thursday,3,2025-07
365,customer95,85511134,1.0,10080400,02/05/1404,16,10080400,2025-07-24,Thursday,3,2025-07
365,customer95,813121020,40.0,635690,02/05/1404,17,25427600,2025-07-24,Thursday,3,2025-07
365,customer95,855162436,2.0,6397710,02/05/1404,18,12795420,2025-07-24,Thursday,3,2025-07
365,customer95,813121016,200.0,360690,02/05/1404,19,72138000,2025-07-24,Thursday,3,2025-07
365,customer95,855162402,20.0,1302730,02/05/1404,20,26054600,2025-07-24,Thursday,3,2025-07
365,customer95,807311110,4.0,60500,02/05/1404,21,242000,2025-07-24,Thursday,3,2025-07
365,customer95,855121244,2.0,1952170,02/05/1404,22,3904340,2025-07-24,Thursday,3,2025-07
365,customer95,807311125,1.0,340890,02/05/1404,23,340890,2025-07-24,Thursday,3,2025-07
365,customer95,855162410,2.0,1789150,02/05/1404,24,3578300,2025-07-24,Thursday,3,2025-07
365,customer95,807311119,7.0,276210,02/05/1404,25,1933470,2025-07-24,Thursday,3,2025-07
365,customer95,92632,6.5,1662430,02/05/1404,26,10805795,2025-07-24,Thursday,3,2025-07
365,customer95,807311113,5.0,113960,02/05/1404,27,569800,2025-07-24,Thursday,3,2025-07
365,customer95,855121102,4.0,587950,02/05/1404,28,2351800,2025-07-24,Thursday,3,2025-07
365,customer95,641412,3.0,6115230,02/05/1404,29,18345690,2025-07-24,Thursday,3,2025-07
365,customer95,807261401,30.0,24640,02/05/1404,30,739200,2025-07-24,Thursday,3,2025-07
366,customer95,747,2.0,950000,02/05/1404,1,1900000,2025-07-24,Thursday,3,2025-07
366,customer95,516,1.0,1700000,02/05/1404,2,1700000,2025-07-24,Thursday,3,2025-07
366,customer95,417,3.0,1000000,02/05/1404,3,3000000,2025-07-24,Thursday,3,2025-07
366,customer95,118,3.0,60000,02/05/1404,4,180000,2025-07-24,Thursday,3,2025-07
367,customer32,855321305,300.0,69080,01/05/1404,1,20724000,2025-07-23,Wednesday,2,2025-07
367,customer32,855321509,50.0,148390,01/05/1404,2,7419500,2025-07-23,Wednesday,2,2025-07
367,customer32,855121936,10.0,2358730,01/05/1404,3,23587300,2025-07-23,Wednesday,2,2025-07
367,customer32,855211136,2.0,4805350,01/05/1404,4,9610700,2025-07-23,Wednesday,2,2025-07
367,customer32,855212602,17.0,4023580,01/05/1404,5,68400860,2025-07-23,Wednesday,2,2025-07
367,customer32,819161020,560.0,258280,01/05/1404,6,144636800,2025-07-23,Wednesday,2,2025-07
368,customer96,807311113,3.0,113960,02/05/1404,1,341880,2025-07-24,Thursday,3,2025-07
368,customer96,807311125,1.0,340890,02/05/1404,2,340890,2025-07-24,Thursday,3,2025-07
368,customer96,807311110,16.0,60500,02/05/1404,3,968000,2025-07-24,Thursday,3,2025-07
368,customer96,855311134,2.0,10080400,02/05/1404,4,20160800,2025-07-24,Thursday,3,2025-07
368,customer96,855121906,1.0,1102200,02/05/1404,5,1102200,2025-07-24,Thursday,3,2025-07
368,customer96,855212402,8.0,1719850,02/05/1404,6,13758800,2025-07-24,Thursday,3,2025-07
368,customer96,861641102,8.0,1719190,02/05/1404,7,13753520,2025-07-24,Thursday,3,2025-07
368,customer96,855121235,3.0,1051710,02/05/1404,8,3155130,2025-07-24,Thursday,3,2025-07
368,customer96,641312,1.0,5886980,02/05/1404,9,5886980,2025-07-24,Thursday,3,2025-07
368,customer96,163642,9.0,2838990,02/05/1404,10,25550910,2025-07-24,Thursday,3,2025-07
368,customer96,855211312,2.0,3214420,02/05/1404,11,6428840,2025-07-24,Thursday,3,2025-07
368,customer96,323095,1.0,20378160,02/05/1404,12,20378160,2025-07-24,Thursday,3,2025-07
368,customer96,855212424,2.0,5267680,02/05/1404,13,10535360,2025-07-24,Thursday,3,2025-07
369,customer11,1142,50.0,175000,05/05/1404,1,8750000,2025-07-27,Sunday,6,2025-07
369,customer11,1134,20.0,6618000,05/05/1404,2,132360000,2025-07-27,Sunday,6,2025-07
369,customer11,1136,15.0,3491000,05/05/1404,3,52365000,2025-07-27,Sunday,6,2025-07
369,customer11,1138,20.0,282000,05/05/1404,4,5640000,2025-07-27,Sunday,6,2025-07
369,customer11,1145,40.0,210000,05/05/1404,5,8400000,2025-07-27,Sunday,6,2025-07
370,customer11,855341709,10.0,675070,05/05/1404,1,6750700,2025-07-27,Sunday,6,2025-07
370,customer11,855321301,200.0,43890,05/05/1404,2,8778000,2025-07-27,Sunday,6,2025-07
370,customer11,855321505,100.0,87340,05/05/1404,3,8734000,2025-07-27,Sunday,6,2025-07
370,customer11,855341101,10.0,414920,05/05/1404,4,4149200,2025-07-27,Sunday,6,2025-07
370,customer11,855321101,360.0,33330,05/05/1404,5,11998800,2025-07-27,Sunday,6,2025-07
370,customer11,855321305,150.0,69080,05/05/1404,6,10362000,2025-07-27,Sunday,6,2025-07
370,customer11,855321501,170.0,61710,05/05/1404,7,10490700,2025-07-27,Sunday,6,2025-07
370,customer11,855341201,10.0,680020,05/05/1404,8,6800200,2025-07-27,Sunday,6,2025-07
370,customer11,855341309,10.0,520080,05/05/1404,9,5200800,2025-07-27,Sunday,6,2025-07
370,customer11,855341113,10.0,617870,05/05/1404,10,6178700,2025-07-27,Sunday,6,2025-07
370,customer11,855341701,10.0,481140,05/05/1404,11,4811400,2025-07-27,Sunday,6,2025-07
370,customer11,819161020,280.0,258280,05/05/1404,12,72318400,2025-07-27,Sunday,6,2025-07
370,customer11,819161025,100.0,411730,05/05/1404,13,41173000,2025-07-27,Sunday,6,2025-07
371,customer89,807261401,40.0,24640,28/04/1404,1,985600,2025-07-19,Saturday,5,2025-07
371,customer89,813121016,200.0,360690,28/04/1404,2,72138000,2025-07-19,Saturday,5,2025-07
371,customer89,813121020,60.0,635690,28/04/1404,3,38141400,2025-07-19,Saturday,5,2025-07
371,customer89,855161102,6.0,1115180,28/04/1404,4,6691080,2025-07-19,Saturday,5,2025-07
371,customer89,371020,60.0,41470,28/04/1404,5,2488200,2025-07-19,Saturday,5,2025-07
372,customer97,879516113,2.0,1400000,07/05/1404,1,2800000,2025-07-29,Tuesday,1,2025-07
372,customer97,807211105,10.0,11000,07/05/1404,2,110000,2025-07-29,Tuesday,1,2025-07
372,customer97,861645201,3.0,1636030,07/05/1404,3,4908090,2025-07-29,Tuesday,1,2025-07
372,customer97,417,2.0,1000000,07/05/1404,4,2000000,2025-07-29,Tuesday,1,2025-07
372,customer97,807211125,15.0,17160,07/05/1404,5,257400,2025-07-29,Tuesday,1,2025-07
372,customer97,681802,2.0,3329810,07/05/1404,6,6659620,2025-07-29,Tuesday,1,2025-07
372,customer97,855341201,2.0,680020,07/05/1404,7,1360040,2025-07-29,Tuesday,1,2025-07
372,customer97,118,4.0,60000,07/05/1404,8,240000,2025-07-29,Tuesday,1,2025-07
372,customer97,855321901,2.0,205920,07/05/1404,9,411840,2025-07-29,Tuesday,1,2025-07
372,customer97,855321501,5.0,61710,07/05/1404,10,308550,2025-07-29,Tuesday,1,2025-07
372,customer97,855321301,24.0,43890,07/05/1404,11,1053360,2025-07-29,Tuesday,1,2025-07
372,customer97,855341301,5.0,436370,07/05/1404,12,2181850,2025-07-29,Tuesday,1,2025-07
372,customer97,341901,4.0,653840,07/05/1404,13,2615360,2025-07-29,Tuesday,1,2025-07
373,customer96,813121016,126.0,360690,07/05/1404,1,45446940,2025-07-29,Tuesday,1,2025-07
373,customer96,813121020,9.0,635690,07/05/1404,2,5721210,2025-07-29,Tuesday,1,2025-07
373,customer96,163642,1.0,2605020,07/05/1404,3,2605020,2025-07-29,Tuesday,1,2025-07
373,customer96,855212410,2.0,2916540,07/05/1404,4,5833080,2025-07-29,Tuesday,1,2025-07
374,customer42,1272,100.0,223000,07/05/1404,1,22300000,2025-07-29,Tuesday,1,2025-07
374,customer42,1273,72.0,286000,07/05/1404,2,20592000,2025-07-29,Tuesday,1,2025-07
374,customer42,1147,40.0,750000,07/05/1404,3,30000000,2025-07-29,Tuesday,1,2025-07
374,customer42,1146,20.0,1027000,07/05/1404,4,20540000,2025-07-29,Tuesday,1,2025-07
374,customer42,1144,48.0,614000,07/05/1404,5,29472000,2025-07-29,Tuesday,1,2025-07
374,customer42,1156,50.0,636000,07/05/1404,6,31800000,2025-07-29,Tuesday,1,2025-07
374,customer42,1149,60.0,573000,07/05/1404,7,34380000,2025-07-29,Tuesday,1,2025-07
374,customer42,1141,100.0,364000,07/05/1404,8,36400000,2025-07-29,Tuesday,1,2025-07
374,customer42,1140,120.0,473000,07/05/1404,9,56760000,2025-07-29,Tuesday,1,2025-07
375,customer90,1271,20.0,122000,07/05/1404,1,2440000,2025-07-29,Tuesday,1,2025-07
375,customer90,1146,8.0,1027000,07/05/1404,2,8216000,2025-07-29,Tuesday,1,2025-07
375,customer90,1150,10.0,309000,07/05/1404,3,3090000,2025-07-29,Tuesday,1,2025-07
375,customer90,1148,5.0,368000,07/05/1404,4,1840000,2025-07-29,Tuesday,1,2025-07
375,customer90,1142,20.0,175000,07/05/1404,5,3500000,2025-07-29,Tuesday,1,2025-07
375,customer90,1140,25.0,473000,07/05/1404,6,11825000,2025-07-29,Tuesday,1,2025-07
375,customer90,1273,40.0,286000,07/05/1404,7,11440000,2025-07-29,Tuesday,1,2025-07
376,customer90,962,20.0,656150,07/05/1404,1,13123000,2025-07-29,Tuesday,1,2025-07
377,customer63,962,20.0,656150,02/05/1404,1,13123000,2025-07-24,Thursday,3,2025-07
377,customer63,1140,30.0,473000,02/05/1404,2,14190000,2025-07-24,Thursday,3,2025-07
377,customer63,1141,10.0,364000,02/05/1404,3,3640000,2025-07-24,Thursday,3,2025-07
377,customer63,1142,20.0,175000,02/05/1404,4,3500000,2025-07-24,Thursday,3,2025-07
377,customer63,1144,4.0,614000,02/05/1404,5,2456000,2025-07-24,Thursday,3,2025-07
377,customer63,1145,8.0,210000,02/05/1404,6,1680000,2025-07-24,Thursday,3,2025-07
377,customer63,1146,8.0,1027000,02/05/1404,7,8216000,2025-07-24,Thursday,3,2025-07
377,customer63,1147,5.0,750000,02/05/1404,8,3750000,2025-07-24,Thursday,3,2025-07
377,customer63,1148,10.0,368000,02/05/1404,9,3680000,2025-07-24,Thursday,3,2025-07
377,customer63,1149,4.0,573000,02/05/1404,10,2292000,2025-07-24,Thursday,3,2025-07
377,customer63,1150,6.0,309000,02/05/1404,11,1854000,2025-07-24,Thursday,3,2025-07
377,customer63,1151,3.0,1014000,02/05/1404,12,3042000,2025-07-24,Thursday,3,2025-07
377,customer63,1156,3.0,636000,02/05/1404,13,1908000,2025-07-24,Thursday,3,2025-07
377,customer63,1158,7.0,732000,02/05/1404,14,5124000,2025-07-24,Thursday,3,2025-07
377,customer63,1159,5.0,973000,02/05/1404,15,4865000,2025-07-24,Thursday,3,2025-07
377,customer63,1198,2.0,582000,02/05/1404,16,1164000,2025-07-24,Thursday,3,2025-07
377,customer63,1264,6.0,11800000,02/05/1404,17,70800000,2025-07-24,Thursday,3,2025-07
377,customer63,1265,3.0,8955000,02/05/1404,18,26865000,2025-07-24,Thursday,3,2025-07
377,customer63,1266,4.0,6336000,02/05/1404,19,25344000,2025-07-24,Thursday,3,2025-07
377,customer63,1416,2.0,1000000,02/05/1404,20,2000000,2025-07-24,Thursday,3,2025-07
377,customer63,1422,0.166,13500000,02/05/1404,21,2241000,2025-07-24,Thursday,3,2025-07
377,customer63,879101,2.0,1332000,02/05/1404,22,2664000,2025-07-24,Thursday,3,2025-07
377,customer63,879104,4.0,664000,02/05/1404,23,2656000,2025-07-24,Thursday,3,2025-07
377,customer63,879112,2.0,332000,02/05/1404,24,664000,2025-07-24,Thursday,3,2025-07
378,customer63,118,5.0,60000,02/05/1404,1,300000,2025-07-24,Thursday,3,2025-07
378,customer63,807311113,5.0,113960,02/05/1404,2,569800,2025-07-24,Thursday,3,2025-07
378,customer63,855121102,4.0,587950,02/05/1404,3,2351800,2025-07-24,Thursday,3,2025-07
378,customer63,813121016,200.0,360690,02/05/1404,4,72138000,2025-07-24,Thursday,3,2025-07
378,customer63,813121025,70.0,1075690,02/05/1404,5,75298300,2025-07-24,Thursday,3,2025-07
378,customer63,807311119,7.0,276210,02/05/1404,6,1933470,2025-07-24,Thursday,3,2025-07
378,customer63,807311110,8.0,60500,02/05/1404,7,484000,2025-07-24,Thursday,3,2025-07
378,customer63,855121908,3.0,2337060,02/05/1404,8,7011180,2025-07-24,Thursday,3,2025-07
378,customer63,861641102,22.0,1719190,02/05/1404,9,37822180,2025-07-24,Thursday,3,2025-07
378,customer63,855121242,5.0,2335320,02/05/1404,10,11676600,2025-07-24,Thursday,3,2025-07
378,customer63,855211424,4.0,3839880,02/05/1404,11,15359520,2025-07-24,Thursday,3,2025-07
378,customer63,855212402,20.0,1719850,02/05/1404,12,34397000,2025-07-24,Thursday,3,2025-07
378,customer63,855311234,2.0,14485130,02/05/1404,13,28970260,2025-07-24,Thursday,3,2025-07
378,customer63,855311237,2.0,24768920,02/05/1404,14,49537840,2025-07-24,Thursday,3,2025-07
378,customer63,163642,10.0,2838990,02/05/1404,15,28389900,2025-07-24,Thursday,3,2025-07
378,customer63,641324,1.0,6221490,02/05/1404,16,6221490,2025-07-24,Thursday,3,2025-07
378,customer63,855211324,4.0,3985190,02/05/1404,17,15940760,2025-07-24,Thursday,3,2025-07
378,customer63,747,2.0,950000,02/05/1404,18,1900000,2025-07-24,Thursday,3,2025-07
378,customer63,855121142,4.0,1139270,02/05/1404,19,4557080,2025-07-24,Thursday,3,2025-07
378,customer63,807261401,30.0,24640,02/05/1404,20,739200,2025-07-24,Thursday,3,2025-07
378,customer63,879516143,1.0,1886040,02/05/1404,21,1886040,2025-07-24,Thursday,3,2025-07
379,customer98,855181554,2.0,6372630,01/05/1404,1,12745260,2025-07-23,Wednesday,2,2025-07
379,customer98,855212424,2.0,5267680,01/05/1404,2,10535360,2025-07-23,Wednesday,2,2025-07
379,customer98,855181552,2.0,5790840,01/05/1404,3,11581680,2025-07-23,Wednesday,2,2025-07
379,customer98,855213402,2.0,3091330,01/05/1404,4,6182660,2025-07-23,Wednesday,2,2025-07
379,customer98,855212402,4.0,1719850,01/05/1404,5,6879400,2025-07-23,Wednesday,2,2025-07
379,customer98,813121020,5.0,635690,01/05/1404,6,3178450,2025-07-23,Wednesday,2,2025-07
379,customer98,813121025,22.0,1075690,01/05/1404,7,23665180,2025-07-23,Wednesday,2,2025-07
379,customer98,813121016,16.0,360690,01/05/1404,8,5771040,2025-07-23,Wednesday,2,2025-07
379,customer98,807311119,2.0,276210,01/05/1404,9,552420,2025-07-23,Wednesday,2,2025-07
380,customer99,312256,2.0,23789150,07/05/1404,1,47578300,2025-07-29,Tuesday,1,2025-07
380,customer99,807261401,12.0,24640,07/05/1404,2,295680,2025-07-29,Tuesday,1,2025-07
380,customer99,855121142,2.0,1139270,07/05/1404,3,2278540,2025-07-29,Tuesday,1,2025-07
380,customer99,641426,2.0,6511660,07/05/1404,4,13023320,2025-07-29,Tuesday,1,2025-07
380,customer99,371016,62.0,32780,07/05/1404,5,2032360,2025-07-29,Tuesday,1,2025-07
380,customer99,546,14.0,52360,07/05/1404,6,733040,2025-07-29,Tuesday,1,2025-07
380,customer99,855161702,12.0,1134650,07/05/1404,7,13615800,2025-07-29,Tuesday,1,2025-07
380,customer99,855162402,12.0,1302730,07/05/1404,8,15632760,2025-07-29,Tuesday,1,2025-07
380,customer99,813121016,78.0,360690,07/05/1404,9,28133820,2025-07-29,Tuesday,1,2025-07
380,customer99,813121025,16.0,1075690,07/05/1404,10,17211040,2025-07-29,Tuesday,1,2025-07
380,customer99,807311119,6.0,276210,07/05/1404,11,1657260,2025-07-29,Tuesday,1,2025-07
380,customer99,323065,1.0,13256179,07/05/1404,12,13256179,2025-07-29,Tuesday,1,2025-07
380,customer99,855121906,2.0,1102200,07/05/1404,13,2204400,2025-07-29,Tuesday,1,2025-07
380,customer99,382,2.0,2644180,07/05/1404,14,5288360,2025-07-29,Tuesday,1,2025-07
381,customer9,905,20.0,686840,08/05/1404,1,13736800,2025-07-30,Wednesday,2,2025-07
381,customer9,163642,64.0,2605020,08/05/1404,2,166721280,2025-07-30,Wednesday,2,2025-07
381,customer9,962,36.0,656150,08/05/1404,3,23621400,2025-07-30,Wednesday,2,2025-07
381,customer9,807211141,120.0,98890,08/05/1404,4,11866800,2025-07-30,Wednesday,2,2025-07
381,customer9,813121016,800.0,360690,08/05/1404,5,288552000,2025-07-30,Wednesday,2,2025-07
381,customer9,813121020,150.0,635690,08/05/1404,6,95353500,2025-07-30,Wednesday,2,2025-07
381,customer9,855211424,12.0,3529350,08/05/1404,7,42352200,2025-07-30,Wednesday,2,2025-07
381,customer9,855212402,48.0,1578060,08/05/1404,8,75746880,2025-07-30,Wednesday,2,2025-07
381,customer9,861641102,48.0,1577510,08/05/1404,9,75720480,2025-07-30,Wednesday,2,2025-07
382,customer100,1147,15.0,750000,08/05/1404,1,11250000,2025-07-30,Wednesday,2,2025-07
382,customer100,1134,15.0,6618000,08/05/1404,2,99270000,2025-07-30,Wednesday,2,2025-07
382,customer100,1135,10.0,4582000,08/05/1404,3,45820000,2025-07-30,Wednesday,2,2025-07
382,customer100,1136,10.0,3491000,08/05/1404,4,34910000,2025-07-30,Wednesday,2,2025-07
382,customer100,1442,20.0,116000,08/05/1404,5,2320000,2025-07-30,Wednesday,2,2025-07
382,customer100,1440,20.0,134000,08/05/1404,6,2680000,2025-07-30,Wednesday,2,2025-07
382,customer100,1463,5.0,200000,08/05/1404,7,1000000,2025-07-30,Wednesday,2,2025-07
382,customer100,879102,6.0,2036000,08/05/1404,8,12216000,2025-07-30,Wednesday,2,2025-07
383,customer100,819161020,140.0,242110,08/05/1404,1,33895400,2025-07-30,Wednesday,2,2025-07
384,customer42,1143,80.0,432000,08/05/1404,1,34560000,2025-07-30,Wednesday,2,2025-07
384,customer42,1150,120.0,297000,08/05/1404,2,35640000,2025-07-30,Wednesday,2,2025-07
384,customer42,1134,20.0,6618000,08/05/1404,3,132360000,2025-07-30,Wednesday,2,2025-07
385,customer69,855341201,30.0,642510,08/05/1404,1,19275300,2025-07-30,Wednesday,2,2025-07
385,customer69,855321305,150.0,69080,08/05/1404,2,10362000,2025-07-30,Wednesday,2,2025-07
385,customer69,807261401,150.0,32340,08/05/1404,3,4851000,2025-07-30,Wednesday,2,2025-07
386,customer68,855321301,200.0,43780,08/05/1404,1,8756000,2025-07-30,Wednesday,2,2025-07
386,customer68,1406,4000.0,69740,08/05/1404,2,278960000,2025-07-30,Wednesday,2,2025-07
386,customer68,1407,1000.0,84480,08/05/1404,3,84480000,2025-07-30,Wednesday,2,2025-07
387,customer21,855341201,4.0,642510,09/05/1404,1,2570040,2025-07-31,Thursday,3,2025-07
387,customer21,855321901,5.0,195140,09/05/1404,2,975700,2025-07-31,Thursday,3,2025-07
387,customer21,855321905,4.0,195140,09/05/1404,3,780560,2025-07-31,Thursday,3,2025-07
387,customer21,861645205,4.0,2081640,09/05/1404,4,8326560,2025-07-31,Thursday,3,2025-07
387,customer21,861645201,6.0,1531860,09/05/1404,5,9191160,2025-07-31,Thursday,3,2025-07
388,customer101,807211105,6.0,16170,11/05/1404,1,97020,2025-08-02,Saturday,5,2025-08
388,customer101,855341201,1.0,642510,11/05/1404,2,642510,2025-08-02,Saturday,5,2025-08
388,customer101,118,2.0,70000,11/05/1404,3,140000,2025-08-02,Saturday,5,2025-08
388,customer101,855321501,15.0,61270,11/05/1404,4,919050,2025-08-02,Saturday,5,2025-08
388,customer101,855321101,4.0,32890,11/05/1404,5,131560,2025-08-02,Saturday,5,2025-08
388,customer101,855321301,25.0,43780,11/05/1404,6,1094500,2025-08-02,Saturday,5,2025-08
388,customer101,855341301,8.0,414370,11/05/1404,7,3314960,2025-08-02,Saturday,5,2025-08
388,customer101,819161020,56.0,242110,11/05/1404,8,13558160,2025-08-02,Saturday,5,2025-08
389,customer63,855141106,1.0,3140000,11/05/1404,1,3140000,2025-08-02,Saturday,5,2025-08
392,customer63,855321201,8.0,30000,12/05/1404,1,240000,2025-08-03,Sunday,6,2025-08
392,customer63,855341201,10.0,642510,12/05/1404,2,6425100,2025-08-03,Sunday,6,2025-08
392,customer63,1418,1.0,1500000,12/05/1404,3,1500000,2025-08-03,Sunday,6,2025-08
393,customer98,73,1.0,66000000,12/05/1404,1,66000000,2025-08-03,Sunday,6,2025-08
394,customer63,762,1.0,950000,13/05/1404,1,950000,2025-08-04,Monday,0,2025-08
394,customer63,962,2.0,565150,13/05/1404,2,1130300,2025-08-04,Monday,0,2025-08
394,customer63,1136,1.0,3491000,13/05/1404,3,3491000,2025-08-04,Monday,0,2025-08
394,customer63,1142,2.0,175000,13/05/1404,4,350000,2025-08-04,Monday,0,2025-08
394,customer63,1145,8.0,210000,13/05/1404,5,1680000,2025-08-04,Monday,0,2025-08
394,customer63,1148,1.0,368000,13/05/1404,6,368000,2025-08-04,Monday,0,2025-08
394,customer63,1418,1.0,1500000,13/05/1404,7,1500000,2025-08-04,Monday,0,2025-08
394,customer63,879516044,1.0,2900000,13/05/1404,8,2900000,2025-08-04,Monday,0,2025-08
394,customer63,879516054,2.0,1800000,13/05/1404,9,3600000,2025-08-04,Monday,0,2025-08
394,customer63,879516060,1.0,18650000,13/05/1404,10,18650000,2025-08-04,Monday,0,2025-08
394,customer63,879516058,1.0,18940000,13/05/1404,11,18940000,2025-08-04,Monday,0,2025-08
394,customer63,879516059,1.0,25450000,13/05/1404,12,25450000,2025-08-04,Monday,0,2025-08
395,customer63,813121020,16.0,635690,13/05/1404,1,10171040,2025-08-04,Monday,0,2025-08
396,customer102,641202,20.0,2611400,13/05/1404,1,52228000,2025-08-04,Monday,0,2025-08
396,customer102,641436,2.0,11215930,13/05/1404,2,22431860,2025-08-04,Monday,0,2025-08
397,customer43,855321621,65.0,136290,13/05/1404,1,8858850,2025-08-04,Monday,0,2025-08
397,customer43,855321605,120.0,75570,13/05/1404,2,9068400,2025-08-04,Monday,0,2025-08
397,customer43,855321505,100.0,86790,13/05/1404,3,8679000,2025-08-04,Monday,0,2025-08
397,customer43,855321305,150.0,68860,13/05/1404,4,10329000,2025-08-04,Monday,0,2025-08
397,customer43,861645155,35.0,2355870,13/05/1404,5,82455450,2025-08-04,Monday,0,2025-08
398,customer56,813121016,1000.0,360690,13/05/1404,1,360690000,2025-08-04,Monday,0,2025-08
400,customer35,879516110,4.0,55000000,14/05/1404,1,220000000,2025-08-05,Tuesday,1,2025-08
400,customer35,879516144,1.0,14000000,14/05/1404,2,14000000,2025-08-05,Tuesday,1,2025-08
401,customer90,813121016,200.0,360690,14/05/1404,1,72138000,2025-08-05,Tuesday,1,2025-08
402,customer103,807341191,1.0,10433390,15/05/1404,1,10433390,2025-08-06,Wednesday,2,2025-08
402,customer103,341269,2.0,60089040,15/05/1404,2,120178080,2025-08-06,Wednesday,2,2025-08
403,customer63,1142,5.0,175000,15/05/1404,1,875000,2025-08-06,Wednesday,2,2025-08
403,customer63,1146,1.0,1027000,15/05/1404,2,1027000,2025-08-06,Wednesday,2,2025-08
403,customer63,1267,2.0,327000,15/05/1404,3,654000,2025-08-06,Wednesday,2,2025-08
405,customer13,855311132,5.0,5156690,14/05/1404,1,25783450,2025-08-05,Tuesday,1,2025-08
405,customer13,903,50.0,495000,14/05/1404,2,24750000,2025-08-05,Tuesday,1,2025-08
405,customer13,323075,2.0,15999720,14/05/1404,3,31999440,2025-08-05,Tuesday,1,2025-08
405,customer13,855162682,12.0,4875310,14/05/1404,4,58503720,2025-08-05,Tuesday,1,2025-08
405,customer13,855211312,12.0,3214420,14/05/1404,5,38573040,2025-08-05,Tuesday,1,2025-08
405,customer13,855311241,4.0,32531950,14/05/1404,6,130127800,2025-08-05,Tuesday,1,2025-08
405,customer13,641202,50.0,2611400,14/05/1404,7,130570000,2025-08-05,Tuesday,1,2025-08
405,customer13,813121025,200.0,1075690,14/05/1404,8,215138000,2025-08-05,Tuesday,1,2025-08
405,customer13,813121016,400.0,360690,14/05/1404,9,144276000,2025-08-05,Tuesday,1,2025-08
405,customer13,855162402,20.0,1302730,14/05/1404,10,26054600,2025-08-05,Tuesday,1,2025-08
405,customer13,855162410,20.0,1789150,14/05/1404,11,35783000,2025-08-05,Tuesday,1,2025-08
405,customer13,807311119,30.0,276210,14/05/1404,12,8286300,2025-08-05,Tuesday,1,2025-08
405,customer13,323065,2.0,13808520,14/05/1404,13,27617040,2025-08-05,Tuesday,1,2025-08
405,customer13,861641102,36.0,1719190,14/05/1404,14,61890840,2025-08-05,Tuesday,1,2025-08
405,customer13,855211424,7.0,3331240,14/05/1404,15,23318680,2025-08-05,Tuesday,1,2025-08
406,customer27,813121016,1.5,360690,17/05/1404,1,541035,2025-08-08,Friday,4,2025-08
406,customer27,855162402,2.0,1195370,17/05/1404,2,2390740,2025-08-08,Friday,4,2025-08
406,customer27,807311110,2.0,60500,17/05/1404,3,121000,2025-08-08,Friday,4,2025-08
406,customer27,855141502,2.0,1588400,17/05/1404,4,3176800,2025-08-08,Friday,4,2025-08
407,customer90,1271,10.0,122000,17/05/1404,1,1220000,2025-08-08,Friday,4,2025-08
407,customer90,813121025,16.0,1075690,17/05/1404,2,17211040,2025-08-08,Friday,4,2025-08
407,customer90,813121020,39.0,635690,17/05/1404,3,24791910,2025-08-08,Friday,4,2025-08
409,customer96,813121025,8.0,1075690,18/05/1404,1,8605520,2025-08-09,Saturday,5,2025-08
410,customer63,118,2.0,70000,21/05/1404,1,140000,2025-08-12,Tuesday,1,2025-08
410,customer63,417,2.0,1000000,21/05/1404,2,2000000,2025-08-12,Tuesday,1,2025-08
411,customer104,1142,35.0,175000,21/05/1404,1,6125000,2025-08-12,Tuesday,1,2025-08
411,customer104,1140,20.0,473000,21/05/1404,2,9460000,2025-08-12,Tuesday,1,2025-08
411,customer104,962,15.0,656150,21/05/1404,3,9842250,2025-08-12,Tuesday,1,2025-08
411,customer104,1146,4.0,1027000,21/05/1404,4,4108000,2025-08-12,Tuesday,1,2025-08
411,customer104,1145,12.0,210000,21/05/1404,5,2520000,2025-08-12,Tuesday,1,2025-08
411,customer104,1151,1.0,1014000,21/05/1404,6,1014000,2025-08-12,Tuesday,1,2025-08
411,customer104,1152,8.0,118000,21/05/1404,7,944000,2025-08-12,Tuesday,1,2025-08
411,customer104,1153,2.0,286000,21/05/1404,8,572000,2025-08-12,Tuesday,1,2025-08
411,customer104,1148,15.0,368000,21/05/1404,9,5520000,2025-08-12,Tuesday,1,2025-08
411,customer104,1150,4.0,309000,21/05/1404,10,1236000,2025-08-12,Tuesday,1,2025-08
411,customer104,1158,10.0,732000,21/05/1404,11,7320000,2025-08-12,Tuesday,1,2025-08
411,customer104,1249,1.0,395000,21/05/1404,12,395000,2025-08-12,Tuesday,1,2025-08
411,customer104,1264,4.0,11800000,21/05/1404,13,47200000,2025-08-12,Tuesday,1,2025-08
411,customer104,1265,1.0,8955000,21/05/1404,14,8955000,2025-08-12,Tuesday,1,2025-08
411,customer104,1266,4.0,6336000,21/05/1404,15,25344000,2025-08-12,Tuesday,1,2025-08
411,customer104,1271,25.0,122000,21/05/1404,16,3050000,2025-08-12,Tuesday,1,2025-08
411,customer104,1267,5.0,327000,21/05/1404,17,1635000,2025-08-12,Tuesday,1,2025-08
411,customer104,879101,2.0,1332000,21/05/1404,18,2664000,2025-08-12,Tuesday,1,2025-08
411,customer104,1273,15.0,286000,21/05/1404,19,4290000,2025-08-12,Tuesday,1,2025-08
411,customer104,1391,1.0,418000,21/05/1404,20,418000,2025-08-12,Tuesday,1,2025-08
412,customer104,747,2.0,1100000,19/05/1404,1,2200000,2025-08-10,Sunday,6,2025-08
412,customer104,855212424,2.0,4609440,19/05/1404,2,9218880,2025-08-10,Sunday,6,2025-08
412,customer104,641326,1.0,6844090,19/05/1404,3,6844090,2025-08-10,Sunday,6,2025-08
412,customer104,371016,150.0,32780,19/05/1404,4,4917000,2025-08-10,Sunday,6,2025-08
412,customer104,371020,16.0,41470,19/05/1404,5,663520,2025-08-10,Sunday,6,2025-08
412,customer104,855212410,4.0,2916540,19/05/1404,6,11666160,2025-08-10,Sunday,6,2025-08
412,customer104,855311238,2.0,25066360,19/05/1404,7,50132720,2025-08-10,Sunday,6,2025-08
412,customer104,163642,12.0,2605020,19/05/1404,8,31260240,2025-08-10,Sunday,6,2025-08
412,customer104,546,20.0,52360,19/05/1404,9,1047200,2025-08-10,Sunday,6,2025-08
412,customer104,807261405,2.0,61490,19/05/1404,10,122980,2025-08-10,Sunday,6,2025-08
412,customer104,807311116,5.0,170940,19/05/1404,11,854700,2025-08-10,Sunday,6,2025-08
412,customer104,323055,1.0,12606880,19/05/1404,12,12606880,2025-08-10,Sunday,6,2025-08
412,customer104,807311113,4.0,113960,19/05/1404,13,455840,2025-08-10,Sunday,6,2025-08
412,customer104,807311119,8.0,276210,19/05/1404,14,2209680,2025-08-10,Sunday,6,2025-08
412,customer104,323065,1.0,13808520,19/05/1404,15,13808520,2025-08-10,Sunday,6,2025-08
412,customer104,807311110,4.0,60500,19/05/1404,16,242000,2025-08-10,Sunday,6,2025-08
412,customer104,807311125,1.0,340890,19/05/1404,17,340890,2025-08-10,Sunday,6,2025-08
412,customer104,813121016,300.0,360690,19/05/1404,18,108207000,2025-08-10,Sunday,6,2025-08
412,customer104,813121025,40.0,1075690,19/05/1404,19,43027600,2025-08-10,Sunday,6,2025-08
412,customer104,813121020,30.0,635690,19/05/1404,20,19070700,2025-08-10,Sunday,6,2025-08
412,customer104,855212402,30.0,1578060,19/05/1404,21,47341800,2025-08-10,Sunday,6,2025-08
412,customer104,855121242,2.0,2060960,19/05/1404,22,4121920,2025-08-10,Sunday,6,2025-08
412,customer104,861641110,4.0,1817640,19/05/1404,23,7270560,2025-08-10,Sunday,6,2025-08
412,customer104,861641102,24.0,1577510,19/05/1404,24,37860240,2025-08-10,Sunday,6,2025-08
412,customer104,855121908,2.0,2045010,19/05/1404,25,4090020,2025-08-10,Sunday,6,2025-08
412,customer104,855311136,2.0,12979890,19/05/1404,26,25959780,2025-08-10,Sunday,6,2025-08
412,customer104,855121906,3.0,1011340,19/05/1404,27,3034020,2025-08-10,Sunday,6,2025-08
412,customer104,879516143,1.0,1886040,19/05/1404,28,1886040,2025-08-10,Sunday,6,2025-08
412,customer104,807261401,50.0,32340,19/05/1404,29,1617000,2025-08-10,Sunday,6,2025-08
413,customer31,855121242,24.0,2060960,20/05/1404,1,49463040,2025-08-11,Monday,0,2025-08
413,customer31,855212402,144.0,1578060,20/05/1404,2,227240640,2025-08-11,Monday,0,2025-08
413,customer31,323045,3.0,11620290,20/05/1404,3,34860870,2025-08-11,Monday,0,2025-08
413,customer31,861641102,192.0,1577510,20/05/1404,4,302881920,2025-08-11,Monday,0,2025-08
413,customer31,807311113,75.0,113960,20/05/1404,5,8547000,2025-08-11,Monday,0,2025-08
413,customer31,371016,3200.0,32780,20/05/1404,6,104896000,2025-08-11,Monday,0,2025-08
413,customer31,371020,1200.0,41470,20/05/1404,7,49764000,2025-08-11,Monday,0,2025-08
413,customer31,855311238,4.0,25066360,20/05/1404,8,100265440,2025-08-11,Monday,0,2025-08
413,customer31,807311116,60.0,170940,20/05/1404,9,10256400,2025-08-11,Monday,0,2025-08
413,customer31,855211410,20.0,2474780,20/05/1404,10,49495600,2025-08-11,Monday,0,2025-08
413,customer31,546,400.0,52360,20/05/1404,11,20944000,2025-08-11,Monday,0,2025-08
413,customer31,163642,64.0,2605020,20/05/1404,12,166721280,2025-08-11,Monday,0,2025-08
413,customer31,855181102,16.0,2047100,20/05/1404,13,32753600,2025-08-11,Monday,0,2025-08
413,customer31,855211324,16.0,3487220,20/05/1404,14,55795520,2025-08-11,Monday,0,2025-08
413,customer31,641324,12.0,5718130,20/05/1404,15,68617560,2025-08-11,Monday,0,2025-08
413,customer31,879516143,20.0,1886040,20/05/1404,16,37720800,2025-08-11,Monday,0,2025-08
414,customer31,861645201,10.0,1531860,17/05/1404,1,15318600,2025-08-08,Friday,4,2025-08
414,customer31,807211105,850.0,10670,17/05/1404,2,9069500,2025-08-08,Friday,4,2025-08
414,customer31,855321105,500.0,40480,17/05/1404,3,20240000,2025-08-08,Friday,4,2025-08
414,customer31,807211113,350.0,20350,17/05/1404,4,7122500,2025-08-08,Friday,4,2025-08
414,customer31,855321605,120.0,75570,17/05/1404,5,9068400,2025-08-08,Friday,4,2025-08
414,customer31,819141025,300.0,423940,17/05/1404,6,127182000,2025-08-08,Friday,4,2025-08
414,customer31,855341301,480.0,414370,17/05/1404,7,198897600,2025-08-08,Friday,4,2025-08
414,customer31,819141020,980.0,269830,17/05/1404,8,264433400,2025-08-08,Friday,4,2025-08
414,customer31,861645155,35.0,1563100,17/05/1404,9,54708500,2025-08-08,Friday,4,2025-08
414,customer31,855321301,800.0,43780,17/05/1404,10,35024000,2025-08-08,Friday,4,2025-08
414,customer31,855321505,260.0,86790,17/05/1404,11,22565400,2025-08-08,Friday,4,2025-08
414,customer31,819141032,160.0,783310,17/05/1404,12,125329600,2025-08-08,Friday,4,2025-08
414,customer31,855321101,360.0,32890,17/05/1404,13,11840400,2025-08-08,Friday,4,2025-08
414,customer31,855321501,510.0,61270,17/05/1404,14,31247700,2025-08-08,Friday,4,2025-08
414,customer31,855321305,450.0,68860,17/05/1404,15,30987000,2025-08-08,Friday,4,2025-08
414,customer31,807211125,400.0,16170,17/05/1404,16,6468000,2025-08-08,Friday,4,2025-08
414,customer31,855321401,300.0,42460,17/05/1404,17,12738000,2025-08-08,Friday,4,2025-08
414,customer31,861645151,55.0,912890,17/05/1404,18,50208950,2025-08-08,Friday,4,2025-08
414,customer31,819121025,200.0,504460,17/05/1404,19,100892000,2025-08-08,Friday,4,2025-08
414,customer31,855321751,85.0,239140,17/05/1404,20,20326900,2025-08-08,Friday,4,2025-08
414,customer31,819121020,420.0,323620,17/05/1404,21,135920400,2025-08-08,Friday,4,2025-08
414,customer31,855321617,75.0,115170,17/05/1404,22,8637750,2025-08-08,Friday,4,2025-08
414,customer31,855341705,70.0,495770,17/05/1404,23,34703900,2025-08-08,Friday,4,2025-08
414,customer31,855321909,10.0,466400,17/05/1404,24,4664000,2025-08-08,Friday,4,2025-08
414,customer31,855341917,10.0,1146310,17/05/1404,25,11463100,2025-08-08,Friday,4,2025-08
414,customer31,807261401,600.0,32340,17/05/1404,26,19404000,2025-08-08,Friday,4,2025-08
415,customer31,813121016,1600.0,360690,17/05/1404,1,577104000,2025-08-08,Friday,4,2025-08
415,customer31,813121025,300.0,1075690,17/05/1404,2,322707000,2025-08-08,Friday,4,2025-08
415,customer31,807311119,60.0,276210,17/05/1404,3,16572600,2025-08-08,Friday,4,2025-08
415,customer31,92632,300.0,1662430,17/05/1404,4,498729000,2025-08-08,Friday,4,2025-08
415,customer31,855211424,32.0,3529350,17/05/1404,5,112939200,2025-08-08,Friday,4,2025-08
415,customer31,855121242,12.0,2060960,17/05/1404,6,24731520,2025-08-08,Friday,4,2025-08
415,customer31,855212402,144.0,1578060,17/05/1404,7,227240640,2025-08-08,Friday,4,2025-08
415,customer31,855211436,12.0,6300360,17/05/1404,8,75604320,2025-08-08,Friday,4,2025-08
415,customer31,855121232,15.0,993410,17/05/1404,9,14901150,2025-08-08,Friday,4,2025-08
415,customer31,855311134,6.0,8732460,17/05/1404,10,52394760,2025-08-08,Friday,4,2025-08
415,customer31,861641102,144.0,1577510,17/05/1404,11,227161440,2025-08-08,Friday,4,2025-08
415,customer31,855311136,5.0,12979890,17/05/1404,12,64899450,2025-08-08,Friday,4,2025-08
415,customer31,855121906,18.0,1011340,17/05/1404,13,18204120,2025-08-08,Friday,4,2025-08
415,customer31,855121908,48.0,2045010,17/05/1404,14,98160480,2025-08-08,Friday,4,2025-08
415,customer31,855311240,4.0,30651390,17/05/1404,15,122605560,2025-08-08,Friday,4,2025-08
415,customer31,855311135,6.0,10818500,17/05/1404,16,64911000,2025-08-08,Friday,4,2025-08
415,customer31,807311113,50.0,113960,17/05/1404,17,5698000,2025-08-08,Friday,4,2025-08
415,customer31,855121936,10.0,2064040,17/05/1404,18,20640400,2025-08-08,Friday,4,2025-08
415,customer31,323125,7.0,29100500,17/05/1404,19,203703500,2025-08-08,Friday,4,2025-08
415,customer31,855311234,6.0,12548250,17/05/1404,20,75289500,2025-08-08,Friday,4,2025-08
415,customer31,855311242,4.0,37606910,17/05/1404,21,150427640,2025-08-08,Friday,4,2025-08
415,customer31,855212410,40.0,2916540,17/05/1404,22,116661600,2025-08-08,Friday,4,2025-08
415,customer31,855311239,4.0,27581290,17/05/1404,23,110325160,2025-08-08,Friday,4,2025-08
415,customer31,855211410,15.0,2474780,17/05/1404,24,37121700,2025-08-08,Friday,4,2025-08
415,customer31,641336,10.0,9229990,17/05/1404,25,92299900,2025-08-08,Friday,4,2025-08
415,customer31,163642,96.0,2605020,17/05/1404,26,250081920,2025-08-08,Friday,4,2025-08
415,customer31,855212650,24.0,3922490,17/05/1404,27,94139760,2025-08-08,Friday,4,2025-08
415,customer31,855311235,6.0,15678300,17/05/1404,28,94069800,2025-08-08,Friday,4,2025-08
415,customer31,855311236,4.0,21235280,17/05/1404,29,84941120,2025-08-08,Friday,4,2025-08
415,customer31,855211324,8.0,3487220,17/05/1404,30,27897760,2025-08-08,Friday,4,2025-08
415,customer31,855211336,12.0,6336770,17/05/1404,31,76041240,2025-08-08,Friday,4,2025-08
415,customer31,641324,10.0,5718130,17/05/1404,32,57181300,2025-08-08,Friday,4,2025-08
415,customer31,323095,5.0,20378160,17/05/1404,33,101890800,2025-08-08,Friday,4,2025-08
415,customer31,323075,2.0,15999720,17/05/1404,34,31999440,2025-08-08,Friday,4,2025-08
415,customer31,855211310,15.0,2479730,17/05/1404,35,37195950,2025-08-08,Friday,4,2025-08
415,customer31,855311233,6.0,9411160,17/05/1404,36,56466960,2025-08-08,Friday,4,2025-08
415,customer31,855121402,15.0,1291730,17/05/1404,37,19375950,2025-08-08,Friday,4,2025-08
416,customer40,807261401,82.0,32340,14/05/1404,1,2651880,2025-08-05,Tuesday,1,2025-08
416,customer40,879516143,4.0,2261300,14/05/1404,2,9045200,2025-08-05,Tuesday,1,2025-08
416,customer40,641646,4.0,8992830,14/05/1404,3,35971320,2025-08-05,Tuesday,1,2025-08
416,customer40,861641102,82.0,1876600,14/05/1404,4,153881200,2025-08-05,Tuesday,1,2025-08
416,customer40,855121906,4.0,1203070,14/05/1404,5,4812280,2025-08-05,Tuesday,1,2025-08
416,customer40,813121016,650.0,392700,14/05/1404,6,255255000,2025-08-05,Tuesday,1,2025-08
416,customer40,92632,150.0,1811040,14/05/1404,7,271656000,2025-08-05,Tuesday,1,2025-08
416,customer40,163642,22.0,3098920,14/05/1404,8,68176240,2025-08-05,Tuesday,1,2025-08
416,customer40,641336,4.0,10153000,14/05/1404,9,40612000,2025-08-05,Tuesday,1,2025-08
416,customer40,855211136,20.0,4625390,14/05/1404,10,92507800,2025-08-05,Tuesday,1,2025-08
416,customer40,855311137,12.0,17665890,14/05/1404,11,211990680,2025-08-05,Tuesday,1,2025-08
416,customer40,855213402,82.0,3125430,14/05/1404,12,256285260,2025-08-05,Tuesday,1,2025-08
416,customer40,855211236,2.0,4823060,14/05/1404,13,9646120,2025-08-05,Tuesday,1,2025-08
416,customer40,855212436,4.0,6595270,14/05/1404,14,26381080,2025-08-05,Tuesday,1,2025-08
417,customer105,879147,1.0,74000000,26/04/1404,1,74000000,2025-07-17,Thursday,3,2025-07
417,customer105,879028,1.0,120000000,26/04/1404,2,120000000,2025-07-17,Thursday,3,2025-07
418,customer106,813121016,520.0,360690,23/05/1404,1,187558800,2025-08-14,Thursday,3,2025-08
418,customer106,641940,2.0,10046850,23/05/1404,2,20093700,2025-08-14,Thursday,3,2025-08
418,customer106,855311136,2.0,12979890,23/05/1404,3,25959780,2025-08-14,Thursday,3,2025-08
418,customer106,807211141,130.0,98890,23/05/1404,4,12855700,2025-08-14,Thursday,3,2025-08
418,customer106,641202,12.0,2400200,23/05/1404,5,28802400,2025-08-14,Thursday,3,2025-08
419,customer106,747,1.0,950000,23/05/1404,1,950000,2025-08-14,Thursday,3,2025-08
419,customer106,879516143,1.0,1886040,23/05/1404,2,1886040,2025-08-14,Thursday,3,2025-08
419,customer106,879516203,20.0,400000,23/05/1404,3,8000000,2025-08-14,Thursday,3,2025-08
419,customer106,12220,85.0,1484780,23/05/1404,4,126206300,2025-08-14,Thursday,3,2025-08
420,customer94,1145,10.0,210000,23/05/1404,1,2100000,2025-08-14,Thursday,3,2025-08
420,customer94,1134,1.0,6618000,23/05/1404,2,6618000,2025-08-14,Thursday,3,2025-08
421,customer107,1272,4.0,223000,23/05/1404,1,892000,2025-08-14,Thursday,3,2025-08
421,customer107,1138,1.0,282000,23/05/1404,2,282000,2025-08-14,Thursday,3,2025-08
421,customer107,1141,6.0,364000,23/05/1404,3,2184000,2025-08-14,Thursday,3,2025-08
421,customer107,1140,10.0,473000,23/05/1404,4,4730000,2025-08-14,Thursday,3,2025-08
421,customer107,962,4.0,656150,23/05/1404,5,2624600,2025-08-14,Thursday,3,2025-08
421,customer107,1145,2.0,210000,23/05/1404,6,420000,2025-08-14,Thursday,3,2025-08
421,customer107,1151,1.0,1014000,23/05/1404,7,1014000,2025-08-14,Thursday,3,2025-08
421,customer107,1149,1.0,573000,23/05/1404,8,573000,2025-08-14,Thursday,3,2025-08
421,customer107,1271,7.0,122000,23/05/1404,9,854000,2025-08-14,Thursday,3,2025-08
421,customer107,1264,3.0,11800000,23/05/1404,10,35400000,2025-08-14,Thursday,3,2025-08
421,customer107,1265,2.0,8955000,23/05/1404,11,17910000,2025-08-14,Thursday,3,2025-08
421,customer107,1158,1.0,732000,23/05/1404,12,732000,2025-08-14,Thursday,3,2025-08
421,customer107,855321421,8.0,175000,23/05/1404,13,1400000,2025-08-14,Thursday,3,2025-08
422,customer107,819121025,32.0,504460,23/05/1404,1,16142720,2025-08-14,Thursday,3,2025-08
422,customer107,855341401,3.0,958540,23/05/1404,2,2875620,2025-08-14,Thursday,3,2025-08
424,customer13,807261401,300.0,32340,25/05/1404,1,9702000,2025-08-16,Saturday,5,2025-08
424,customer13,905,20.0,686840,25/05/1404,2,13736800,2025-08-16,Saturday,5,2025-08
424,customer13,323095,1.0,20378160,25/05/1404,3,20378160,2025-08-16,Saturday,5,2025-08
424,customer13,855162682,24.0,5200910,25/05/1404,4,124821840,2025-08-16,Saturday,5,2025-08
424,customer13,855211312,32.0,2812700,25/05/1404,5,90006400,2025-08-16,Saturday,5,2025-08
424,customer13,855311239,2.0,27581290,25/05/1404,6,55162580,2025-08-16,Saturday,5,2025-08
424,customer13,323125,1.0,29100500,25/05/1404,7,29100500,2025-08-16,Saturday,5,2025-08
424,customer13,855212436,8.0,5995660,25/05/1404,8,47965280,2025-08-16,Saturday,5,2025-08
424,customer13,855121235,36.0,920370,25/05/1404,9,33133320,2025-08-16,Saturday,5,2025-08
424,customer13,323055,2.0,12606880,25/05/1404,10,25213760,2025-08-16,Saturday,5,2025-08
424,customer13,855162436,8.0,5598230,25/05/1404,11,44785840,2025-08-16,Saturday,5,2025-08
424,customer13,813121016,800.0,360690,25/05/1404,12,288552000,2025-08-16,Saturday,5,2025-08
424,customer13,855162402,48.0,1195370,25/05/1404,13,57377760,2025-08-16,Saturday,5,2025-08
424,customer13,855162410,24.0,1635480,25/05/1404,14,39251520,2025-08-16,Saturday,5,2025-08
424,customer13,855121106,24.0,1725570,25/05/1404,15,41413680,2025-08-16,Saturday,5,2025-08
424,customer13,855121244,24.0,1708190,25/05/1404,16,40996560,2025-08-16,Saturday,5,2025-08
424,customer13,807311110,100.0,60500,25/05/1404,17,6050000,2025-08-16,Saturday,5,2025-08
424,customer13,855162424,24.0,3834820,25/05/1404,18,92035680,2025-08-16,Saturday,5,2025-08
424,customer13,855121908,30.0,2045010,25/05/1404,19,61350300,2025-08-16,Saturday,5,2025-08
424,customer13,855121906,36.0,1011340,25/05/1404,20,36408240,2025-08-16,Saturday,5,2025-08
424,customer13,861641102,48.0,1577510,25/05/1404,21,75720480,2025-08-16,Saturday,5,2025-08
424,customer13,855212402,48.0,1578060,25/05/1404,22,75746880,2025-08-16,Saturday,5,2025-08
424,customer13,855121102,50.0,511500,25/05/1404,23,25575000,2025-08-16,Saturday,5,2025-08
424,customer13,855121104,32.0,1091310,25/05/1404,24,34921920,2025-08-16,Saturday,5,2025-08
424,customer13,855141502,20.0,1588400,25/05/1404,25,31768000,2025-08-16,Saturday,5,2025-08
425,customer108,855321371,30.0,67210,20/05/1404,1,2016300,2025-08-11,Monday,0,2025-08
425,customer108,855321705,6.0,38390,20/05/1404,2,230340,2025-08-11,Monday,0,2025-08
425,customer108,819121025,120.0,504460,20/05/1404,3,60535200,2025-08-11,Monday,0,2025-08
425,customer108,819121020,80.0,323620,20/05/1404,4,25889600,2025-08-11,Monday,0,2025-08
425,customer108,855321305,40.0,68860,20/05/1404,5,2754400,2025-08-11,Monday,0,2025-08
425,customer108,855321501,20.0,61270,20/05/1404,6,1225400,2025-08-11,Monday,0,2025-08
425,customer108,855321101,10.0,32890,20/05/1404,7,328900,2025-08-11,Monday,0,2025-08
425,customer108,855321505,25.0,86790,20/05/1404,8,2169750,2025-08-11,Monday,0,2025-08
425,customer108,855341101,4.0,394240,20/05/1404,9,1576960,2025-08-11,Monday,0,2025-08
425,customer108,855341301,7.0,414370,20/05/1404,10,2900590,2025-08-11,Monday,0,2025-08
425,customer108,855341401,16.0,958540,20/05/1404,11,15336640,2025-08-11,Monday,0,2025-08
425,customer108,861645155,2.0,2355870,20/05/1404,12,4711740,2025-08-11,Monday,0,2025-08
425,customer108,855321301,30.0,43780,20/05/1404,13,1313400,2025-08-11,Monday,0,2025-08
425,customer108,855321105,15.0,40480,20/05/1404,14,607200,2025-08-11,Monday,0,2025-08
425,customer108,855341305,4.0,580910,20/05/1404,15,2323640,2025-08-11,Monday,0,2025-08
425,customer108,855321605,25.0,75570,20/05/1404,16,1889250,2025-08-11,Monday,0,2025-08
426,customer108,1271,30.0,122000,21/05/1404,1,3660000,2025-08-12,Tuesday,1,2025-08
426,customer108,1266,6.0,6336000,21/05/1404,2,38016000,2025-08-12,Tuesday,1,2025-08
426,customer108,1267,6.0,327000,21/05/1404,3,1962000,2025-08-12,Tuesday,1,2025-08
426,customer108,1265,9.0,8955000,21/05/1404,4,80595000,2025-08-12,Tuesday,1,2025-08
426,customer108,1264,4.0,11800000,21/05/1404,5,47200000,2025-08-12,Tuesday,1,2025-08
426,customer108,1158,3.0,732000,21/05/1404,6,2196000,2025-08-12,Tuesday,1,2025-08
426,customer108,1198,4.0,582000,21/05/1404,7,2328000,2025-08-12,Tuesday,1,2025-08
426,customer108,1150,15.0,309000,21/05/1404,8,4635000,2025-08-12,Tuesday,1,2025-08
426,customer108,1151,3.0,1014000,21/05/1404,9,3042000,2025-08-12,Tuesday,1,2025-08
426,customer108,1145,20.0,210000,21/05/1404,10,4200000,2025-08-12,Tuesday,1,2025-08
426,customer108,1146,6.0,1027000,21/05/1404,11,6162000,2025-08-12,Tuesday,1,2025-08
426,customer108,1148,15.0,368000,21/05/1404,12,5520000,2025-08-12,Tuesday,1,2025-08
426,customer108,962,30.0,656150,21/05/1404,13,19684500,2025-08-12,Tuesday,1,2025-08
426,customer108,1140,25.0,473000,21/05/1404,14,11825000,2025-08-12,Tuesday,1,2025-08
426,customer108,1142,55.0,175000,21/05/1404,15,9625000,2025-08-12,Tuesday,1,2025-08
426,customer108,1141,20.0,364000,21/05/1404,16,7280000,2025-08-12,Tuesday,1,2025-08
426,customer108,1138,4.0,282000,21/05/1404,17,1128000,2025-08-12,Tuesday,1,2025-08
426,customer108,879112,4.0,332000,21/05/1404,18,1328000,2025-08-12,Tuesday,1,2025-08
426,customer108,879101,2.0,1332000,21/05/1404,19,2664000,2025-08-12,Tuesday,1,2025-08
426,customer108,1391,3.0,418000,21/05/1404,20,1254000,2025-08-12,Tuesday,1,2025-08
426,customer108,1273,25.0,286000,21/05/1404,21,7150000,2025-08-12,Tuesday,1,2025-08
426,customer108,1272,10.0,223000,21/05/1404,22,2230000,2025-08-12,Tuesday,1,2025-08
426,customer108,879259,15.0,105000,21/05/1404,23,1575000,2025-08-12,Tuesday,1,2025-08
426,customer108,879260,3.0,250000,21/05/1404,24,750000,2025-08-12,Tuesday,1,2025-08
427,customer18,1264,8.0,11800000,26/05/1404,1,94400000,2025-08-17,Sunday,6,2025-08
428,customer58,813121020,600.0,635690,26/05/1404,1,381414000,2025-08-17,Sunday,6,2025-08
429,customer63,855321301,4.0,43780,26/05/1404,1,175120,2025-08-17,Sunday,6,2025-08
429,customer63,855321401,2.0,42460,26/05/1404,2,84920,2025-08-17,Sunday,6,2025-08
429,customer63,807211105,4.0,10670,26/05/1404,3,42680,2025-08-17,Sunday,6,2025-08
429,customer63,819161020,4.0,242110,26/05/1404,4,968440,2025-08-17,Sunday,6,2025-08
430,customer7,819161020,140.0,242110,25/05/1404,1,33895400,2025-08-16,Saturday,5,2025-08
430,customer7,546,100.0,52360,25/05/1404,2,5236000,2025-08-16,Saturday,5,2025-08
430,customer7,855321701,100.0,26510,25/05/1404,3,2651000,2025-08-16,Saturday,5,2025-08
430,customer7,371020,100.0,41470,25/05/1404,4,4147000,2025-08-16,Saturday,5,2025-08
430,customer7,1199,100.0,160000,25/05/1404,5,16000000,2025-08-16,Saturday,5,2025-08
430,customer7,855341805,10.0,2637800,25/05/1404,6,26378000,2025-08-16,Saturday,5,2025-08
430,customer7,855341113,10.0,585200,25/05/1404,7,5852000,2025-08-16,Saturday,5,2025-08
430,customer7,855321905,10.0,266860,25/05/1404,8,2668600,2025-08-16,Saturday,5,2025-08
430,customer7,855341213,10.0,795080,25/05/1404,9,7950800,2025-08-16,Saturday,5,2025-08
430,customer7,855341101,20.0,394240,25/05/1404,10,7884800,2025-08-16,Saturday,5,2025-08
430,customer7,855321301,200.0,43780,25/05/1404,11,8756000,2025-08-16,Saturday,5,2025-08
430,customer7,343313,10.0,688270,25/05/1404,12,6882700,2025-08-16,Saturday,5,2025-08
431,customer32,861645155,35.0,2355870,25/05/1404,1,82455450,2025-08-16,Saturday,5,2025-08
431,customer32,807311113,200.0,113960,25/05/1404,2,22792000,2025-08-16,Saturday,5,2025-08
431,customer32,855341805,25.0,2637800,25/05/1404,3,65945000,2025-08-16,Saturday,5,2025-08
431,customer32,855321509,55.0,152460,25/05/1404,4,8385300,2025-08-16,Saturday,5,2025-08
431,customer32,813121020,300.0,635690,25/05/1404,5,190707000,2025-08-16,Saturday,5,2025-08
431,customer32,813121016,800.0,360690,25/05/1404,6,288552000,2025-08-16,Saturday,5,2025-08
431,customer32,855212650,24.0,4083200,25/05/1404,7,97996800,2025-08-16,Saturday,5,2025-08
431,customer32,855321109,140.0,66770,25/05/1404,8,9347800,2025-08-16,Saturday,5,2025-08
431,customer32,807311150,15.0,723440,25/05/1404,9,10851600,2025-08-16,Saturday,5,2025-08
431,customer32,641182,36.0,3189670,25/05/1404,10,114828120,2025-08-16,Saturday,5,2025-08
431,customer32,641184,20.0,3702710,25/05/1404,11,74054200,2025-08-16,Saturday,5,2025-08
431,customer32,855211602,11.0,3541560,25/05/1404,12,38957160,2025-08-16,Saturday,5,2025-08
431,customer32,855181558,8.0,5114670,25/05/1404,13,40917360,2025-08-16,Saturday,5,2025-08
431,customer32,819161020,420.0,242110,25/05/1404,14,101686200,2025-08-16,Saturday,5,2025-08
431,customer32,819161025,100.0,383020,25/05/1404,15,38302000,2025-08-16,Saturday,5,2025-08
432,customer109,855321621,30.0,136290,25/05/1404,1,4088700,2025-08-16,Saturday,5,2025-08
432,customer109,861641102,48.0,1577510,25/05/1404,2,75720480,2025-08-16,Saturday,5,2025-08
432,customer109,855321105,250.0,40480,25/05/1404,3,10120000,2025-08-16,Saturday,5,2025-08
432,customer109,855121102,25.0,511500,25/05/1404,4,12787500,2025-08-16,Saturday,5,2025-08
432,customer109,855321301,200.0,43780,25/05/1404,5,8756000,2025-08-16,Saturday,5,2025-08
432,customer109,855321505,80.0,86790,25/05/1404,6,6943200,2025-08-16,Saturday,5,2025-08
432,customer109,855321101,360.0,32890,25/05/1404,7,11840400,2025-08-16,Saturday,5,2025-08
432,customer109,855321501,170.0,61270,25/05/1404,8,10415900,2025-08-16,Saturday,5,2025-08
432,customer109,855321305,150.0,68860,25/05/1404,9,10329000,2025-08-16,Saturday,5,2025-08
432,customer109,855181504,6.0,4561810,25/05/1404,10,27370860,2025-08-16,Saturday,5,2025-08
435,customer94,1464,1.0,991000,19/05/1404,1,991000,2025-08-10,Sunday,6,2025-08
435,customer94,1273,10.0,286000,19/05/1404,2,2860000,2025-08-10,Sunday,6,2025-08
435,customer94,1264,1.0,11800000,19/05/1404,3,11800000,2025-08-10,Sunday,6,2025-08
435,customer94,1146,2.0,1027000,19/05/1404,4,2054000,2025-08-10,Sunday,6,2025-08
436,customer58,861645151,165.0,1572560,12/05/1404,1,259472400,2025-08-03,Sunday,6,2025-08
436,customer58,855121104,32.0,1091310,12/05/1404,2,34921920,2025-08-03,Sunday,6,2025-08
436,customer58,855321505,320.0,86790,12/05/1404,3,27772800,2025-08-03,Sunday,6,2025-08
436,customer58,819141020,2100.0,269830,12/05/1404,4,566643000,2025-08-03,Sunday,6,2025-08
436,customer58,855121906,72.0,1011340,12/05/1404,5,72816480,2025-08-03,Sunday,6,2025-08
436,customer58,855121908,60.0,2045010,12/05/1404,6,122700600,2025-08-03,Sunday,6,2025-08
436,customer58,855321605,240.0,75570,12/05/1404,7,18136800,2025-08-03,Sunday,6,2025-08
436,customer58,323045,5.0,11620290,12/05/1404,8,58101450,2025-08-03,Sunday,6,2025-08
436,customer58,861641110,80.0,1817640,12/05/1404,9,145411200,2025-08-03,Sunday,6,2025-08
436,customer58,813121025,500.0,1075690,12/05/1404,10,537845000,2025-08-03,Sunday,6,2025-08
436,customer58,813121020,300.0,635690,12/05/1404,11,190707000,2025-08-03,Sunday,6,2025-08
436,customer58,855321105,750.0,40480,12/05/1404,12,30360000,2025-08-03,Sunday,6,2025-08
436,customer58,323065,5.0,13808520,12/05/1404,13,69042600,2025-08-03,Sunday,6,2025-08
436,customer58,855121142,60.0,996930,12/05/1404,14,59815800,2025-08-03,Sunday,6,2025-08
436,customer58,323125,5.0,29100500,12/05/1404,15,145502500,2025-08-03,Sunday,6,2025-08
436,customer58,807261201,800.0,25520,12/05/1404,16,20416000,2025-08-03,Sunday,6,2025-08
436,customer58,855212650,24.0,3922490,12/05/1404,17,94139760,2025-08-03,Sunday,6,2025-08
436,customer58,855212410,40.0,2916540,12/05/1404,18,116661600,2025-08-03,Sunday,6,2025-08
436,customer58,855311238,8.0,25066360,12/05/1404,19,200530880,2025-08-03,Sunday,6,2025-08
436,customer58,855212424,24.0,4609440,12/05/1404,20,110626560,2025-08-03,Sunday,6,2025-08
436,customer58,855181106,16.0,4289340,12/05/1404,21,68629440,2025-08-03,Sunday,6,2025-08
437,customer106,813121016,600.0,360690,02/05/1404,1,216414000,2025-07-24,Thursday,3,2025-07
437,customer106,641940,2.0,10931140,02/05/1404,2,21862280,2025-07-24,Thursday,3,2025-07
437,customer106,323065,1.0,13808520,02/05/1404,3,13808520,2025-07-24,Thursday,3,2025-07
437,customer106,92632,30.0,1662430,02/05/1404,4,49872900,2025-07-24,Thursday,3,2025-07
437,customer106,855311136,2.0,14983540,02/05/1404,5,29967080,2025-07-24,Thursday,3,2025-07
437,customer106,855161436,2.0,5389010,02/05/1404,6,10778020,2025-07-24,Thursday,3,2025-07
437,customer106,641202,12.0,2611400,02/05/1404,7,31336800,2025-07-24,Thursday,3,2025-07
437,customer106,641436,2.0,11215930,02/05/1404,8,22431860,2025-07-24,Thursday,3,2025-07
438,customer90,323095,2.0,20378160,20/04/1404,1,40756320,2025-07-11,Friday,4,2025-07
438,customer90,747,2.0,950000,20/04/1404,2,1900000,2025-07-11,Friday,4,2025-07
438,customer90,641326,4.0,6896890,20/04/1404,3,27587560,2025-07-11,Friday,4,2025-07
438,customer90,371016,700.0,32780,20/04/1404,4,22946000,2025-07-11,Friday,4,2025-07
438,customer90,371020,35.0,41470,20/04/1404,5,1451450,2025-07-11,Friday,4,2025-07
438,customer90,855212650,4.0,3246210,20/04/1404,6,12984840,2025-07-11,Friday,4,2025-07
438,customer90,546,5.0,52360,20/04/1404,7,261800,2025-07-11,Friday,4,2025-07
438,customer90,855162642,35.0,1853280,20/04/1404,8,64864800,2025-07-11,Friday,4,2025-07
438,customer90,807261405,4.0,48070,20/04/1404,9,192280,2025-07-11,Friday,4,2025-07
438,customer90,641312,6.0,5886980,20/04/1404,10,35321880,2025-07-11,Friday,4,2025-07
438,customer90,813121025,10.0,1075690,20/04/1404,11,10756900,2025-07-11,Friday,4,2025-07
438,customer90,813121020,40.0,635690,20/04/1404,12,25427600,2025-07-11,Friday,4,2025-07
438,customer90,855162402,49.0,1302730,20/04/1404,13,63833770,2025-07-11,Friday,4,2025-07
438,customer90,813121016,600.0,360690,20/04/1404,14,216414000,2025-07-11,Friday,4,2025-07
438,customer90,807311119,2.0,276210,20/04/1404,15,552420,2025-07-11,Friday,4,2025-07
438,customer90,855162410,4.0,1782330,20/04/1404,16,7129320,2025-07-11,Friday,4,2025-07
438,customer90,855162424,4.0,4407810,20/04/1404,17,17631240,2025-07-11,Friday,4,2025-07
438,customer90,861641102,48.0,1719190,20/04/1404,18,82521120,2025-07-11,Friday,4,2025-07
438,customer90,855311136,8.0,14983540,20/04/1404,19,119868320,2025-07-11,Friday,4,2025-07
438,customer90,855121906,6.0,1102000,20/04/1404,20,6612000,2025-07-11,Friday,4,2025-07
438,customer90,855161202,4.0,1944470,20/04/1404,21,7777880,2025-07-11,Friday,4,2025-07
438,customer90,807311113,10.0,113960,20/04/1404,22,1139600,2025-07-11,Friday,4,2025-07
438,customer90,807261401,59.0,24640,20/04/1404,23,1453760,2025-07-11,Friday,4,2025-07
438,customer90,121234,6.0,2083620,20/04/1404,24,12501720,2025-07-11,Friday,4,2025-07
438,customer90,879516143,1.0,1886040,20/04/1404,25,1886040,2025-07-11,Friday,4,2025-07
439,customer35,855321109,2.0,70840,21/04/1404,1,141680,2025-07-12,Saturday,5,2025-07
439,customer35,855341221,1.0,1492590,21/04/1404,2,1492590,2025-07-12,Saturday,5,2025-07
439,customer35,819121032,8.0,1078660,21/04/1404,3,8629280,2025-07-12,Saturday,5,2025-07
439,customer35,855321309,4.0,115830,21/04/1404,4,463320,2025-07-12,Saturday,5,2025-07
439,customer35,855341121,1.0,902770,21/04/1404,5,902770,2025-07-12,Saturday,5,2025-07
439,customer35,861645209,1.0,3915230,21/04/1404,6,3915230,2025-07-12,Saturday,5,2025-07
439,customer35,855341917,1.0,1237830,21/04/1404,7,1237830,2025-07-12,Saturday,5,2025-07
439,customer35,855341809,1.0,3573900,21/04/1404,8,3573900,2025-07-12,Saturday,5,2025-07
440,customer63,813121025,3.0,1075690,20/04/1404,1,3227070,2025-07-11,Friday,4,2025-07
441,customer1,819141020,30.0,291720,12/04/1404,1,8751600,2025-07-03,Thursday,3,2025-07
441,customer1,855321501,30.0,61710,12/04/1404,2,1851300,2025-07-03,Thursday,3,2025-07
442,customer93,818,1.0,1888920,08/04/1404,1,1888920,2025-06-29,Sunday,6,2025-06
442,customer93,819,1.0,3301210,08/04/1404,2,3301210,2025-06-29,Sunday,6,2025-06
442,customer93,862,5.0,961950,08/04/1404,3,4809750,2025-06-29,Sunday,6,2025-06
442,customer93,821,5.0,8796590,08/04/1404,4,43982950,2025-06-29,Sunday,6,2025-06
443,customer16,855311238,2.0,27581290,27/05/1404,1,55162580,2025-08-18,Monday,0,2025-08
444,customer43,879273,200.0,173030,27/05/1404,1,34606000,2025-08-18,Monday,0,2025-08
444,customer43,48080,150.0,248820,27/05/1404,2,37323000,2025-08-18,Monday,0,2025-08
444,customer43,819121020,560.0,323620,27/05/1404,3,181227200,2025-08-18,Monday,0,2025-08
444,customer43,819121025,100.0,504460,27/05/1404,4,50446000,2025-08-18,Monday,0,2025-08
444,customer43,855321301,200.0,43780,27/05/1404,5,8756000,2025-08-18,Monday,0,2025-08
445,customer96,813121020,14.0,635690,27/05/1404,1,8899660,2025-08-18,Monday,0,2025-08
445,customer96,501081,2.0,131230,27/05/1404,2,262460,2025-08-18,Monday,0,2025-08
446,customer18,855121502,1.0,1832490,28/05/1404,1,1832490,2025-08-19,Tuesday,1,2025-08
446,customer18,855211102,1.0,1088560,28/05/1404,2,1088560,2025-08-19,Tuesday,1,2025-08
446,customer18,855211112,1.0,1484120,28/05/1404,3,1484120,2025-08-19,Tuesday,1,2025-08
446,customer18,855121102,1.0,511500,28/05/1404,4,511500,2025-08-19,Tuesday,1,2025-08
447,customer40,819161020,140.0,242110,28/05/1404,1,33895400,2025-08-19,Tuesday,1,2025-08
447,customer40,819161025,100.0,383020,28/05/1404,2,38302000,2025-08-19,Tuesday,1,2025-08
447,customer40,807261401,48.0,32340,28/05/1404,3,1552320,2025-08-19,Tuesday,1,2025-08
447,customer40,855321401,10.0,42460,28/05/1404,4,424600,2025-08-19,Tuesday,1,2025-08
447,customer40,855321301,100.0,43780,28/05/1404,5,4378000,2025-08-19,Tuesday,1,2025-08
447,customer40,855321305,25.0,68860,28/05/1404,6,1721500,2025-08-19,Tuesday,1,2025-08
447,customer40,855321501,35.0,61270,28/05/1404,7,2144450,2025-08-19,Tuesday,1,2025-08
447,customer40,855321101,20.0,32890,28/05/1404,8,657800,2025-08-19,Tuesday,1,2025-08
447,customer40,855321505,10.0,86790,28/05/1404,9,867900,2025-08-19,Tuesday,1,2025-08
447,customer40,855341301,18.0,414370,28/05/1404,10,7458660,2025-08-19,Tuesday,1,2025-08
447,customer40,855341401,4.0,958540,28/05/1404,11,3834160,2025-08-19,Tuesday,1,2025-08
447,customer40,855321605,25.0,75570,28/05/1404,12,1889250,2025-08-19,Tuesday,1,2025-08
447,customer40,855341305,6.0,580910,28/05/1404,13,3485460,2025-08-19,Tuesday,1,2025-08
447,customer40,855321105,20.0,40480,28/05/1404,14,809600,2025-08-19,Tuesday,1,2025-08
447,customer40,807261405,6.0,61490,28/05/1404,15,368940,2025-08-19,Tuesday,1,2025-08
447,customer40,855321371,16.0,67210,28/05/1404,16,1075360,2025-08-19,Tuesday,1,2025-08
447,customer40,855341409,10.0,1229360,28/05/1404,17,12293600,2025-08-19,Tuesday,1,2025-08
448,customer95,855162642,4.0,1700600,31/05/1404,1,6802400,2025-08-22,Friday,4,2025-08
448,customer95,855162402,2.0,1195370,31/05/1404,2,2390740,2025-08-22,Friday,4,2025-08
448,customer95,855161710,1.0,1198340,31/05/1404,3,1198340,2025-08-22,Friday,4,2025-08
448,customer95,807311110,4.0,60500,31/05/1404,4,242000,2025-08-22,Friday,4,2025-08
448,customer95,855141502,1.0,1588400,31/05/1404,5,1588400,2025-08-22,Friday,4,2025-08
448,customer95,855141534,1.0,2367860,31/05/1404,6,2367860,2025-08-22,Friday,4,2025-08
449,customer63,994,1.0,21000000,31/05/1404,1,21000000,2025-08-22,Friday,4,2025-08
450,customer36,164,1.0,5850000,31/05/1404,1,5850000,2025-08-22,Friday,4,2025-08
451,customer42,1134,15.0,6618000,01/06/1404,1,99270000,2025-08-23,Saturday,5,2025-08
451,customer42,1135,30.0,4582000,01/06/1404,2,137460000,2025-08-23,Saturday,5,2025-08
451,customer42,1136,30.0,3491000,01/06/1404,3,104730000,2025-08-23,Saturday,5,2025-08
451,customer42,1142,200.0,175000,01/06/1404,4,35000000,2025-08-23,Saturday,5,2025-08
452,customer42,855321301,200.0,43780,01/06/1404,1,8756000,2025-08-23,Saturday,5,2025-08
452,customer42,819141020,560.0,269830,01/06/1404,2,151104800,2025-08-23,Saturday,5,2025-08
452,customer42,855341301,120.0,414370,01/06/1404,3,49724400,2025-08-23,Saturday,5,2025-08
452,customer42,855321501,170.0,61270,01/06/1404,4,10415900,2025-08-23,Saturday,5,2025-08
453,customer17,855211210,2.0,1511510,01/06/1404,1,3023020,2025-08-23,Saturday,5,2025-08
453,customer17,855211326,2.0,2917420,01/06/1404,2,5834840,2025-08-23,Saturday,5,2025-08
453,customer17,163642,6.0,2605020,01/06/1404,3,15630120,2025-08-23,Saturday,5,2025-08
453,customer17,855211312,2.0,2812700,01/06/1404,4,5625400,2025-08-23,Saturday,5,2025-08
453,customer17,855211124,1.0,2630230,01/06/1404,5,2630230,2025-08-23,Saturday,5,2025-08
453,customer17,5211212,2.0,2372700,01/06/1404,6,4745400,2025-08-23,Saturday,5,2025-08
453,customer17,813121016,60.0,360690,01/06/1404,7,21641400,2025-08-23,Saturday,5,2025-08
453,customer17,813121020,10.0,635690,01/06/1404,8,6356900,2025-08-23,Saturday,5,2025-08
453,customer17,121234,2.0,1766160,01/06/1404,9,3532320,2025-08-23,Saturday,5,2025-08
453,customer17,879516143,1.0,1886040,01/06/1404,10,1886040,2025-08-23,Saturday,5,2025-08
454,customer63,855341301,1.0,414370,01/06/1404,1,414370,2025-08-23,Saturday,5,2025-08
454,customer63,855321301,4.0,43780,01/06/1404,2,175120,2025-08-23,Saturday,5,2025-08
454,customer63,855321101,1.0,32890,01/06/1404,3,32890,2025-08-23,Saturday,5,2025-08
454,customer63,861645151,1.0,1572560,01/06/1404,4,1572560,2025-08-23,Saturday,5,2025-08
454,customer63,681802,1.0,3060000,01/06/1404,5,3060000,2025-08-23,Saturday,5,2025-08
454,customer63,819161020,8.0,242110,01/06/1404,6,1936880,2025-08-23,Saturday,5,2025-08
455,customer18,879259,10.0,105000,02/06/1404,1,1050000,2025-08-24,Sunday,6,2025-08
455,customer18,879260,2.0,250000,02/06/1404,2,500000,2025-08-24,Sunday,6,2025-08
455,customer18,879101,2.0,1332000,02/06/1404,3,2664000,2025-08-24,Sunday,6,2025-08
455,customer18,1391,1.0,418000,02/06/1404,4,418000,2025-08-24,Sunday,6,2025-08
455,customer18,1142,35.0,175000,02/06/1404,5,6125000,2025-08-24,Sunday,6,2025-08
455,customer18,1139,3.0,318000,02/06/1404,6,954000,2025-08-24,Sunday,6,2025-08
455,customer18,1136,6.0,3491000,02/06/1404,7,20946000,2025-08-24,Sunday,6,2025-08
455,customer18,1134,5.0,6618000,02/06/1404,8,33090000,2025-08-24,Sunday,6,2025-08
455,customer18,1271,20.0,122000,02/06/1404,9,2440000,2025-08-24,Sunday,6,2025-08
455,customer18,1158,6.0,732000,02/06/1404,10,4392000,2025-08-24,Sunday,6,2025-08
455,customer18,1151,1.0,1014000,02/06/1404,11,1014000,2025-08-24,Sunday,6,2025-08
455,customer18,1150,10.0,309000,02/06/1404,12,3090000,2025-08-24,Sunday,6,2025-08
455,customer18,1148,10.0,368000,02/06/1404,13,3680000,2025-08-24,Sunday,6,2025-08
455,customer18,1146,6.0,1027000,02/06/1404,14,6162000,2025-08-24,Sunday,6,2025-08
455,customer18,1145,10.0,210000,02/06/1404,15,2100000,2025-08-24,Sunday,6,2025-08
455,customer18,807261401,50.0,32340,02/06/1404,1,1617000,2025-08-24,Sunday,6,2025-08
455,customer18,819121025,80.0,504460,02/06/1404,2,40356800,2025-08-24,Sunday,6,2025-08
455,customer18,819121020,80.0,323620,02/06/1404,3,25889600,2025-08-24,Sunday,6,2025-08
455,customer18,819121032,28.0,983840,02/06/1404,4,27547520,2025-08-24,Sunday,6,2025-08
455,customer18,855341341,2.0,607970,02/06/1404,5,1215940,2025-08-24,Sunday,6,2025-08
455,customer18,807261405,2.0,61490,02/06/1404,6,122980,2025-08-24,Sunday,6,2025-08
455,customer18,855321205,6.0,34430,02/06/1404,7,206580,2025-08-24,Sunday,6,2025-08
455,customer18,855321617,18.0,115170,02/06/1404,8,2073060,2025-08-24,Sunday,6,2025-08
455,customer18,855321109,8.0,66770,02/06/1404,9,534160,2025-08-24,Sunday,6,2025-08
455,customer18,855321605,16.0,75570,02/06/1404,10,1209120,2025-08-24,Sunday,6,2025-08
455,customer18,855321309,8.0,110000,02/06/1404,11,880000,2025-08-24,Sunday,6,2025-08
455,customer18,855321105,15.0,40480,02/06/1404,12,607200,2025-08-24,Sunday,6,2025-08
455,customer18,855321201,4.0,30140,02/06/1404,13,120560,2025-08-24,Sunday,6,2025-08
455,customer18,861645151,4.0,1572560,02/06/1404,14,6290240,2025-08-24,Sunday,6,2025-08
455,customer18,855341301,25.0,414370,02/06/1404,15,10359250,2025-08-24,Sunday,6,2025-08
455,customer18,855341401,10.0,958540,02/06/1404,16,9585400,2025-08-24,Sunday,6,2025-08
455,customer18,861645155,1.0,2355870,02/06/1404,17,2355870,2025-08-24,Sunday,6,2025-08
455,customer18,855321301,45.0,43780,02/06/1404,18,1970100,2025-08-24,Sunday,6,2025-08
455,customer18,855321305,30.0,68860,02/06/1404,19,2065800,2025-08-24,Sunday,6,2025-08
455,customer18,855321501,12.0,61270,02/06/1404,20,735240,2025-08-24,Sunday,6,2025-08
455,customer18,855321505,20.0,86790,02/06/1404,21,1735800,2025-08-24,Sunday,6,2025-08
455,customer18,855341101,4.0,394240,02/06/1404,22,1576960,2025-08-24,Sunday,6,2025-08
455,customer18,855321101,10.0,32890,02/06/1404,23,328900,2025-08-24,Sunday,6,2025-08
457,customer63,118,4.0,70000,02/06/1404,1,280000,2025-08-24,Sunday,6,2025-08
457,customer63,855121102,6.0,511500,02/06/1404,2,3069000,2025-08-24,Sunday,6,2025-08
457,customer63,417,3.0,1000000,02/06/1404,3,3000000,2025-08-24,Sunday,6,2025-08
457,customer63,962,15.0,656150,02/06/1404,4,9842250,2025-08-24,Sunday,6,2025-08
457,customer63,855121142,2.0,996930,02/06/1404,5,1993860,2025-08-24,Sunday,6,2025-08
458,customer76,1265,5.0,8955000,03/06/1404,1,44775000,2025-08-25,Monday,0,2025-08
458,customer76,1264,14.0,11800000,03/06/1404,2,165200000,2025-08-25,Monday,0,2025-08
458,customer76,1266,9.0,6336000,03/06/1404,3,57024000,2025-08-25,Monday,0,2025-08
458,customer76,1271,60.0,122000,03/06/1404,4,7320000,2025-08-25,Monday,0,2025-08
458,customer76,1249,5.0,395000,03/06/1404,5,1975000,2025-08-25,Monday,0,2025-08
458,customer76,1158,8.0,732000,03/06/1404,6,5856000,2025-08-25,Monday,0,2025-08
458,customer76,1198,3.0,582000,03/06/1404,7,1746000,2025-08-25,Monday,0,2025-08
458,customer76,1151,3.0,1014000,03/06/1404,8,3042000,2025-08-25,Monday,0,2025-08
458,customer76,1156,3.0,636000,03/06/1404,9,1908000,2025-08-25,Monday,0,2025-08
458,customer76,1149,4.0,573000,03/06/1404,10,2292000,2025-08-25,Monday,0,2025-08
458,customer76,1150,17.0,309000,03/06/1404,11,5253000,2025-08-25,Monday,0,2025-08
458,customer76,1148,15.0,368000,03/06/1404,12,5520000,2025-08-25,Monday,0,2025-08
458,customer76,1147,4.0,750000,03/06/1404,13,3000000,2025-08-25,Monday,0,2025-08
458,customer76,1146,1.0,1027000,03/06/1404,14,1027000,2025-08-25,Monday,0,2025-08
458,customer76,1140,45.0,473000,03/06/1404,15,21285000,2025-08-25,Monday,0,2025-08
458,customer76,1139,5.0,318000,03/06/1404,16,1590000,2025-08-25,Monday,0,2025-08
458,customer76,1141,15.0,364000,03/06/1404,17,5460000,2025-08-25,Monday,0,2025-08
458,customer76,1142,40.0,175000,03/06/1404,18,7000000,2025-08-25,Monday,0,2025-08
458,customer76,1138,6.0,282000,03/06/1404,19,1692000,2025-08-25,Monday,0,2025-08
458,customer76,1422,1.0,13500000,03/06/1404,20,13500000,2025-08-25,Monday,0,2025-08
458,customer76,1272,10.0,223000,03/06/1404,21,2230000,2025-08-25,Monday,0,2025-08
458,customer76,1273,50.0,286000,03/06/1404,22,14300000,2025-08-25,Monday,0,2025-08
458,customer76,879112,3.0,332000,03/06/1404,23,996000,2025-08-25,Monday,0,2025-08
458,customer76,879101,3.0,1332000,03/06/1404,24,3996000,2025-08-25,Monday,0,2025-08
459,customer76,962,40.0,656150,03/06/1404,1,26246000,2025-08-25,Monday,0,2025-08
459,customer76,807221711,20.0,477700,03/06/1404,2,9554000,2025-08-25,Monday,0,2025-08
459,customer76,1111,30.0,371300,03/06/1404,3,11139000,2025-08-25,Monday,0,2025-08
459,customer76,807221790,10.0,429600,03/06/1404,4,4296000,2025-08-25,Monday,0,2025-08
459,customer76,891752193,18.0,420000,03/06/1404,5,7560000,2025-08-25,Monday,0,2025-08
460,customer39,855311239,4.0,27581290,06/06/1404,1,110325160,2025-08-28,Thursday,3,2025-08
460,customer39,855311240,4.0,30651390,06/06/1404,2,122605560,2025-08-28,Thursday,3,2025-08
460,customer39,92632,60.0,1662430,06/06/1404,3,99745800,2025-08-28,Thursday,3,2025-08
460,customer39,813121016,400.0,360690,06/06/1404,4,144276000,2025-08-28,Thursday,3,2025-08
460,customer39,48080,600.0,248820,06/06/1404,5,149292000,2025-08-28,Thursday,3,2025-08
460,customer39,1426,350.0,189530,06/06/1404,6,66335500,2025-08-28,Thursday,3,2025-08
460,customer39,1405,500.0,58740,06/06/1404,7,29370000,2025-08-28,Thursday,3,2025-08
460,customer39,879270,150.0,226160,06/06/1404,8,33924000,2025-08-28,Thursday,3,2025-08
460,customer39,879272,1000.0,135190,06/06/1404,9,135190000,2025-08-28,Thursday,3,2025-08
461,customer110,807261401,30.0,32340,06/06/1404,1,970200,2025-08-28,Thursday,3,2025-08
461,customer110,855321201,16.0,30140,06/06/1404,2,482240,2025-08-28,Thursday,3,2025-08
461,customer110,855341309,6.0,496430,06/06/1404,3,2978580,2025-08-28,Thursday,3,2025-08
461,customer110,855321505,10.0,86790,06/06/1404,4,867900,2025-08-28,Thursday,3,2025-08
461,customer110,855321101,16.0,32890,06/06/1404,5,526240,2025-08-28,Thursday,3,2025-08
461,customer110,855321501,20.0,61270,06/06/1404,6,1225400,2025-08-28,Thursday,3,2025-08
461,customer110,855321301,50.0,43780,06/06/1404,7,2189000,2025-08-28,Thursday,3,2025-08
461,customer110,861645155,3.0,2355870,06/06/1404,8,7067610,2025-08-28,Thursday,3,2025-08
461,customer110,855341301,30.0,414370,06/06/1404,9,12431100,2025-08-28,Thursday,3,2025-08
461,customer110,855341401,4.0,958540,06/06/1404,10,3834160,2025-08-28,Thursday,3,2025-08
461,customer110,855321605,20.0,75570,06/06/1404,11,1511400,2025-08-28,Thursday,3,2025-08
461,customer110,855321509,2.0,152460,06/06/1404,12,304920,2025-08-28,Thursday,3,2025-08
461,customer110,855321309,6.0,110000,06/06/1404,13,660000,2025-08-28,Thursday,3,2025-08
461,customer110,855321105,10.0,40480,06/06/1404,14,404800,2025-08-28,Thursday,3,2025-08
461,customer110,962,10.0,656150,06/06/1404,15,6561500,2025-08-28,Thursday,3,2025-08
461,customer110,855341341,4.0,607970,06/06/1404,16,2431880,2025-08-28,Thursday,3,2025-08
461,customer110,855341409,10.0,1229360,06/06/1404,17,12293600,2025-08-28,Thursday,3,2025-08
461,customer110,855321109,6.0,66770,06/06/1404,18,400620,2025-08-28,Thursday,3,2025-08
461,customer110,855321617,4.0,115170,06/06/1404,19,460680,2025-08-28,Thursday,3,2025-08
461,customer110,855321209,8.0,43010,06/06/1404,20,344080,2025-08-28,Thursday,3,2025-08
461,customer110,807261405,2.0,61490,06/06/1404,21,122980,2025-08-28,Thursday,3,2025-08
461,customer110,819121032,40.0,983840,06/06/1404,22,39353600,2025-08-28,Thursday,3,2025-08
461,customer110,819121020,140.0,323620,06/06/1404,23,45306800,2025-08-28,Thursday,3,2025-08
461,customer110,819121025,100.0,504460,06/06/1404,24,50446000,2025-08-28,Thursday,3,2025-08
462,customer110,1273,4.0,286000,06/06/1404,1,1144000,2025-08-28,Thursday,3,2025-08
462,customer110,1146,4.0,1027000,06/06/1404,2,4108000,2025-08-28,Thursday,3,2025-08
462,customer110,1142,20.0,175000,06/06/1404,3,3500000,2025-08-28,Thursday,3,2025-08
462,customer110,1145,6.0,210000,06/06/1404,4,1260000,2025-08-28,Thursday,3,2025-08
462,customer110,1151,2.0,1014000,06/06/1404,5,2028000,2025-08-28,Thursday,3,2025-08
462,customer110,1148,8.0,368000,06/06/1404,6,2944000,2025-08-28,Thursday,3,2025-08
462,customer110,1149,6.0,573000,06/06/1404,7,3438000,2025-08-28,Thursday,3,2025-08
462,customer110,1150,10.0,309000,06/06/1404,8,3090000,2025-08-28,Thursday,3,2025-08
462,customer110,1272,4.0,223000,06/06/1404,9,892000,2025-08-28,Thursday,3,2025-08
462,customer110,1159,4.0,973000,06/06/1404,10,3892000,2025-08-28,Thursday,3,2025-08
462,customer110,1141,10.0,364000,06/06/1404,11,3640000,2025-08-28,Thursday,3,2025-08
462,customer110,1140,16.0,473000,06/06/1404,12,7568000,2025-08-28,Thursday,3,2025-08
462,customer110,1136,4.0,3491000,06/06/1404,13,13964000,2025-08-28,Thursday,3,2025-08
462,customer110,1135,6.0,4582000,06/06/1404,14,27492000,2025-08-28,Thursday,3,2025-08
462,customer110,1134,3.0,6618000,06/06/1404,15,19854000,2025-08-28,Thursday,3,2025-08
463,customer111,855162682,4.0,6178700,06/06/1404,1,24714800,2025-08-28,Thursday,3,2025-08
463,customer111,855161726,4.0,3001680,06/06/1404,2,12006720,2025-08-28,Thursday,3,2025-08
463,customer111,813121016,200.0,415800,06/06/1404,3,83160000,2025-08-28,Thursday,3,2025-08
463,customer111,855161702,30.0,1179420,06/06/1404,4,35382600,2025-08-28,Thursday,3,2025-08
463,customer111,855141502,10.0,2049190,06/06/1404,5,20491900,2025-08-28,Thursday,3,2025-08
464,customer30,547,500.0,67650,07/06/1404,1,33825000,2025-08-29,Friday,4,2025-08
464,customer30,546,600.0,52360,07/06/1404,2,31416000,2025-08-29,Friday,4,2025-08
464,customer30,371016,16000.0,32780,07/06/1404,3,524480000,2025-08-29,Friday,4,2025-08
464,customer30,371020,400.0,41470,07/06/1404,4,16588000,2025-08-29,Friday,4,2025-08
465,customer69,855321201,400.0,30140,07/06/1404,1,12056000,2025-08-29,Friday,4,2025-08
465,customer69,855321301,200.0,43780,07/06/1404,2,8756000,2025-08-29,Friday,4,2025-08
465,customer69,855341401,30.0,958540,07/06/1404,3,28756200,2025-08-29,Friday,4,2025-08
465,customer69,861645155,10.0,2355870,07/06/1404,4,23558700,2025-08-29,Friday,4,2025-08
465,customer69,819141020,140.0,269830,07/06/1404,5,37776200,2025-08-29,Friday,4,2025-08
465,customer69,819141025,200.0,423940,07/06/1404,6,84788000,2025-08-29,Friday,4,2025-08
465,customer69,855341301,120.0,414370,07/06/1404,7,49724400,2025-08-29,Friday,4,2025-08
465,customer69,819141032,80.0,783310,07/06/1404,8,62664800,2025-08-29,Friday,4,2025-08
465,customer69,855321505,100.0,86790,07/06/1404,9,8679000,2025-08-29,Friday,4,2025-08
465,customer69,855341709,20.0,613800,07/06/1404,10,12276000,2025-08-29,Friday,4,2025-08
465,customer69,855341705,20.0,495770,07/06/1404,11,9915400,2025-08-29,Friday,4,2025-08
466,customer88,681802,12.0,3060000,07/06/1404,1,36720000,2025-08-29,Friday,4,2025-08
466,customer88,855341213,10.0,795080,07/06/1404,2,7950800,2025-08-29,Friday,4,2025-08
466,customer88,861645151,15.0,1572560,07/06/1404,3,23588400,2025-08-29,Friday,4,2025-08
466,customer88,855341301,25.0,414370,07/06/1404,4,10359250,2025-08-29,Friday,4,2025-08
466,customer88,855321301,250.0,43780,07/06/1404,5,10945000,2025-08-29,Friday,4,2025-08
467,customer67,1405,1000.0,58740,07/06/1404,1,58740000,2025-08-29,Friday,4,2025-08
467,customer67,1407,2000.0,84480,07/06/1404,2,168960000,2025-08-29,Friday,4,2025-08
467,customer67,819161032,80.0,708950,07/06/1404,3,56716000,2025-08-29,Friday,4,2025-08
467,customer67,819161020,280.0,242110,07/06/1404,4,67790800,2025-08-29,Friday,4,2025-08
468,customer1,819121025,48.0,504460,07/06/1404,1,24214080,2025-08-29,Friday,4,2025-08
468,customer1,819121020,48.0,323620,07/06/1404,2,15533760,2025-08-29,Friday,4,2025-08
469,customer112,879516203,7.0,200000,07/06/1404,1,1400000,2025-08-29,Friday,4,2025-08
469,customer112,12220,90.0,974000,07/06/1404,2,87660000,2025-08-29,Friday,4,2025-08
469,customer112,879091,9.0,325600,07/06/1404,3,2930400,2025-08-29,Friday,4,2025-08
469,customer112,807211141,150.0,56600,07/06/1404,4,8490000,2025-08-29,Friday,4,2025-08
469,customer112,641202,12.0,946500,07/06/1404,5,11358000,2025-08-29,Friday,4,2025-08
469,customer112,641436,2.0,3994400,07/06/1404,6,7988800,2025-08-29,Friday,4,2025-08
469,customer112,547,26.0,28900,07/06/1404,7,751400,2025-08-29,Friday,4,2025-08
469,customer112,855121232,2.0,449000,07/06/1404,8,898000,2025-08-29,Friday,4,2025-08
469,customer112,855311136,2.0,7413500,07/06/1404,9,14827000,2025-08-29,Friday,4,2025-08
469,customer112,92632,27.7,777500,07/06/1404,10,21536750,2025-08-29,Friday,4,2025-08
469,customer112,323065,1.0,6322050,07/06/1404,11,6322050,2025-08-29,Friday,4,2025-08
469,customer112,641940,2.0,4960900,07/06/1404,12,9921800,2025-08-29,Friday,4,2025-08
469,customer112,855162436,2.0,2614600,07/06/1404,13,5229200,2025-08-29,Friday,4,2025-08
469,customer112,813121016,583.0,164900,07/06/1404,14,96136700,2025-08-29,Friday,4,2025-08
470,customer63,855321301,6.0,43780,08/06/1404,1,262680,2025-08-30,Saturday,5,2025-08
470,customer63,855321501,2.0,61270,08/06/1404,2,122540,2025-08-30,Saturday,5,2025-08
470,customer63,855321101,8.0,32890,08/06/1404,3,263120,2025-08-30,Saturday,5,2025-08
470,customer63,1134,1.5,6618000,08/06/1404,4,9927000,2025-08-30,Saturday,5,2025-08
470,customer63,819161020,24.0,242110,08/06/1404,5,5810640,2025-08-30,Saturday,5,2025-08
471,customer63,1137,0.166,7782000,08/06/1404,1,1291812,2025-08-30,Saturday,5,2025-08
471,customer63,1414,2.0,841000,08/06/1404,2,1682000,2025-08-30,Saturday,5,2025-08
472,customer43,861645151,55.0,1572560,08/06/1404,1,86490800,2025-08-30,Saturday,5,2025-08
474,customer40,641604,1.0,4493280,14/05/1404,1,4493280,2025-08-05,Tuesday,1,2025-08
474,customer40,855341201,160.0,642510,14/05/1404,2,102801600,2025-08-05,Tuesday,1,2025-08
474,customer40,855321401,300.0,42460,14/05/1404,3,12738000,2025-08-05,Tuesday,1,2025-08
474,customer40,855321501,170.0,61270,14/05/1404,4,10415900,2025-08-05,Tuesday,1,2025-08
474,customer40,855341101,190.0,394240,14/05/1404,5,74905600,2025-08-05,Tuesday,1,2025-08
474,customer40,855321301,200.0,43780,14/05/1404,6,8756000,2025-08-05,Tuesday,1,2025-08
474,customer40,641602,3.0,3073840,14/05/1404,7,9221520,2025-08-05,Tuesday,1,2025-08
475,customer40,879516143,20.0,1886040,08/06/1404,1,37720800,2025-08-30,Saturday,5,2025-08
475,customer40,641602,48.0,3073840,08/06/1404,2,147544320,2025-08-30,Saturday,5,2025-08
476,customer111,371016,48.0,35970,08/06/1404,1,1726560,2025-08-30,Saturday,5,2025-08
476,customer111,323095,2.0,23088455,08/06/1404,2,46176910,2025-08-30,Saturday,5,2025-08
476,customer111,855121190,4.0,1274460,08/06/1404,3,5097840,2025-08-30,Saturday,5,2025-08
476,customer111,855162402,8.0,1537910,08/06/1404,4,12303280,2025-08-30,Saturday,5,2025-08
476,customer111,855141102,38.0,1343430,08/06/1404,5,51050340,2025-08-30,Saturday,5,2025-08
476,customer111,681802,3.0,3640780,08/06/1404,6,10922340,2025-08-30,Saturday,5,2025-08
476,customer111,118,3.0,70000,08/06/1404,7,210000,2025-08-30,Saturday,5,2025-08
476,customer111,807261401,12.0,35750,08/06/1404,8,429000,2025-08-30,Saturday,5,2025-08
476,customer111,855121192,5.0,1725460,08/06/1404,9,8627300,2025-08-30,Saturday,5,2025-08
476,customer111,879516143,2.0,2261300,08/06/1404,10,4522600,2025-08-30,Saturday,5,2025-08
477,customer76,1142,40.0,175000,08/06/1404,1,7000000,2025-08-30,Saturday,5,2025-08
477,customer76,891752193,10.0,420000,08/06/1404,2,4200000,2025-08-30,Saturday,5,2025-08
478,customer6,855121502,2.0,1832490,10/06/1404,1,3664980,2025-09-01,Monday,0,2025-09
478,customer6,855213410,3.0,3932500,10/06/1404,2,11797500,2025-09-01,Monday,0,2025-09
478,customer6,641642,2.0,3307480,10/06/1404,3,6614960,2025-09-01,Monday,0,2025-09
478,customer6,855161710,4.0,1198340,10/06/1404,4,4793360,2025-09-01,Monday,0,2025-09
478,customer6,855121102,4.0,511500,10/06/1404,5,2046000,2025-09-01,Monday,0,2025-09
478,customer6,681802,3.0,3060530,10/06/1404,6,9181590,2025-09-01,Monday,0,2025-09
479,customer93,962,1.0,656150,10/06/1404,1,656150,2025-09-01,Monday,0,2025-09
479,customer93,1233,1.0,500000,10/06/1404,2,500000,2025-09-01,Monday,0,2025-09
479,customer93,115,2.0,70000,10/06/1404,3,140000,2025-09-01,Monday,0,2025-09
479,customer93,116,1.0,1800000,10/06/1404,4,1800000,2025-09-01,Monday,0,2025-09
479,customer93,118,2.0,70000,10/06/1404,5,140000,2025-09-01,Monday,0,2025-09
479,customer93,365,1.0,900000,10/06/1404,6,900000,2025-09-01,Monday,0,2025-09
479,customer93,855121502,1.0,1832490,10/06/1404,7,1832490,2025-09-01,Monday,0,2025-09
479,customer93,879164,1.0,3200000,10/06/1404,8,3200000,2025-09-01,Monday,0,2025-09
479,customer93,879516054,1.0,1800000,10/06/1404,9,1800000,2025-09-01,Monday,0,2025-09
480,customer36,879516055,2.0,1800000,10/06/1404,1,3600000,2025-09-01,Monday,0,2025-09
480,customer36,127,2.0,950000,10/06/1404,2,1900000,2025-09-01,Monday,0,2025-09
481,customer43,819161063,16.0,3087370,10/06/1404,1,49397920,2025-09-01,Monday,0,2025-09
481,customer43,819121020,280.0,323620,10/06/1404,2,90613600,2025-09-01,Monday,0,2025-09
481,customer43,855321321,2.0,624690,10/06/1404,3,1249380,2025-09-01,Monday,0,2025-09
481,customer43,343313,20.0,688270,10/06/1404,4,13765400,2025-09-01,Monday,0,2025-09
482,customer100,819161025,100.0,383020,11/06/1404,1,38302000,2025-09-02,Tuesday,1,2025-09
483,customer42,855321747,50.0,362450,11/06/1404,1,18122500,2025-09-02,Tuesday,1,2025-09
483,customer42,819161025,200.0,383020,11/06/1404,2,76604000,2025-09-02,Tuesday,1,2025-09
483,customer42,855321105,250.0,40480,11/06/1404,3,10120000,2025-09-02,Tuesday,1,2025-09
483,customer42,855341305,30.0,580910,11/06/1404,4,17427300,2025-09-02,Tuesday,1,2025-09
483,customer42,855341709,30.0,613800,11/06/1404,5,18414000,2025-09-02,Tuesday,1,2025-09
484,customer9,855121402,15.0,1291730,07/06/1404,1,19375950,2025-08-29,Friday,4,2025-08
484,customer9,855121162,20.0,955790,07/06/1404,2,19115800,2025-08-29,Friday,4,2025-08
484,customer9,855311239,2.0,27581290,07/06/1404,3,55162580,2025-08-29,Friday,4,2025-08
484,customer9,813121016,600.0,360690,07/06/1404,4,216414000,2025-08-29,Friday,4,2025-08
484,customer9,813121020,300.0,635690,07/06/1404,5,190707000,2025-08-29,Friday,4,2025-08
484,customer9,813121025,100.0,1075690,07/06/1404,6,107569000,2025-08-29,Friday,4,2025-08
484,customer9,855212402,48.0,1578060,07/06/1404,7,75746880,2025-08-29,Friday,4,2025-08
484,customer9,861641102,48.0,1577510,07/06/1404,8,75720480,2025-08-29,Friday,4,2025-08
485,customer83,809,3.0,3407690,12/06/1404,1,10223070,2025-09-03,Wednesday,2,2025-09
485,customer83,821,1.0,8796590,12/06/1404,2,8796590,2025-09-03,Wednesday,2,2025-09
485,customer83,840,3.0,8899660,12/06/1404,3,26698980,2025-09-03,Wednesday,2,2025-09
485,customer83,879516009,45.0,721000,12/06/1404,4,32445000,2025-09-03,Wednesday,2,2025-09
486,customer14,323095,2.0,20378160,12/06/1404,1,40756320,2025-09-03,Wednesday,2,2025-09
487,customer109,861645209,12.0,3653870,13/06/1404,1,43846440,2025-09-04,Thursday,3,2025-09
487,customer109,861645205,45.0,2081640,13/06/1404,2,93673800,2025-09-04,Thursday,3,2025-09
487,customer109,861645201,65.0,1531860,13/06/1404,3,99570900,2025-09-04,Thursday,3,2025-09
487,customer109,855321905,6.0,266860,13/06/1404,4,1601160,2025-09-04,Thursday,3,2025-09
487,customer109,855321901,40.0,195140,13/06/1404,5,7805600,2025-09-04,Thursday,3,2025-09
487,customer109,855321909,10.0,466400,13/06/1404,6,4664000,2025-09-04,Thursday,3,2025-09
488,customer32,855121102,25.0,511500,12/06/1404,1,12787500,2025-09-03,Wednesday,2,2025-09
488,customer32,807211125,800.0,16830,12/06/1404,2,13464000,2025-09-03,Wednesday,2,2025-09
488,customer32,855341201,160.0,642510,12/06/1404,3,102801600,2025-09-03,Wednesday,2,2025-09
488,customer32,855341317,80.0,767800,12/06/1404,4,61424000,2025-09-03,Wednesday,2,2025-09
488,customer32,855311135,2.0,10818500,12/06/1404,5,21637000,2025-09-03,Wednesday,2,2025-09
488,customer32,855121908,2.0,2045010,12/06/1404,6,4090020,2025-09-03,Wednesday,2,2025-09
488,customer32,855121906,2.0,1011340,12/06/1404,7,2022680,2025-09-03,Wednesday,2,2025-09
488,customer32,855212402,32.0,1578060,12/06/1404,8,50497920,2025-09-03,Wednesday,2,2025-09
488,customer32,861641102,27.0,1577510,12/06/1404,9,42592770,2025-09-03,Wednesday,2,2025-09
488,customer32,855121232,2.0,993410,12/06/1404,10,1986820,2025-09-03,Wednesday,2,2025-09
488,customer32,323045,1.0,11620290,12/06/1404,11,11620290,2025-09-03,Wednesday,2,2025-09
488,customer32,807311119,15.0,276210,12/06/1404,12,4143150,2025-09-03,Wednesday,2,2025-09
488,customer32,807311125,10.0,340890,12/06/1404,13,3408900,2025-09-03,Wednesday,2,2025-09
488,customer32,855121244,2.0,1708190,12/06/1404,14,3416380,2025-09-03,Wednesday,2,2025-09
488,customer32,813121025,100.0,1075690,12/06/1404,15,107569000,2025-09-03,Wednesday,2,2025-09
488,customer32,813121020,150.0,635690,12/06/1404,16,95353500,2025-09-03,Wednesday,2,2025-09
488,customer32,813121016,400.0,360690,12/06/1404,17,144276000,2025-09-03,Wednesday,2,2025-09
488,customer32,855121142,2.0,996930,12/06/1404,18,1993860,2025-09-03,Wednesday,2,2025-09
488,customer32,855321209,40.0,43010,12/06/1404,19,1720400,2025-09-03,Wednesday,2,2025-09
488,customer32,855212410,2.0,2916540,12/06/1404,20,5833080,2025-09-03,Wednesday,2,2025-09
488,customer32,855311238,2.0,25066360,12/06/1404,21,50132720,2025-09-03,Wednesday,2,2025-09
488,customer32,641326,1.0,6328520,12/06/1404,22,6328520,2025-09-03,Wednesday,2,2025-09
488,customer32,855211310,2.0,2479730,12/06/1404,23,4959460,2025-09-03,Wednesday,2,2025-09
488,customer32,323075,1.0,15999720,12/06/1404,24,15999720,2025-09-03,Wednesday,2,2025-09
488,customer32,855212424,2.0,4609440,12/06/1404,25,9218880,2025-09-03,Wednesday,2,2025-09
488,customer32,855211324,2.0,3487220,12/06/1404,26,6974440,2025-09-03,Wednesday,2,2025-09
488,customer32,855212682,15.0,5812510,12/06/1404,27,87187650,2025-09-03,Wednesday,2,2025-09
488,customer32,855321351,40.0,50930,12/06/1404,28,2037200,2025-09-03,Wednesday,2,2025-09
488,customer32,819161020,560.0,242110,12/06/1404,29,135581600,2025-09-03,Wednesday,2,2025-09
488,customer32,879516127,20.0,5761250,12/06/1404,30,115225000,2025-09-03,Wednesday,2,2025-09
489,customer58,855341113,300.0,585200,12/06/1404,1,175560000,2025-09-03,Wednesday,2,2025-09
489,customer58,855121102,25.0,511500,12/06/1404,2,12787500,2025-09-03,Wednesday,2,2025-09
489,customer58,807311113,125.0,113960,12/06/1404,3,14245000,2025-09-03,Wednesday,2,2025-09
489,customer58,819141032,160.0,783310,12/06/1404,4,125329600,2025-09-03,Wednesday,2,2025-09
489,customer58,819141025,500.0,423940,12/06/1404,5,211970000,2025-09-03,Wednesday,2,2025-09
489,customer58,819141020,700.0,269830,12/06/1404,6,188881000,2025-09-03,Wednesday,2,2025-09
489,customer58,861641102,144.0,1577510,12/06/1404,7,227161440,2025-09-03,Wednesday,2,2025-09
489,customer58,855212402,144.0,1578060,12/06/1404,8,227240640,2025-09-03,Wednesday,2,2025-09
489,customer58,813121016,2000.0,360690,12/06/1404,9,721380000,2025-09-03,Wednesday,2,2025-09
489,customer58,813121025,300.0,1075690,12/06/1404,10,322707000,2025-09-03,Wednesday,2,2025-09
489,customer58,807311119,75.0,276210,12/06/1404,11,20715750,2025-09-03,Wednesday,2,2025-09
489,customer58,163642,96.0,2605020,12/06/1404,12,250081920,2025-09-03,Wednesday,2,2025-09
489,customer58,855311133,15.0,6523110,12/06/1404,13,97846650,2025-09-03,Wednesday,2,2025-09
489,customer58,855211236,24.0,4384600,12/06/1404,14,105230400,2025-09-03,Wednesday,2,2025-09
489,customer58,341213,220.0,795080,12/06/1404,15,174917600,2025-09-03,Wednesday,2,2025-09
490,customer63,48140,100.0,910690,14/06/1404,1,91069000,2025-09-05,Friday,4,2025-09
494,customer63,129,1.0,2100000,16/06/1404,1,2100000,2025-09-07,Sunday,6,2025-09
494,customer63,855121102,1.0,611050,16/06/1404,2,611050,2025-09-07,Sunday,6,2025-09
494,customer63,813121020,1.0,693000,16/06/1404,3,693000,2025-09-07,Sunday,6,2025-09
494,customer63,855211112,1.0,1765610,16/06/1404,4,1765610,2025-09-07,Sunday,6,2025-09
494,customer63,855213410,1.0,4325750,16/06/1404,5,4325750,2025-09-07,Sunday,6,2025-09
494,customer63,855121502,1.0,2015750,16/06/1404,6,2015750,2025-09-07,Sunday,6,2025-09
495,customer12,807261401,10.0,32340,17/06/1404,1,323400,2025-09-08,Monday,0,2025-09
495,customer12,855141504,2.0,2684000,17/06/1404,2,5368000,2025-09-08,Monday,0,2025-09
495,customer12,855162650,2.0,3218930,17/06/1404,3,6437860,2025-09-08,Monday,0,2025-09
495,customer12,371020,30.0,45540,17/06/1404,4,1366200,2025-09-08,Monday,0,2025-09
495,customer12,855211112,1.0,1765610,17/06/1404,5,1765610,2025-09-08,Monday,0,2025-09
495,customer12,807311113,2.0,113960,17/06/1404,6,227920,2025-09-08,Monday,0,2025-09
495,customer12,855141534,1.0,2604690,17/06/1404,7,2604690,2025-09-08,Monday,0,2025-09
495,customer12,855141104,1.0,1867250,17/06/1404,8,1867250,2025-09-08,Monday,0,2025-09
495,customer12,855162410,2.0,1945570,17/06/1404,9,3891140,2025-09-08,Monday,0,2025-09
495,customer12,813121020,20.0,693000,17/06/1404,10,13860000,2025-09-08,Monday,0,2025-09
495,customer12,855162402,1.0,1422080,17/06/1404,11,1422080,2025-09-08,Monday,0,2025-09
496,customer12,879516044,1.0,3500000,17/06/1404,1,3500000,2025-09-08,Monday,0,2025-09
496,customer12,879516154,1.0,47000000,17/06/1404,2,47000000,2025-09-08,Monday,0,2025-09
496,customer12,879516155,1.0,14700000,17/06/1404,3,14700000,2025-09-08,Monday,0,2025-09
496,customer12,879516167,1.0,18000000,17/06/1404,4,18000000,2025-09-08,Monday,0,2025-09
496,customer12,879516058,1.0,18940000,17/06/1404,5,18940000,2025-09-08,Monday,0,2025-09
496,customer12,879516059,1.0,25450000,17/06/1404,6,25450000,2025-09-08,Monday,0,2025-09
496,customer12,879516060,1.0,18650000,17/06/1404,7,18650000,2025-09-08,Monday,0,2025-09
496,customer12,879516192,1.0,32000000,17/06/1404,8,32000000,2025-09-08,Monday,0,2025-09
496,customer12,641754,3.0,1980000,17/06/1404,9,5940000,2025-09-08,Monday,0,2025-09
496,customer12,1003,1.0,68000000,17/06/1404,10,68000000,2025-09-08,Monday,0,2025-09
496,customer12,129,1.0,2300000,17/06/1404,11,2300000,2025-09-08,Monday,0,2025-09
497,customer63,962,6.0,656150,18/06/1404,1,3936900,2025-09-09,Tuesday,1,2025-09
497,customer63,1134,1.0,7620000,18/06/1404,2,7620000,2025-09-09,Tuesday,1,2025-09
497,customer63,1135,3.0,5270000,18/06/1404,3,15810000,2025-09-09,Tuesday,1,2025-09
497,customer63,1136,2.0,4020000,18/06/1404,4,8040000,2025-09-09,Tuesday,1,2025-09
497,customer63,1137,0.0833,8950000,18/06/1404,5,745535,2025-09-09,Tuesday,1,2025-09
497,customer63,1138,2.0,325000,18/06/1404,6,650000,2025-09-09,Tuesday,1,2025-09
497,customer63,1141,1.0,419000,18/06/1404,7,419000,2025-09-09,Tuesday,1,2025-09
497,customer63,1142,5.0,202000,18/06/1404,8,1010000,2025-09-09,Tuesday,1,2025-09
497,customer63,1143,1.0,497000,18/06/1404,9,497000,2025-09-09,Tuesday,1,2025-09
497,customer63,1145,2.0,242000,18/06/1404,10,484000,2025-09-09,Tuesday,1,2025-09
497,customer63,1147,2.0,863000,18/06/1404,11,1726000,2025-09-09,Tuesday,1,2025-09
497,customer63,1148,3.0,424000,18/06/1404,12,1272000,2025-09-09,Tuesday,1,2025-09
497,customer63,1149,1.0,659000,18/06/1404,13,659000,2025-09-09,Tuesday,1,2025-09
497,customer63,1150,3.0,356000,18/06/1404,14,1068000,2025-09-09,Tuesday,1,2025-09
497,customer63,1151,1.0,1167000,18/06/1404,15,1167000,2025-09-09,Tuesday,1,2025-09
498,customer63,819141020,20.0,269830,18/06/1404,1,5396600,2025-09-09,Tuesday,1,2025-09
498,customer63,855341301,5.0,463210,18/06/1404,2,2316050,2025-09-09,Tuesday,1,2025-09
498,customer63,861645155,2.0,2684990,18/06/1404,3,5369980,2025-09-09,Tuesday,1,2025-09
498,customer63,855321305,9.0,68860,18/06/1404,4,619740,2025-09-09,Tuesday,1,2025-09
498,customer63,855341801,1.0,2118050,18/06/1404,5,2118050,2025-09-09,Tuesday,1,2025-09
498,customer63,855341701,3.0,486090,18/06/1404,6,1458270,2025-09-09,Tuesday,1,2025-09
498,customer63,855321201,8.0,30360,18/06/1404,7,242880,2025-09-09,Tuesday,1,2025-09
498,customer63,855321605,13.0,75570,18/06/1404,8,982410,2025-09-09,Tuesday,1,2025-09
498,customer63,855321371,8.0,67210,18/06/1404,9,537680,2025-09-09,Tuesday,1,2025-09
499,customer7,1249,50.0,455000,18/06/1404,1,22750000,2025-09-09,Tuesday,1,2025-09
499,customer7,1271,50.0,141000,18/06/1404,2,7050000,2025-09-09,Tuesday,1,2025-09
499,customer7,1144,48.0,707000,18/06/1404,3,33936000,2025-09-09,Tuesday,1,2025-09
499,customer7,1136,20.0,4020000,18/06/1404,4,80400000,2025-09-09,Tuesday,1,2025-09
499,customer7,1134,20.0,7620000,18/06/1404,5,152400000,2025-09-09,Tuesday,1,2025-09
499,customer7,1141,100.0,419000,18/06/1404,6,41900000,2025-09-09,Tuesday,1,2025-09
499,customer7,1140,60.0,544000,18/06/1404,7,32640000,2025-09-09,Tuesday,1,2025-09
500,customer7,855341201,20.0,727980,18/06/1404,1,14559600,2025-09-09,Tuesday,1,2025-09
500,customer7,855321105,250.0,40480,18/06/1404,2,10120000,2025-09-09,Tuesday,1,2025-09
501,customer107,1264,2.0,13570000,19/06/1404,1,27140000,2025-09-10,Wednesday,2,2025-09
502,customer113,879516066,1.0,42160000,20/06/1404,1,42160000,2025-09-11,Thursday,3,2025-09
502,customer113,879516183,2.0,31250000,20/06/1404,2,62500000,2025-09-11,Thursday,3,2025-09
503,customer113,807261401,10.0,32340,20/06/1404,1,323400,2025-09-11,Thursday,3,2025-09
503,customer113,855321605,6.0,75570,20/06/1404,2,453420,2025-09-11,Thursday,3,2025-09
503,customer113,855212402,10.0,1877370,20/06/1404,3,18773700,2025-09-11,Thursday,3,2025-09
503,customer113,807311119,1.0,276210,20/06/1404,4,276210,2025-09-11,Thursday,3,2025-09
503,customer113,855321301,15.0,43780,20/06/1404,5,656700,2025-09-11,Thursday,3,2025-09
503,customer113,855341401,2.0,1061280,20/06/1404,6,2122560,2025-09-11,Thursday,3,2025-09
503,customer113,855341101,6.0,443190,20/06/1404,7,2659140,2025-09-11,Thursday,3,2025-09
503,customer113,819121020,20.0,323620,20/06/1404,8,6472400,2025-09-11,Thursday,3,2025-09
503,customer113,819121025,28.0,504460,20/06/1404,9,14124880,2025-09-11,Thursday,3,2025-09
503,customer113,371016,50.0,35970,20/06/1404,10,1798500,2025-09-11,Thursday,3,2025-09
503,customer113,855211102,6.0,1295030,20/06/1404,11,7770180,2025-09-11,Thursday,3,2025-09
503,customer113,807261405,2.0,61490,20/06/1404,12,122980,2025-09-11,Thursday,3,2025-09
504,customer113,879259,3.0,121000,20/06/1404,1,363000,2025-09-11,Thursday,3,2025-09
504,customer113,1272,3.0,257000,20/06/1404,2,771000,2025-09-11,Thursday,3,2025-09
504,customer113,1141,10.0,419000,20/06/1404,3,4190000,2025-09-11,Thursday,3,2025-09
504,customer113,1142,7.0,202000,20/06/1404,4,1414000,2025-09-11,Thursday,3,2025-09
504,customer113,1140,4.0,544000,20/06/1404,5,2176000,2025-09-11,Thursday,3,2025-09
504,customer113,1150,3.0,356000,20/06/1404,6,1068000,2025-09-11,Thursday,3,2025-09
504,customer113,1148,1.0,424000,20/06/1404,7,424000,2025-09-11,Thursday,3,2025-09
504,customer113,1264,2.0,13570000,20/06/1404,8,27140000,2025-09-11,Thursday,3,2025-09
504,customer113,1266,1.0,7290000,20/06/1404,9,7290000,2025-09-11,Thursday,3,2025-09
504,customer113,1271,7.0,141000,20/06/1404,10,987000,2025-09-11,Thursday,3,2025-09
504,customer113,962,5.0,656150,20/06/1404,11,3280750,2025-09-11,Thursday,3,2025-09
505,customer18,879411205,211.0,391270,20/06/1404,1,82557970,2025-09-11,Thursday,3,2025-09
505,customer18,400,200.0,350000,20/06/1404,2,70000000,2025-09-11,Thursday,3,2025-09
506,customer43,879272,400.0,140800,20/06/1404,1,56320000,2025-09-11,Thursday,3,2025-09
506,customer43,48080,300.0,259050,20/06/1404,2,77715000,2025-09-11,Thursday,3,2025-09
506,customer43,1426,400.0,197340,20/06/1404,3,78936000,2025-09-11,Thursday,3,2025-09
507,customer17,813121016,48.0,392700,20/06/1404,1,18849600,2025-09-11,Thursday,3,2025-09
508,customer44,163,2.0,900000,20/06/1404,1,1800000,2025-09-11,Thursday,3,2025-09
508,customer44,855121180,2.0,458700,20/06/1404,2,917400,2025-09-11,Thursday,3,2025-09
508,customer44,879516055,2.0,1900000,20/06/1404,3,3800000,2025-09-11,Thursday,3,2025-09
509,customer6,879516055,2.0,1900000,20/06/1404,1,3800000,2025-09-11,Thursday,3,2025-09
509,customer6,879516085,2.0,45600000,20/06/1404,2,91200000,2025-09-11,Thursday,3,2025-09
509,customer6,879516086,2.0,63400000,20/06/1404,3,126800000,2025-09-11,Thursday,3,2025-09
509,customer6,717,2.0,166000000,20/06/1404,4,332000000,2025-09-11,Thursday,3,2025-09
509,customer6,73,2.0,66200000,20/06/1404,5,132400000,2025-09-11,Thursday,3,2025-09
510,customer44,366,2.0,900000,29/05/1404,1,1800000,2025-08-20,Wednesday,2,2025-08
511,customer13,879516132,1.0,58260000,28/05/1404,1,58260000,2025-08-19,Tuesday,1,2025-08
511,customer13,879516133,1.0,46780000,28/05/1404,2,46780000,2025-08-19,Tuesday,1,2025-08
511,customer13,879516134,1.0,62190000,28/05/1404,3,62190000,2025-08-19,Tuesday,1,2025-08
511,customer13,879516135,1.0,57480000,28/05/1404,4,57480000,2025-08-19,Tuesday,1,2025-08
511,customer13,879516062,1.0,74830000,28/05/1404,5,74830000,2025-08-19,Tuesday,1,2025-08
511,customer13,879516063,1.0,70280000,28/05/1404,6,70280000,2025-08-19,Tuesday,1,2025-08
511,customer13,879516197,1.0,74450000,28/05/1404,7,74450000,2025-08-19,Tuesday,1,2025-08
512,customer13,855341805,3.0,2637800,21/06/1404,1,7913400,2025-09-12,Friday,4,2025-09
512,customer13,855321305,10.0,68860,21/06/1404,2,688600,2025-09-12,Friday,4,2025-09
512,customer13,855321505,10.0,86790,21/06/1404,3,867900,2025-09-12,Friday,4,2025-09
513,customer1,855321101,50.0,32890,10/06/1404,1,1644500,2025-09-01,Monday,0,2025-09
513,customer1,855321501,50.0,61270,10/06/1404,2,3063500,2025-09-01,Monday,0,2025-09
514,customer96,855212402,2.0,1578060,05/06/1404,1,3156120,2025-08-27,Wednesday,2,2025-08
514,customer96,163642,3.0,2605020,05/06/1404,2,7815060,2025-08-27,Wednesday,2,2025-08
515,customer96,807261401,30.0,32340,18/05/1404,1,970200,2025-08-09,Saturday,5,2025-08
516,customer1,819141025,40.0,423940,21/06/1404,1,16957600,2025-09-12,Friday,4,2025-09
517,customer96,855341201,12.0,727980,22/06/1404,1,8735760,2025-09-13,Saturday,5,2025-09
518,customer63,962,3.0,656150,23/06/1404,1,1968450,2025-09-14,Sunday,6,2025-09
518,customer63,1137,0.0833,8950000,23/06/1404,2,745535,2025-09-14,Sunday,6,2025-09
518,customer63,1141,11.0,419000,23/06/1404,3,4609000,2025-09-14,Sunday,6,2025-09
518,customer63,1249,1.0,455000,23/06/1404,4,455000,2025-09-14,Sunday,6,2025-09
518,customer63,1265,5.0,4020000,23/06/1404,5,20100000,2025-09-14,Sunday,6,2025-09
518,customer63,879114,1.0,555000,23/06/1404,6,555000,2025-09-14,Sunday,6,2025-09
519,customer63,830,4.0,1567720,25/06/1404,1,6270880,2025-09-16,Tuesday,1,2025-09
519,customer63,829,4.0,665170,25/06/1404,2,2660680,2025-09-16,Tuesday,1,2025-09
519,customer63,840,6.0,9348240,25/06/1404,3,56089440,2025-09-16,Tuesday,1,2025-09
519,customer63,836,6.0,6600550,25/06/1404,4,39603300,2025-09-16,Tuesday,1,2025-09
519,customer63,851,5.0,515020,25/06/1404,5,2575100,2025-09-16,Tuesday,1,2025-09
519,customer63,862,5.0,1073710,25/06/1404,6,5368550,2025-09-16,Tuesday,1,2025-09
519,customer63,863,4.0,1243000,25/06/1404,7,4972000,2025-09-16,Tuesday,1,2025-09
519,customer63,871,3.0,1263900,25/06/1404,8,3791700,2025-09-16,Tuesday,1,2025-09
519,customer63,874,1.0,2056450,25/06/1404,9,2056450,2025-09-16,Tuesday,1,2025-09
519,customer63,888,1.0,6832760,25/06/1404,10,6832760,2025-09-16,Tuesday,1,2025-09
519,customer63,928,3.0,2346300,25/06/1404,11,7038900,2025-09-16,Tuesday,1,2025-09
519,customer63,944,3.0,1056220,25/06/1404,12,3168660,2025-09-16,Tuesday,1,2025-09
521,customer63,855321505,1.0,88550,25/06/1404,1,88550,2025-09-16,Tuesday,1,2025-09
521,customer63,855341805,1.0,2637800,25/06/1404,2,2637800,2025-09-16,Tuesday,1,2025-09
521,customer63,855341113,1.0,658020,25/06/1404,3,658020,2025-09-16,Tuesday,1,2025-09
521,customer63,855121104,3.0,1200000,25/06/1404,4,3600000,2025-09-16,Tuesday,1,2025-09
521,customer63,855341201,2.0,2996620,25/06/1404,5,5993240,2025-09-16,Tuesday,1,2025-09
521,customer63,521,1.0,5220000,25/06/1404,6,5220000,2025-09-16,Tuesday,1,2025-09
521,customer63,807211121,2.0,17930,25/06/1404,7,35860,2025-09-16,Tuesday,1,2025-09
521,customer63,121234,2.0,1800000,25/06/1404,8,3600000,2025-09-16,Tuesday,1,2025-09
521,customer63,879516054,1.0,1900000,25/06/1404,9,1900000,2025-09-16,Tuesday,1,2025-09
522,customer12,879259,6.0,121000,26/06/1404,1,726000,2025-09-17,Wednesday,2,2025-09
522,customer12,879243,10.0,617000,26/06/1404,2,6170000,2025-09-17,Wednesday,2,2025-09
522,customer12,879244,4.0,429000,26/06/1404,3,1716000,2025-09-17,Wednesday,2,2025-09
522,customer12,1272,1.0,257000,26/06/1404,4,257000,2025-09-17,Wednesday,2,2025-09
522,customer12,1273,2.0,330000,26/06/1404,5,660000,2025-09-17,Wednesday,2,2025-09
522,customer12,879239,12.0,241000,26/06/1404,6,2892000,2025-09-17,Wednesday,2,2025-09
522,customer12,879241,1.0,952000,26/06/1404,7,952000,2025-09-17,Wednesday,2,2025-09
522,customer12,879242,1.0,1460000,26/06/1404,8,1460000,2025-09-17,Wednesday,2,2025-09
522,customer12,879101,1.0,1532000,26/06/1404,9,1532000,2025-09-17,Wednesday,2,2025-09
522,customer12,962,7.0,656150,26/06/1404,10,4593050,2025-09-17,Wednesday,2,2025-09
522,customer12,1264,3.0,13570000,26/06/1404,11,40710000,2025-09-17,Wednesday,2,2025-09
522,customer12,1265,2.0,10300000,26/06/1404,12,20600000,2025-09-17,Wednesday,2,2025-09
522,customer12,1266,2.0,7290000,26/06/1404,13,14580000,2025-09-17,Wednesday,2,2025-09
522,customer12,1147,3.0,863000,26/06/1404,14,2589000,2025-09-17,Wednesday,2,2025-09
522,customer12,1148,4.0,424000,26/06/1404,15,1696000,2025-09-17,Wednesday,2,2025-09
522,customer12,1150,3.0,356000,26/06/1404,16,1068000,2025-09-17,Wednesday,2,2025-09
522,customer12,1151,1.0,1167000,26/06/1404,17,1167000,2025-09-17,Wednesday,2,2025-09
522,customer12,1156,2.0,732000,26/06/1404,18,1464000,2025-09-17,Wednesday,2,2025-09
522,customer12,1153,1.0,329000,26/06/1404,19,329000,2025-09-17,Wednesday,2,2025-09
522,customer12,1141,6.0,419000,26/06/1404,20,2514000,2025-09-17,Wednesday,2,2025-09
522,customer12,1142,8.0,202000,26/06/1404,21,1616000,2025-09-17,Wednesday,2,2025-09
522,customer12,1140,8.0,544000,26/06/1404,22,4352000,2025-09-17,Wednesday,2,2025-09
522,customer12,1138,3.0,325000,26/06/1404,23,975000,2025-09-17,Wednesday,2,2025-09
522,customer12,879516143,1.0,2261300,26/06/1404,1,2261300,2025-09-17,Wednesday,2,2025-09
522,customer12,641412,3.0,6182550,26/06/1404,2,18547650,2025-09-17,Wednesday,2,2025-09
522,customer12,855162682,6.0,5720990,26/06/1404,3,34325940,2025-09-17,Wednesday,2,2025-09
522,customer12,855162642,2.0,2023010,26/06/1404,4,4046020,2025-09-17,Wednesday,2,2025-09
522,customer12,855121235,3.0,1012330,26/06/1404,5,3036990,2025-09-17,Wednesday,2,2025-09
522,customer12,641202,8.0,2640220,26/06/1404,6,21121760,2025-09-17,Wednesday,2,2025-09
522,customer12,807311113,6.0,113960,26/06/1404,7,683760,2025-09-17,Wednesday,2,2025-09
522,customer12,855121102,2.0,611050,26/06/1404,8,1222100,2025-09-17,Wednesday,2,2025-09
522,customer12,855311134,2.0,10191500,26/06/1404,9,20383000,2025-09-17,Wednesday,2,2025-09
522,customer12,855121906,1.0,1203070,26/06/1404,10,1203070,2025-09-17,Wednesday,2,2025-09
522,customer12,323045,1.0,12782319,26/06/1404,11,12782319,2025-09-17,Wednesday,2,2025-09
522,customer12,807311110,4.0,60500,26/06/1404,12,242000,2025-09-17,Wednesday,2,2025-09
522,customer12,855162410,2.0,1945570,26/06/1404,13,3891140,2025-09-17,Wednesday,2,2025-09
522,customer12,813121020,20.0,693000,26/06/1404,14,13860000,2025-09-17,Wednesday,2,2025-09
522,customer12,813121016,15.0,392700,26/06/1404,15,5890500,2025-09-17,Wednesday,2,2025-09
522,customer12,855162402,7.0,1422080,26/06/1404,16,9954560,2025-09-17,Wednesday,2,2025-09
522,customer12,747,1.0,950000,26/06/1404,747,950000,2025-09-17,Wednesday,2,2025-09
522,customer12,118,4.0,70000,26/06/1404,118,280000,2025-09-17,Wednesday,2,2025-09
522,customer12,417,2.0,1000000,26/06/1404,417,2000000,2025-09-17,Wednesday,2,2025-09
525,customer63,846,5.0,766370,27/06/1404,1,3831850,2025-09-18,Thursday,3,2025-09
525,customer63,847,5.0,1094610,27/06/1404,2,5473050,2025-09-18,Thursday,3,2025-09
525,customer63,858,7.0,392810,27/06/1404,3,2749670,2025-09-18,Thursday,3,2025-09
525,customer63,860,10.0,714010,27/06/1404,4,7140100,2025-09-18,Thursday,3,2025-09
526,customer42,1146,20.0,1190000,27/06/1404,1,23800000,2025-09-18,Thursday,3,2025-09
526,customer42,1145,200.0,242000,27/06/1404,2,48400000,2025-09-18,Thursday,3,2025-09
526,customer42,1155,30.0,1030000,27/06/1404,3,30900000,2025-09-18,Thursday,3,2025-09
526,customer42,1134,30.0,762000,27/06/1404,4,22860000,2025-09-18,Thursday,3,2025-09
526,customer42,1136,30.0,4020000,27/06/1404,5,120600000,2025-09-18,Thursday,3,2025-09
526,customer42,1140,60.0,544000,27/06/1404,6,32640000,2025-09-18,Thursday,3,2025-09
527,customer42,855321505,200.0,88550,27/06/1404,1,17710000,2025-09-18,Thursday,3,2025-09
527,customer42,855321305,300.0,68860,27/06/1404,2,20658000,2025-09-18,Thursday,3,2025-09
527,customer42,855341309,190.0,547470,27/06/1404,3,104019300,2025-09-18,Thursday,3,2025-09
528,customer1,819141020,60.0,269830,27/06/1404,1,16189800,2025-09-18,Thursday,3,2025-09
528,customer1,855341701,2.0,486090,27/06/1404,2,972180,2025-09-18,Thursday,3,2025-09
528,customer1,819161020,20.0,242110,27/06/1404,3,4842200,2025-09-18,Thursday,3,2025-09
529,customer114,962,2.0,656150,28/06/1404,1,1312300,2025-09-19,Friday,4,2025-09
529,customer114,1149,2.0,659000,28/06/1404,2,1318000,2025-09-19,Friday,4,2025-09
529,customer114,1153,1.0,329000,28/06/1404,3,329000,2025-09-19,Friday,4,2025-09
529,customer114,1152,2.0,136000,28/06/1404,4,272000,2025-09-19,Friday,4,2025-09
529,customer114,1146,1.0,1190000,28/06/1404,5,1190000,2025-09-19,Friday,4,2025-09
529,customer114,1140,2.0,544000,28/06/1404,6,1088000,2025-09-19,Friday,4,2025-09
529,customer114,1142,2.0,202000,28/06/1404,7,404000,2025-09-19,Friday,4,2025-09
529,customer114,1141,4.0,419000,28/06/1404,8,1676000,2025-09-19,Friday,4,2025-09
529,customer114,1135,0.5,5270000,28/06/1404,9,2635000,2025-09-19,Friday,4,2025-09
529,customer114,1134,0.666,7620000,28/06/1404,10,5074920,2025-09-19,Friday,4,2025-09
530,customer43,1407,600.0,97130,28/06/1404,1,58278000,2025-09-19,Friday,4,2025-09
531,customer11,819161020,140.0,242110,20/06/1404,1,33895400,2025-09-11,Thursday,3,2025-09
532,customer8,855212402,48.0,1877370,28/06/1404,1,90113760,2025-09-19,Friday,4,2025-09
532,customer8,861641102,48.0,1876600,28/06/1404,2,90076800,2025-09-19,Friday,4,2025-09
532,customer8,163642,32.0,3098920,28/06/1404,3,99165440,2025-09-19,Friday,4,2025-09
533,customer32,855121242,5.0,2267100,28/06/1404,1,11335500,2025-09-19,Friday,4,2025-09
533,customer32,855212402,24.0,1877370,28/06/1404,2,45056880,2025-09-19,Friday,4,2025-09
533,customer32,861641102,48.0,1876600,28/06/1404,3,90076800,2025-09-19,Friday,4,2025-09
533,customer32,807311110,100.0,60500,28/06/1404,4,6050000,2025-09-19,Friday,4,2025-09
533,customer32,323065,1.0,15189372,28/06/1404,5,15189372,2025-09-19,Friday,4,2025-09
533,customer32,813121016,400.0,392700,28/06/1404,6,157080000,2025-09-19,Friday,4,2025-09
533,customer32,855211302,2.0,2496670,28/06/1404,7,4993340,2025-09-19,Friday,4,2025-09
533,customer32,855212424,2.0,5070340,28/06/1404,8,10140680,2025-09-19,Friday,4,2025-09
533,customer32,855211324,2.0,3835920,28/06/1404,9,7671840,2025-09-19,Friday,4,2025-09
534,customer58,855341801,150.0,2118050,28/06/1404,1,317707500,2025-09-19,Friday,4,2025-09
534,customer58,855341309,95.0,547470,28/06/1404,2,52009650,2025-09-19,Friday,4,2025-09
534,customer58,855121102,100.0,611050,28/06/1404,3,61105000,2025-09-19,Friday,4,2025-09
534,customer58,807211125,400.0,16170,28/06/1404,4,6468000,2025-09-19,Friday,4,2025-09
534,customer58,855321501,1700.0,61270,28/06/1404,5,104159000,2025-09-19,Friday,4,2025-09
534,customer58,855321305,450.0,68860,28/06/1404,6,30987000,2025-09-19,Friday,4,2025-09
534,customer58,819141032,320.0,783310,28/06/1404,7,250659200,2025-09-19,Friday,4,2025-09
534,customer58,855311135,10.0,12625910,28/06/1404,8,126259100,2025-09-19,Friday,4,2025-09
534,customer58,855311136,5.0,15148540,28/06/1404,9,75742700,2025-09-19,Friday,4,2025-09
534,customer58,855311134,10.0,10191500,28/06/1404,10,101915000,2025-09-19,Friday,4,2025-09
534,customer58,855121404,20.0,2329030,28/06/1404,11,46580600,2025-09-19,Friday,4,2025-09
534,customer58,855121232,14.0,1092740,28/06/1404,12,15298360,2025-09-19,Friday,4,2025-09
534,customer58,855211424,32.0,3882230,28/06/1404,13,124231360,2025-09-19,Friday,4,2025-09
534,customer58,861645201,65.0,1732060,28/06/1404,14,112583900,2025-09-19,Friday,4,2025-09
534,customer58,855181302,20.0,3049090,28/06/1404,15,60981800,2025-09-19,Friday,4,2025-09
534,customer58,855162402,40.0,1422080,28/06/1404,16,56883200,2025-09-19,Friday,4,2025-09
534,customer58,855121106,12.0,1898160,28/06/1404,17,22777920,2025-09-19,Friday,4,2025-09
534,customer58,855162424,16.0,4580730,28/06/1404,18,73291680,2025-09-19,Friday,4,2025-09
534,customer58,807311110,200.0,60500,28/06/1404,19,12100000,2025-09-19,Friday,4,2025-09
534,customer58,641202,20.0,2640220,28/06/1404,20,52804400,2025-09-19,Friday,4,2025-09
534,customer58,855121235,36.0,1012330,28/06/1404,21,36443880,2025-09-19,Friday,4,2025-09
534,customer58,855162642,16.0,2023010,28/06/1404,22,32368160,2025-09-19,Friday,4,2025-09
534,customer58,855321209,250.0,43010,28/06/1404,23,10752500,2025-09-19,Friday,4,2025-09
534,customer58,855321205,300.0,34430,28/06/1404,24,10329000,2025-09-19,Friday,4,2025-09
534,customer58,323095,5.0,22415976,28/06/1404,25,112079880,2025-09-19,Friday,4,2025-09
535,customer13,879516127,20.0,6337320,28/06/1404,1,126746400,2025-09-19,Friday,4,2025-09
535,customer13,855321601,108.0,75900,28/06/1404,2,8197200,2025-09-19,Friday,4,2025-09
535,customer13,855321605,120.0,75570,28/06/1404,3,9068400,2025-09-19,Friday,4,2025-09
535,customer13,855311135,5.0,12625910,28/06/1404,4,63129550,2025-09-19,Friday,4,2025-09
536,customer31,861645201,20.0,1732060,18/06/1404,1,34641200,2025-09-09,Tuesday,1,2025-09
536,customer31,807211109,600.0,11660,18/06/1404,2,6996000,2025-09-09,Tuesday,1,2025-09
536,customer31,807211113,350.0,20350,18/06/1404,3,7122500,2025-09-09,Tuesday,1,2025-09
536,customer31,855341317,80.0,864820,18/06/1404,4,69185600,2025-09-09,Tuesday,1,2025-09
536,customer31,855321605,240.0,75570,18/06/1404,5,18136800,2025-09-09,Tuesday,1,2025-09
536,customer31,855341301,360.0,463210,18/06/1404,6,166755600,2025-09-09,Tuesday,1,2025-09
536,customer31,819141020,1120.0,269830,18/06/1404,7,302209600,2025-09-09,Tuesday,1,2025-09
536,customer31,819141025,400.0,423940,18/06/1404,8,169576000,2025-09-09,Tuesday,1,2025-09
536,customer31,855341401,30.0,1061280,18/06/1404,9,31838400,2025-09-09,Tuesday,1,2025-09
536,customer31,861645155,35.0,2684990,18/06/1404,10,93974650,2025-09-09,Tuesday,1,2025-09
536,customer31,855321301,1000.0,43780,18/06/1404,11,43780000,2025-09-09,Tuesday,1,2025-09
536,customer31,819141032,80.0,783310,18/06/1404,12,62664800,2025-09-09,Tuesday,1,2025-09
536,customer31,855321101,720.0,32890,18/06/1404,13,23680800,2025-09-09,Tuesday,1,2025-09
536,customer31,855321305,150.0,68860,18/06/1404,14,10329000,2025-09-09,Tuesday,1,2025-09
536,customer31,855321501,340.0,61270,18/06/1404,15,20831800,2025-09-09,Tuesday,1,2025-09
536,customer31,807211125,400.0,16170,18/06/1404,16,6468000,2025-09-09,Tuesday,1,2025-09
536,customer31,855341201,160.0,727980,18/06/1404,17,116476800,2025-09-09,Tuesday,1,2025-09
536,customer31,855341121,10.0,913220,18/06/1404,18,9132200,2025-09-09,Tuesday,1,2025-09
536,customer31,861645151,55.0,1789810,18/06/1404,19,98439550,2025-09-09,Tuesday,1,2025-09
536,customer31,855321741,80.0,196350,18/06/1404,20,15708000,2025-09-09,Tuesday,1,2025-09
536,customer31,855341805,10.0,2996620,18/06/1404,21,29966200,2025-09-09,Tuesday,1,2025-09
536,customer31,855341701,120.0,488290,18/06/1404,22,58594800,2025-09-09,Tuesday,1,2025-09
536,customer31,855341801,40.0,2118050,18/06/1404,23,84722000,2025-09-09,Tuesday,1,2025-09
536,customer31,819121025,300.0,504460,18/06/1404,24,151338000,2025-09-09,Tuesday,1,2025-09
536,customer31,819121020,420.0,323620,18/06/1404,25,135920400,2025-09-09,Tuesday,1,2025-09
536,customer31,819121032,80.0,983840,18/06/1404,26,78707200,2025-09-09,Tuesday,1,2025-09
536,customer31,855321371,180.0,67210,18/06/1404,27,12097800,2025-09-09,Tuesday,1,2025-09
536,customer31,855341221,15.0,1505020,18/06/1404,28,22575300,2025-09-09,Tuesday,1,2025-09
536,customer31,807261401,750.0,32340,18/06/1404,29,24255000,2025-09-09,Tuesday,1,2025-09
537,customer31,813121016,1000.0,392700,18/06/1404,1,392700000,2025-09-09,Tuesday,1,2025-09
537,customer31,813121020,450.0,693000,18/06/1404,2,311850000,2025-09-09,Tuesday,1,2025-09
537,customer31,813121025,300.0,1171940,18/06/1404,3,351582000,2025-09-09,Tuesday,1,2025-09
537,customer31,92632,120.0,1811040,18/06/1404,4,217324800,2025-09-09,Tuesday,1,2025-09
537,customer31,855121244,12.0,1879020,18/06/1404,5,22548240,2025-09-09,Tuesday,1,2025-09
537,customer31,855121242,12.0,2267100,18/06/1404,6,27205200,2025-09-09,Tuesday,1,2025-09
537,customer31,855212402,96.0,1877370,18/06/1404,7,180227520,2025-09-09,Tuesday,1,2025-09
537,customer31,855211424,16.0,3882230,18/06/1404,8,62115680,2025-09-09,Tuesday,1,2025-09
537,customer31,855211436,12.0,6930440,18/06/1404,9,83165280,2025-09-09,Tuesday,1,2025-09
537,customer31,855121232,30.0,1092740,18/06/1404,10,32782200,2025-09-09,Tuesday,1,2025-09
537,customer31,323045,3.0,12782319,18/06/1404,11,38346957,2025-09-09,Tuesday,1,2025-09
537,customer31,861641102,96.0,1876600,18/06/1404,12,180153600,2025-09-09,Tuesday,1,2025-09
537,customer31,855121404,10.0,2329030,18/06/1404,13,23290300,2025-09-09,Tuesday,1,2025-09
537,customer31,855141304,10.0,3446410,18/06/1404,14,34464100,2025-09-09,Tuesday,1,2025-09
537,customer31,855121102,75.0,611050,18/06/1404,15,45828750,2025-09-09,Tuesday,1,2025-09
537,customer31,855121936,10.0,2737130,18/06/1404,16,27371300,2025-09-09,Tuesday,1,2025-09
537,customer31,855181502,12.0,3514390,18/06/1404,17,42172680,2025-09-09,Tuesday,1,2025-09
537,customer31,855211112,32.0,1765610,18/06/1404,18,56499520,2025-09-09,Tuesday,1,2025-09
537,customer31,855213402,10.0,3125430,18/06/1404,19,31254300,2025-09-09,Tuesday,1,2025-09
537,customer31,855211412,12.0,3256770,18/06/1404,20,39081240,2025-09-09,Tuesday,1,2025-09
537,customer31,855212410,40.0,3208260,18/06/1404,21,128330400,2025-09-09,Tuesday,1,2025-09
537,customer31,855311133,5.0,11701250,18/06/1404,22,58506250,2025-09-09,Tuesday,1,2025-09
537,customer31,855213410,40.0,4325750,18/06/1404,23,173030000,2025-09-09,Tuesday,1,2025-09
537,customer31,855181104,20.0,3175370,18/06/1404,24,63507400,2025-09-09,Tuesday,1,2025-09
537,customer31,855311237,4.0,25041720,18/06/1404,25,100166880,2025-09-09,Tuesday,1,2025-09
537,customer31,855211122,20.0,2885960,18/06/1404,26,57719200,2025-09-09,Tuesday,1,2025-09
537,customer31,163642,32.0,3098920,18/06/1404,27,99165440,2025-09-09,Tuesday,1,2025-09
537,customer31,855211210,30.0,1662650,18/06/1404,28,49879500,2025-09-09,Tuesday,1,2025-09
537,customer31,855212650,24.0,4314750,18/06/1404,29,103554000,2025-09-09,Tuesday,1,2025-09
537,customer31,855181102,16.0,2251700,18/06/1404,30,36027200,2025-09-09,Tuesday,1,2025-09
537,customer31,855181508,12.0,11349580,18/06/1404,31,136194960,2025-09-09,Tuesday,1,2025-09
537,customer31,855311236,4.0,21469140,18/06/1404,32,85876560,2025-09-09,Tuesday,1,2025-09
537,customer31,855181504,12.0,5017980,18/06/1404,33,60215760,2025-09-09,Tuesday,1,2025-09
537,customer31,323075,4.0,17599692,18/06/1404,34,70398768,2025-09-09,Tuesday,1,2025-09
537,customer31,855181106,32.0,4718340,18/06/1404,35,150986880,2025-09-09,Tuesday,1,2025-09
537,customer31,855181556,12.0,5354250,18/06/1404,36,64251000,2025-09-09,Tuesday,1,2025-09
537,customer31,855181308,15.0,8638740,18/06/1404,37,129581100,2025-09-09,Tuesday,1,2025-09
537,customer31,855213602,10.0,4065490,18/06/1404,38,40654900,2025-09-09,Tuesday,1,2025-09
537,customer31,181126,24.0,3729550,18/06/1404,39,89509200,2025-09-09,Tuesday,1,2025-09
537,customer31,855181580,20.0,9708930,18/06/1404,40,194178600,2025-09-09,Tuesday,1,2025-09
537,customer31,855121402,15.0,1420870,18/06/1404,41,21313050,2025-09-09,Tuesday,1,2025-09
537,customer31,855121502,10.0,2015750,18/06/1404,42,20157500,2025-09-09,Tuesday,1,2025-09
538,customer56,323095,4.0,22415976,28/06/1404,1,89663904,2025-09-19,Friday,4,2025-09
538,customer56,323045,2.0,12782319,28/06/1404,2,25564638,2025-09-19,Friday,4,2025-09
539,customer63,641522,1.0,3521980,28/06/1404,1,3521980,2025-09-19,Friday,4,2025-09
539,customer63,417,3.0,1000000,28/06/1404,2,3000000,2025-09-19,Friday,4,2025-09
539,customer63,516,1.0,2300000,28/06/1404,3,2300000,2025-09-19,Friday,4,2025-09
539,customer63,611,1.0,600000,28/06/1404,4,600000,2025-09-19,Friday,4,2025-09
539,customer63,1080,1.0,17000000,28/06/1404,5,17000000,2025-09-19,Friday,4,2025-09
539,customer63,879148,10.0,500000,28/06/1404,6,5000000,2025-09-19,Friday,4,2025-09
539,customer63,879516044,2.0,3500000,28/06/1404,7,7000000,2025-09-19,Friday,4,2025-09
539,customer63,879516054,4.0,1900000,28/06/1404,8,7600000,2025-09-19,Friday,4,2025-09
539,customer63,879516055,4.0,1900000,28/06/1404,9,7600000,2025-09-19,Friday,4,2025-09
539,customer63,879516056,4.0,1800000,28/06/1404,10,7200000,2025-09-19,Friday,4,2025-09
539,customer63,879516173,1.0,18480000,28/06/1404,11,18480000,2025-09-19,Friday,4,2025-09
540,customer16,879516127,40.0,6337320,29/06/1404,1,253492800,2025-09-20,Saturday,5,2025-09
540,customer16,855121224,20.0,2005520,29/06/1404,2,40110400,2025-09-20,Saturday,5,2025-09
541,customer49,1177,1.0,35000000,29/06/1404,1,35000000,2025-09-20,Saturday,5,2025-09
541,customer49,770,1.0,38994000,29/06/1404,2,38994000,2025-09-20,Saturday,5,2025-09
541,customer49,623,1.0,40200000,29/06/1404,3,40200000,2025-09-20,Saturday,5,2025-09
541,customer49,99,1.0,32469000,29/06/1404,4,32469000,2025-09-20,Saturday,5,2025-09
541,customer49,100,1.0,57516000,29/06/1404,5,57516000,2025-09-20,Saturday,5,2025-09
541,customer49,879516044,1.0,3500000,29/06/1404,6,3500000,2025-09-20,Saturday,5,2025-09
542,customer12,879475531,75.0,2980000,29/06/1404,1,223500000,2025-09-20,Saturday,5,2025-09
542,customer12,807211133,1600.0,2900,29/06/1404,2,4640000,2025-09-20,Saturday,5,2025-09
543,customer1,807211113,40.0,20350,30/06/1404,1,814000,2025-09-21,Sunday,6,2025-09
543,customer1,855321409,20.0,108790,30/06/1404,2,2175800,2025-09-21,Sunday,6,2025-09
543,customer1,819141032,100.0,783310,30/06/1404,3,78331000,2025-09-21,Sunday,6,2025-09
543,customer1,855341345,6.0,950950,30/06/1404,4,5705700,2025-09-21,Sunday,6,2025-09
543,customer1,855341221,4.0,1505020,30/06/1404,5,6020080,2025-09-21,Sunday,6,2025-09
544,customer115,861641624,2.0,3520000,30/06/1404,1,7040000,2025-09-21,Sunday,6,2025-09
544,customer115,641524,2.0,4600000,30/06/1404,2,9200000,2025-09-21,Sunday,6,2025-09
544,customer115,879066,1.0,46000000,30/06/1404,3,46000000,2025-09-21,Sunday,6,2025-09
544,customer115,879044,1.0,9500000,30/06/1404,4,9500000,2025-09-21,Sunday,6,2025-09
544,customer115,879001,1.0,9500000,30/06/1404,5,9500000,2025-09-21,Sunday,6,2025-09
544,customer115,1409,1.0,190000000,30/06/1404,6,190000000,2025-09-21,Sunday,6,2025-09
544,customer115,1285,1.0,335000000,30/06/1404,7,335000000,2025-09-21,Sunday,6,2025-09
544,customer115,879162,2.0,3500000,30/06/1404,8,7000000,2025-09-21,Sunday,6,2025-09
544,customer115,879161,2.0,3200000,30/06/1404,9,6400000,2025-09-21,Sunday,6,2025-09
544,customer115,879181,8.0,56000000,30/06/1404,10,448000000,2025-09-21,Sunday,6,2025-09
544,customer115,879516118,1.0,11500000,30/06/1404,11,11500000,2025-09-21,Sunday,6,2025-09
544,customer115,879516127,8.0,6350000,30/06/1404,12,50800000,2025-09-21,Sunday,6,2025-09
544,customer115,879245,1.0,3000000,30/06/1404,13,3000000,2025-09-21,Sunday,6,2025-09
548,customer63,845,4.0,528990,31/06/1404,1,2115960,2025-09-22,Monday,0,2025-09
548,customer63,858,5.0,392810,31/06/1404,2,1964050,2025-09-22,Monday,0,2025-09
548,customer63,871,2.0,1263900,31/06/1404,3,2527800,2025-09-22,Monday,0,2025-09
548,customer63,928,2.0,2346300,31/06/1404,4,4692600,2025-09-22,Monday,0,2025-09
549,customer58,819141025,500.0,423940,31/06/1404,1,211970000,2025-09-22,Monday,0,2025-09
549,customer58,819141020,2100.0,269830,31/06/1404,2,566643000,2025-09-22,Monday,0,2025-09
549,customer58,813121016,1000.0,392700,31/06/1404,3,392700000,2025-09-22,Monday,0,2025-09
549,customer58,813121020,450.0,693000,31/06/1404,4,311850000,2025-09-22,Monday,0,2025-09
580,customer63,855321321,24.0,242000,19/06/1404,1,5808000,2025-09-10,Wednesday,2,2025-09
580,customer63,1134,5.0,7620000,19/06/1404,2,38100000,2025-09-10,Wednesday,2,2025-09
580,customer63,1136,5.0,4020000,19/06/1404,3,20100000,2025-09-10,Wednesday,2,2025-09
580,customer63,1138,3.0,325000,19/06/1404,4,975000,2025-09-10,Wednesday,2,2025-09
580,customer63,1139,1.0,366000,19/06/1404,5,366000,2025-09-10,Wednesday,2,2025-09
580,customer63,1140,35.0,544000,19/06/1404,6,19040000,2025-09-10,Wednesday,2,2025-09
580,customer63,1141,8.0,419000,19/06/1404,7,3352000,2025-09-10,Wednesday,2,2025-09
580,customer63,1142,30.0,202000,19/06/1404,8,6060000,2025-09-10,Wednesday,2,2025-09
580,customer63,1144,10.0,707000,19/06/1404,9,7070000,2025-09-10,Wednesday,2,2025-09
580,customer63,1146,8.0,1190000,19/06/1404,10,9520000,2025-09-10,Wednesday,2,2025-09
580,customer63,1147,2.0,863000,19/06/1404,11,1726000,2025-09-10,Wednesday,2,2025-09
580,customer63,1148,10.0,424000,19/06/1404,12,4240000,2025-09-10,Wednesday,2,2025-09
580,customer63,1149,10.0,659000,19/06/1404,13,6590000,2025-09-10,Wednesday,2,2025-09
580,customer63,1150,8.0,356000,19/06/1404,14,2848000,2025-09-10,Wednesday,2,2025-09
580,customer63,1151,3.0,1167000,19/06/1404,15,3501000,2025-09-10,Wednesday,2,2025-09
580,customer63,1155,4.0,1030000,19/06/1404,16,4120000,2025-09-10,Wednesday,2,2025-09
580,customer63,1156,2.0,732000,19/06/1404,17,1464000,2025-09-10,Wednesday,2,2025-09
580,customer63,1158,8.0,842000,19/06/1404,18,6736000,2025-09-10,Wednesday,2,2025-09
580,customer63,1159,8.0,1119000,19/06/1404,19,8952000,2025-09-10,Wednesday,2,2025-09
580,customer63,1249,3.0,455000,19/06/1404,20,1365000,2025-09-10,Wednesday,2,2025-09
580,customer63,1264,8.0,13570000,19/06/1404,21,108560000,2025-09-10,Wednesday,2,2025-09
580,customer63,1265,2.0,10300000,19/06/1404,22,20600000,2025-09-10,Wednesday,2,2025-09
580,customer63,1266,5.0,7290000,19/06/1404,23,36450000,2025-09-10,Wednesday,2,2025-09
580,customer63,1267,14.0,380000,19/06/1404,24,5320000,2025-09-10,Wednesday,2,2025-09
580,customer63,1271,3.0,141000,19/06/1404,25,423000,2025-09-10,Wednesday,2,2025-09
580,customer63,1464,1.0,1140000,19/06/1404,26,1140000,2025-09-10,Wednesday,2,2025-09
580,customer63,879104,4.0,764000,19/06/1404,27,3056000,2025-09-10,Wednesday,2,2025-09
644,customer1,819141025,40.0,557700,28/04/1404,1,22308000,2025-07-19,Saturday,5,2025-07
645,customer1,807211113,40.0,24420,29/06/1404,1,976800,2025-09-20,Saturday,5,2025-09
645,customer1,855321409,20.0,131450,29/06/1404,2,2629000,2025-09-20,Saturday,5,2025-09
645,customer1,855341345,6.0,1208900,29/06/1404,3,7253400,2025-09-20,Saturday,5,2025-09
645,customer1,855341221,4.0,1922580,29/06/1404,4,7690320,2025-09-20,Saturday,5,2025-09
645,customer1,819161032,100.0,938190,29/06/1404,5,93819000,2025-09-20,Saturday,5,2025-09
659,customer35,819121032,4.0,1150600,28/04/1404,1,4602400,2025-07-19,Saturday,5,2025-07
670,customer116,164,1.0,6900000,19/05/1404,1,6900000,2025-08-10,Sunday,6,2025-08
